
Running 870 tests using 1 worker

(node:30454) Warning: The 'NO_COLOR' env is ignored due to the 'FORCE_COLOR' env being set.
(Use `node --trace-warnings ...` to show where the warning was created)
  ✓    1 [chromium] › tests/e2e/accepted-production-financials.spec.ts:39:7 › P12 accepted production financials › production item choices stay tenant-scoped and exclude unauthorized partners (107ms)
  ✓    2 [chromium] › tests/e2e/accepted-production-financials.spec.ts:50:7 › P12 accepted production financials › Customer-accepted production converts to one Billable using Customer rate only (276ms)
  ✓    3 [chromium] › tests/e2e/accepted-production-financials.spec.ts:66:7 › P12 accepted production financials › Invoice, cash, payment application, and invoice balance stay in Customer revenue chain (200ms)
  ✓    4 [chromium] › tests/e2e/accepted-production-financials.spec.ts:90:7 › P12 accepted production financials › Partner settlement, Contractor Payable, and pay-when-paid eligibility use Partner rate (533ms)
  ✓    5 [chromium] › tests/e2e/accepted-production-financials.spec.ts:120:7 › P12 accepted production financials › Partner Admin sees own settlement without Customer rate or margin; Foreman and Partner B are denied (52ms)
  ✓    6 [chromium] › tests/e2e/accepted-production-financials.spec.ts:131:7 › P12 accepted production financials › Customer and Partner coil commercial policies are independent and preserve base accepted quantity (263ms)
  ✓    7 [chromium] › tests/e2e/accepted-production-financials.spec.ts:176:7 › P12 accepted production financials › Editing a schedule cannot change an already approved partner rate (120ms)
  ✓    8 [chromium] › tests/e2e/accepted-production-financials.spec.ts:186:7 › P12 accepted production financials › Post-billing Customer QC change creates exception without rewriting issued invoice or Billable (86ms)
  ✓    9 [chromium] › tests/e2e/accepted-production-financials.spec.ts:347:5 › a newer pending customer QC cycle blocks readiness using an older accepted decision (607ms)
  ✓   10 [chromium] › tests/e2e/accepted-production-financials.spec.ts:384:6 › Financial handoff completion safeguards › workflow choices are tenant-scoped; cash retry and duplicate settlement cannot double financial facts (674ms)
  ✓   11 [chromium] › tests/e2e/accepted-production-financials.spec.ts:404:6 › Financial handoff completion safeguards › accepted correction production code controls locked customer rate, preserving original record (434ms)
  ✓   12 [chromium] › tests/e2e/accepted-production-financials.spec.ts:422:5 › targeted reinspection retains unrelated accepted production while unresolved corrected work stays blocked (534ms)
  ✓   13 [chromium] › tests/e2e/accepted-production-financials.spec.ts:464:5 › four-decimal approved rates survive conversion and invoice storage without early rounding (501ms)
  ✓   14 [chromium] › tests/e2e/accepted-production-financials.spec.ts:482:5 › agreement UI approves a reviewed business calendar and shows its history (3.4s)
{"timestamp":"2026-10-06T20:02:02.253Z","category":"Event","message":"event_created","tenantId":"bcdd3d75-4275-4e83-8bf6-5164eee6b450","actorUserId":"36ed2518-d814-46d5-aaae-0642a5b749c7","eventId":"7191a222-9dae-4e96-b08f-5dcecad82cbc","eventType":"passport.receipt_rehearsed","aggregateType":"passport","aggregateId":"e70deaa4-0b4e-4031-b567-ac6e70241f0a"}
{"timestamp":"2026-10-06T20:02:02.261Z","category":"Audit","message":"audit_log_created","tenantId":"bcdd3d75-4275-4e83-8bf6-5164eee6b450","actorUserId":"36ed2518-d814-46d5-aaae-0642a5b749c7","action":"passport.receipt_rehearsed","entityType":"passport_connection","entityId":"e70deaa4-0b4e-4031-b567-ac6e70241f0a"}
{"timestamp":"2026-10-06T20:02:02.296Z","category":"Event","message":"event_created","tenantId":"bcdd3d75-4275-4e83-8bf6-5164eee6b450","actorUserId":"36ed2518-d814-46d5-aaae-0642a5b749c7","eventId":"c42b50d5-16f5-40e8-8f5e-2e832550aeae","eventType":"passport.receipt_rehearsed","aggregateType":"passport","aggregateId":"e70deaa4-0b4e-4031-b567-ac6e70241f0a"}
{"timestamp":"2026-10-06T20:02:02.298Z","category":"Audit","message":"audit_log_created","tenantId":"bcdd3d75-4275-4e83-8bf6-5164eee6b450","actorUserId":"36ed2518-d814-46d5-aaae-0642a5b749c7","action":"passport.receipt_rehearsed","entityType":"passport_connection","entityId":"e70deaa4-0b4e-4031-b567-ac6e70241f0a"}
{"timestamp":"2026-10-06T20:02:02.455Z","category":"Event","message":"event_created","tenantId":"bcdd3d75-4275-4e83-8bf6-5164eee6b450","actorUserId":"36ed2518-d814-46d5-aaae-0642a5b749c7","eventId":"e7b4bc01-3c9e-4deb-8ee6-da783316c44d","eventType":"passport.receipt_rehearsed","aggregateType":"passport","aggregateId":"e70deaa4-0b4e-4031-b567-ac6e70241f0a"}
{"timestamp":"2026-10-06T20:02:02.458Z","category":"Audit","message":"audit_log_created","tenantId":"bcdd3d75-4275-4e83-8bf6-5164eee6b450","actorUserId":"36ed2518-d814-46d5-aaae-0642a5b749c7","action":"passport.receipt_rehearsed","entityType":"passport_connection","entityId":"e70deaa4-0b4e-4031-b567-ac6e70241f0a"}
{"timestamp":"2026-10-06T20:02:02.459Z","category":"Event","message":"event_created","tenantId":"bcdd3d75-4275-4e83-8bf6-5164eee6b450","actorUserId":"36ed2518-d814-46d5-aaae-0642a5b749c7","eventId":"c86237ab-eb07-4bfb-9dd5-50db3c68897f","eventType":"cash_receipt.applied","aggregateType":"cash_receipt","aggregateId":"23315919-f9fe-4325-b9ca-e8657d41765f"}
{"timestamp":"2026-10-06T20:02:02.462Z","category":"Audit","message":"audit_log_created","tenantId":"bcdd3d75-4275-4e83-8bf6-5164eee6b450","actorUserId":"36ed2518-d814-46d5-aaae-0642a5b749c7","action":"cash_receipt.apply","entityType":"cash_receipt","entityId":"23315919-f9fe-4325-b9ca-e8657d41765f"}
{"timestamp":"2026-10-06T20:02:02.465Z","category":"Event","message":"event_created","tenantId":"bcdd3d75-4275-4e83-8bf6-5164eee6b450","actorUserId":"36ed2518-d814-46d5-aaae-0642a5b749c7","eventId":"e11980df-916a-457d-bf4e-4215c8f56fa2","eventType":"invoice.payment_applied","aggregateType":"invoice","aggregateId":"9615b458-d206-40cd-91d3-0fc72eff5c10"}
{"timestamp":"2026-10-06T20:02:02.469Z","category":"Audit","message":"audit_log_created","tenantId":"bcdd3d75-4275-4e83-8bf6-5164eee6b450","actorUserId":"36ed2518-d814-46d5-aaae-0642a5b749c7","action":"invoice.cash_application.update","entityType":"invoice","entityId":"9615b458-d206-40cd-91d3-0fc72eff5c10"}
{"timestamp":"2026-10-06T20:02:02.471Z","category":"Event","message":"event_created","tenantId":"bcdd3d75-4275-4e83-8bf6-5164eee6b450","actorUserId":"36ed2518-d814-46d5-aaae-0642a5b749c7","eventId":"9b65e95a-179a-466e-8449-db0f7c6ed9c5","eventType":"invoice.balance_updated","aggregateType":"invoice","aggregateId":"9615b458-d206-40cd-91d3-0fc72eff5c10"}
{"timestamp":"2026-10-06T20:02:02.474Z","category":"Audit","message":"audit_log_created","tenantId":"bcdd3d75-4275-4e83-8bf6-5164eee6b450","actorUserId":"36ed2518-d814-46d5-aaae-0642a5b749c7","action":"invoice.cash_application.update","entityType":"invoice","entityId":"9615b458-d206-40cd-91d3-0fc72eff5c10"}
{"timestamp":"2026-10-06T20:02:02.476Z","category":"Event","message":"event_created","tenantId":"bcdd3d75-4275-4e83-8bf6-5164eee6b450","actorUserId":"36ed2518-d814-46d5-aaae-0642a5b749c7","eventId":"14681606-28d5-4717-8589-63317dc212f6","eventType":"payment_application.created","aggregateType":"payment_application","aggregateId":"5d38b703-2186-4a36-9c0a-a8cf2d0d3a5b"}
{"timestamp":"2026-10-06T20:02:02.477Z","category":"Audit","message":"audit_log_created","tenantId":"bcdd3d75-4275-4e83-8bf6-5164eee6b450","actorUserId":"36ed2518-d814-46d5-aaae-0642a5b749c7","action":"payment_application.create","entityType":"payment_application","entityId":"5d38b703-2186-4a36-9c0a-a8cf2d0d3a5b"}
{"timestamp":"2026-10-06T20:02:02.479Z","category":"Event","message":"event_created","tenantId":"bcdd3d75-4275-4e83-8bf6-5164eee6b450","actorUserId":"36ed2518-d814-46d5-aaae-0642a5b749c7","eventId":"d2089a06-4e12-430c-adea-8a201d123f92","eventType":"cash_receipt.created","aggregateType":"cash_receipt","aggregateId":"23315919-f9fe-4325-b9ca-e8657d41765f"}
{"timestamp":"2026-10-06T20:02:02.481Z","category":"Audit","message":"audit_log_created","tenantId":"bcdd3d75-4275-4e83-8bf6-5164eee6b450","actorUserId":"36ed2518-d814-46d5-aaae-0642a5b749c7","action":"passport.receipt_created","entityType":"cash_receipt","entityId":"23315919-f9fe-4325-b9ca-e8657d41765f"}
{"timestamp":"2026-10-06T20:02:02.662Z","category":"Event","message":"event_created","tenantId":"bcdd3d75-4275-4e83-8bf6-5164eee6b450","actorUserId":"36ed2518-d814-46d5-aaae-0642a5b749c7","eventId":"c959eabd-0a19-4646-87b5-b36580a5cba4","eventType":"passport.receipt_rehearsed","aggregateType":"passport","aggregateId":"e70deaa4-0b4e-4031-b567-ac6e70241f0a"}
{"timestamp":"2026-10-06T20:02:02.667Z","category":"Audit","message":"audit_log_created","tenantId":"bcdd3d75-4275-4e83-8bf6-5164eee6b450","actorUserId":"36ed2518-d814-46d5-aaae-0642a5b749c7","action":"passport.receipt_rehearsed","entityType":"passport_connection","entityId":"e70deaa4-0b4e-4031-b567-ac6e70241f0a"}
{"timestamp":"2026-10-06T20:02:02.686Z","category":"Event","message":"event_created","tenantId":"bcdd3d75-4275-4e83-8bf6-5164eee6b450","actorUserId":"36ed2518-d814-46d5-aaae-0642a5b749c7","eventId":"ee1c0253-b236-4ce4-a481-c93b284c9a2f","eventType":"passport.receipt_rehearsed","aggregateType":"passport","aggregateId":"e70deaa4-0b4e-4031-b567-ac6e70241f0a"}
{"timestamp":"2026-10-06T20:02:02.690Z","category":"Audit","message":"audit_log_created","tenantId":"bcdd3d75-4275-4e83-8bf6-5164eee6b450","actorUserId":"36ed2518-d814-46d5-aaae-0642a5b749c7","action":"passport.receipt_rehearsed","entityType":"passport_connection","entityId":"e70deaa4-0b4e-4031-b567-ac6e70241f0a"}
{"timestamp":"2026-10-06T20:02:02.830Z","category":"Event","message":"event_created","tenantId":"bcdd3d75-4275-4e83-8bf6-5164eee6b450","actorUserId":"36ed2518-d814-46d5-aaae-0642a5b749c7","eventId":"68569e9a-54b8-47f4-a5a0-1dc430ebd79a","eventType":"passport.receipt_rehearsed","aggregateType":"passport","aggregateId":"e70deaa4-0b4e-4031-b567-ac6e70241f0a"}
{"timestamp":"2026-10-06T20:02:02.833Z","category":"Audit","message":"audit_log_created","tenantId":"bcdd3d75-4275-4e83-8bf6-5164eee6b450","actorUserId":"36ed2518-d814-46d5-aaae-0642a5b749c7","action":"passport.receipt_rehearsed","entityType":"passport_connection","entityId":"e70deaa4-0b4e-4031-b567-ac6e70241f0a"}
{"timestamp":"2026-10-06T20:02:02.834Z","category":"Event","message":"event_created","tenantId":"bcdd3d75-4275-4e83-8bf6-5164eee6b450","actorUserId":"36ed2518-d814-46d5-aaae-0642a5b749c7","eventId":"165d5856-3cce-4a90-9e62-624d99b4465b","eventType":"cash_receipt.applied","aggregateType":"cash_receipt","aggregateId":"ff030114-0cd3-4cc1-ae35-03c880c9a377"}
{"timestamp":"2026-10-06T20:02:02.838Z","category":"Audit","message":"audit_log_created","tenantId":"bcdd3d75-4275-4e83-8bf6-5164eee6b450","actorUserId":"36ed2518-d814-46d5-aaae-0642a5b749c7","action":"cash_receipt.apply","entityType":"cash_receipt","entityId":"ff030114-0cd3-4cc1-ae35-03c880c9a377"}
{"timestamp":"2026-10-06T20:02:02.841Z","category":"Event","message":"event_created","tenantId":"bcdd3d75-4275-4e83-8bf6-5164eee6b450","actorUserId":"36ed2518-d814-46d5-aaae-0642a5b749c7","eventId":"00cd0f45-ef21-436b-bf70-82f6a35f512c","eventType":"invoice.payment_applied","aggregateType":"invoice","aggregateId":"9615b458-d206-40cd-91d3-0fc72eff5c10"}
{"timestamp":"2026-10-06T20:02:02.845Z","category":"Audit","message":"audit_log_created","tenantId":"bcdd3d75-4275-4e83-8bf6-5164eee6b450","actorUserId":"36ed2518-d814-46d5-aaae-0642a5b749c7","action":"invoice.cash_application.update","entityType":"invoice","entityId":"9615b458-d206-40cd-91d3-0fc72eff5c10"}
{"timestamp":"2026-10-06T20:02:02.850Z","category":"Event","message":"event_created","tenantId":"bcdd3d75-4275-4e83-8bf6-5164eee6b450","actorUserId":"36ed2518-d814-46d5-aaae-0642a5b749c7","eventId":"410b3bbc-967c-47b7-bb2d-d1df675b2dcb","eventType":"invoice.balance_updated","aggregateType":"invoice","aggregateId":"9615b458-d206-40cd-91d3-0fc72eff5c10"}
{"timestamp":"2026-10-06T20:02:02.853Z","category":"Audit","message":"audit_log_created","tenantId":"bcdd3d75-4275-4e83-8bf6-5164eee6b450","actorUserId":"36ed2518-d814-46d5-aaae-0642a5b749c7","action":"invoice.cash_application.update","entityType":"invoice","entityId":"9615b458-d206-40cd-91d3-0fc72eff5c10"}
{"timestamp":"2026-10-06T20:02:02.856Z","category":"Event","message":"event_created","tenantId":"bcdd3d75-4275-4e83-8bf6-5164eee6b450","actorUserId":"36ed2518-d814-46d5-aaae-0642a5b749c7","eventId":"e5f2d601-03a7-458a-a71d-0dbd0e7fac7c","eventType":"payment_application.created","aggregateType":"payment_application","aggregateId":"b2f7cc43-894f-4380-96e9-5eb4051ad49f"}
{"timestamp":"2026-10-06T20:02:02.860Z","category":"Audit","message":"audit_log_created","tenantId":"bcdd3d75-4275-4e83-8bf6-5164eee6b450","actorUserId":"36ed2518-d814-46d5-aaae-0642a5b749c7","action":"payment_application.create","entityType":"payment_application","entityId":"b2f7cc43-894f-4380-96e9-5eb4051ad49f"}
{"timestamp":"2026-10-06T20:02:02.861Z","category":"Event","message":"event_created","tenantId":"bcdd3d75-4275-4e83-8bf6-5164eee6b450","actorUserId":"36ed2518-d814-46d5-aaae-0642a5b749c7","eventId":"f0146c50-b93b-4c71-957a-d3cc6085ec78","eventType":"cash_receipt.created","aggregateType":"cash_receipt","aggregateId":"ff030114-0cd3-4cc1-ae35-03c880c9a377"}
{"timestamp":"2026-10-06T20:02:02.863Z","category":"Audit","message":"audit_log_created","tenantId":"bcdd3d75-4275-4e83-8bf6-5164eee6b450","actorUserId":"36ed2518-d814-46d5-aaae-0642a5b749c7","action":"passport.receipt_created","entityType":"cash_receipt","entityId":"ff030114-0cd3-4cc1-ae35-03c880c9a377"}
  ✓   15 [chromium] › tests/e2e/accepted-production-financials.spec.ts:507:5 › prepared customer receipts post once, retain partial balances and send overpayments and reversals to review (2.8s)
  ✓   16 [chromium] › tests/e2e/account-onboarding-visibility.spec.ts:6:5 › saved profiles do not hide newly identified accounts (1.8s)
  ✓   17 [chromium] › tests/e2e/action-states/action-state-boundaries.spec.ts:33:9 › Action-state boundaries — open/cancel must not mutate forbidden tables › [Production] prodDraft: cancel does not mutate forbidden tables (2.7s)
  ✓   18 [chromium] › tests/e2e/action-states/action-state-boundaries.spec.ts:33:9 › Action-state boundaries — open/cancel must not mutate forbidden tables › [Production] prodSubmitted: cancel does not mutate forbidden tables (2.5s)
  ✓   19 [chromium] › tests/e2e/action-states/action-state-boundaries.spec.ts:33:9 › Action-state boundaries — open/cancel must not mutate forbidden tables › [Production] prodUnderReview: cancel does not mutate forbidden tables (2.6s)
  ✓   20 [chromium] › tests/e2e/action-states/action-state-boundaries.spec.ts:33:9 › Action-state boundaries — open/cancel must not mutate forbidden tables › [Production] prodCorrectionRequested: cancel does not mutate forbidden tables (2.8s)
  ✓   21 [chromium] › tests/e2e/action-states/action-state-boundaries.spec.ts:33:9 › Action-state boundaries — open/cancel must not mutate forbidden tables › [Production] prodApprovedNotMarked: cancel does not mutate forbidden tables (2.7s)
  ✓   22 [chromium] › tests/e2e/action-states/action-state-boundaries.spec.ts:33:9 › Action-state boundaries — open/cancel must not mutate forbidden tables › [Production] prodVoid: cancel does not mutate forbidden tables (3.0s)
  ✓   23 [chromium] › tests/e2e/action-states/action-state-boundaries.spec.ts:33:9 › Action-state boundaries — open/cancel must not mutate forbidden tables › [QC] qcPending: cancel does not mutate forbidden tables (2.5s)
  ✓   24 [chromium] › tests/e2e/action-states/action-state-boundaries.spec.ts:33:9 › Action-state boundaries — open/cancel must not mutate forbidden tables › [QC] qcInReview: cancel does not mutate forbidden tables (2.3s)
  ✓   25 [chromium] › tests/e2e/action-states/action-state-boundaries.spec.ts:33:9 › Action-state boundaries — open/cancel must not mutate forbidden tables › [QC] qcCorrectionRequested: cancel does not mutate forbidden tables (2.4s)
  ✓   26 [chromium] › tests/e2e/action-states/action-state-boundaries.spec.ts:33:9 › Action-state boundaries — open/cancel must not mutate forbidden tables › [QC] qcVoid: cancel does not mutate forbidden tables (2.5s)
  ✓   27 [chromium] › tests/e2e/action-states/action-state-boundaries.spec.ts:33:9 › Action-state boundaries — open/cancel must not mutate forbidden tables › [Billable] billableDraft: cancel does not mutate forbidden tables (2.3s)
  ✓   28 [chromium] › tests/e2e/action-states/action-state-boundaries.spec.ts:33:9 › Action-state boundaries — open/cancel must not mutate forbidden tables › [Billable] billableOnHold: cancel does not mutate forbidden tables (2.6s)
  ✓   29 [chromium] › tests/e2e/action-states/action-state-boundaries.spec.ts:33:9 › Action-state boundaries — open/cancel must not mutate forbidden tables › [Billable] billableDisputed: cancel does not mutate forbidden tables (2.7s)
  ✓   30 [chromium] › tests/e2e/action-states/action-state-boundaries.spec.ts:33:9 › Action-state boundaries — open/cancel must not mutate forbidden tables › [Billable] billableVoid: cancel does not mutate forbidden tables (3.0s)
  ✓   31 [chromium] › tests/e2e/action-states/action-state-boundaries.spec.ts:33:9 › Action-state boundaries — open/cancel must not mutate forbidden tables › [Settlement] settlementDraft: cancel does not mutate forbidden tables (3.2s)
  ✓   32 [chromium] › tests/e2e/action-states/action-state-boundaries.spec.ts:33:9 › Action-state boundaries — open/cancel must not mutate forbidden tables › [Settlement] settlementItemDraft: cancel does not mutate forbidden tables (4.2s)
  ✓   33 [chromium] › tests/e2e/action-states/action-state-boundaries.spec.ts:33:9 › Action-state boundaries — open/cancel must not mutate forbidden tables › [Settlement] settlementUnderReview: cancel does not mutate forbidden tables (3.3s)
  ✓   34 [chromium] › tests/e2e/action-states/action-state-boundaries.spec.ts:33:9 › Action-state boundaries — open/cancel must not mutate forbidden tables › [Settlement] settlementApproved: cancel does not mutate forbidden tables (3.9s)
  ✓   35 [chromium] › tests/e2e/action-states/action-state-boundaries.spec.ts:33:9 › Action-state boundaries — open/cancel must not mutate forbidden tables › [Settlement] settlementDisputed: cancel does not mutate forbidden tables (2.9s)
  ✓   36 [chromium] › tests/e2e/action-states/action-state-boundaries.spec.ts:33:9 › Action-state boundaries — open/cancel must not mutate forbidden tables › [Settlement] settlementVoid: cancel does not mutate forbidden tables (3.3s)
  ✓   37 [chromium] › tests/e2e/action-states/action-state-boundaries.spec.ts:33:9 › Action-state boundaries — open/cancel must not mutate forbidden tables › [Invoice] invoiceDraft: cancel does not mutate forbidden tables (2.5s)
  ✓   38 [chromium] › tests/e2e/action-states/action-state-boundaries.spec.ts:33:9 › Action-state boundaries — open/cancel must not mutate forbidden tables › [Invoice] invoiceItemDraft: cancel does not mutate forbidden tables (2.3s)
  ✓   39 [chromium] › tests/e2e/action-states/action-state-boundaries.spec.ts:33:9 › Action-state boundaries — open/cancel must not mutate forbidden tables › [Invoice] invoiceUnderReview: cancel does not mutate forbidden tables (2.1s)
  ✓   40 [chromium] › tests/e2e/action-states/action-state-boundaries.spec.ts:33:9 › Action-state boundaries — open/cancel must not mutate forbidden tables › [Invoice] invoiceApproved: cancel does not mutate forbidden tables (2.1s)
  ✓   41 [chromium] › tests/e2e/action-states/action-state-boundaries.spec.ts:33:9 › Action-state boundaries — open/cancel must not mutate forbidden tables › [Invoice] invoiceDisputed: cancel does not mutate forbidden tables (2.6s)
  ✓   42 [chromium] › tests/e2e/action-states/action-state-boundaries.spec.ts:33:9 › Action-state boundaries — open/cancel must not mutate forbidden tables › [Invoice] invoiceVoid: cancel does not mutate forbidden tables (2.6s)
  ✓   43 [chromium] › tests/e2e/action-states/action-state-boundaries.spec.ts:33:9 › Action-state boundaries — open/cancel must not mutate forbidden tables › [Cash] cashReceiptUnapplied: cancel does not mutate forbidden tables (1.8s)
  ✓   44 [chromium] › tests/e2e/action-states/action-state-boundaries.spec.ts:33:9 › Action-state boundaries — open/cancel must not mutate forbidden tables › [Cash] cashReceiptVoidTarget: cancel does not mutate forbidden tables (2.0s)
  ✓   45 [chromium] › tests/e2e/action-states/action-state-boundaries.spec.ts:33:9 › Action-state boundaries — open/cancel must not mutate forbidden tables › [Cash] cashReceiptVoid: cancel does not mutate forbidden tables (2.3s)
  ✓   46 [chromium] › tests/e2e/action-states/action-state-boundaries.spec.ts:33:9 › Action-state boundaries — open/cancel must not mutate forbidden tables › [Cash] paymentApplicationApplied: cancel does not mutate forbidden tables (2.4s)
  ✓   47 [chromium] › tests/e2e/action-states/action-state-boundaries.spec.ts:33:9 › Action-state boundaries — open/cancel must not mutate forbidden tables › [Cash] paymentApplicationVoid: cancel does not mutate forbidden tables (2.8s)
  ✓   48 [chromium] › tests/e2e/action-states/action-state-boundaries.spec.ts:33:9 › Action-state boundaries — open/cancel must not mutate forbidden tables › [Collections] collectionCaseOpen: cancel does not mutate forbidden tables (2.5s)
  ✓   49 [chromium] › tests/e2e/action-states/action-state-boundaries.spec.ts:33:9 › Action-state boundaries — open/cancel must not mutate forbidden tables › [Collections] collectionCaseClosed: cancel does not mutate forbidden tables (2.8s)
  ✓   50 [chromium] › tests/e2e/action-states/action-state-boundaries.spec.ts:33:9 › Action-state boundaries — open/cancel must not mutate forbidden tables › [Collections] collectionActionPlanned: cancel does not mutate forbidden tables (2.6s)
  ✓   51 [chromium] › tests/e2e/action-states/action-state-boundaries.spec.ts:33:9 › Action-state boundaries — open/cancel must not mutate forbidden tables › [Collections] collectionActionCompleted: cancel does not mutate forbidden tables (2.6s)
  ✓   52 [chromium] › tests/e2e/action-states/action-state-boundaries.spec.ts:33:9 › Action-state boundaries — open/cancel must not mutate forbidden tables › [Contractor Payable] cpayDraft: cancel does not mutate forbidden tables (8.8s)
  ✓   53 [chromium] › tests/e2e/action-states/action-state-boundaries.spec.ts:33:9 › Action-state boundaries — open/cancel must not mutate forbidden tables › [Contractor Payable] cpayItemDraft: cancel does not mutate forbidden tables (3.2s)
  ✓   54 [chromium] › tests/e2e/action-states/action-state-boundaries.spec.ts:33:9 › Action-state boundaries — open/cancel must not mutate forbidden tables › [Contractor Payable] cpayUnderReview: cancel does not mutate forbidden tables (2.3s)
  ✓   55 [chromium] › tests/e2e/action-states/action-state-boundaries.spec.ts:33:9 › Action-state boundaries — open/cancel must not mutate forbidden tables › [Contractor Payable] cpayApproved: cancel does not mutate forbidden tables (2.0s)
  ✓   56 [chromium] › tests/e2e/action-states/action-state-boundaries.spec.ts:33:9 › Action-state boundaries — open/cancel must not mutate forbidden tables › [Contractor Payable] cpayDisputed: cancel does not mutate forbidden tables (1.7s)
  ✓   57 [chromium] › tests/e2e/action-states/action-state-boundaries.spec.ts:33:9 › Action-state boundaries — open/cancel must not mutate forbidden tables › [Contractor Payable] cpayVoid: cancel does not mutate forbidden tables (1.5s)
  ✓   58 [chromium] › tests/e2e/action-states/action-state-boundaries.spec.ts:33:9 › Action-state boundaries — open/cancel must not mutate forbidden tables › [Payroll] payrollDraft: cancel does not mutate forbidden tables (1.3s)
  ✓   59 [chromium] › tests/e2e/action-states/action-state-boundaries.spec.ts:33:9 › Action-state boundaries — open/cancel must not mutate forbidden tables › [Payroll] payrollItemDraft: cancel does not mutate forbidden tables (1.3s)
  ✓   60 [chromium] › tests/e2e/action-states/action-state-boundaries.spec.ts:33:9 › Action-state boundaries — open/cancel must not mutate forbidden tables › [Payroll] payrollUnderReview: cancel does not mutate forbidden tables (1.3s)
  ✓   61 [chromium] › tests/e2e/action-states/action-state-boundaries.spec.ts:33:9 › Action-state boundaries — open/cancel must not mutate forbidden tables › [Payroll] payrollApproved: cancel does not mutate forbidden tables (1.2s)
  ✓   62 [chromium] › tests/e2e/action-states/action-state-boundaries.spec.ts:33:9 › Action-state boundaries — open/cancel must not mutate forbidden tables › [Payroll] payrollDisputed: cancel does not mutate forbidden tables (1.3s)
  ✓   63 [chromium] › tests/e2e/action-states/action-state-boundaries.spec.ts:33:9 › Action-state boundaries — open/cancel must not mutate forbidden tables › [Payroll] payrollVoid: cancel does not mutate forbidden tables (1.4s)
  ✓   64 [chromium] › tests/e2e/action-states/action-state-boundaries.spec.ts:33:9 › Action-state boundaries — open/cancel must not mutate forbidden tables › [Payment Execution] paymentBatchDraft: cancel does not mutate forbidden tables (1.5s)
  ✓   65 [chromium] › tests/e2e/action-states/action-state-boundaries.spec.ts:33:9 › Action-state boundaries — open/cancel must not mutate forbidden tables › [Payment Execution] paymentItemDraft: cancel does not mutate forbidden tables (1.6s)
  ✓   66 [chromium] › tests/e2e/action-states/action-state-boundaries.spec.ts:33:9 › Action-state boundaries — open/cancel must not mutate forbidden tables › [Payment Execution] paymentBatchUnderReview: cancel does not mutate forbidden tables (2.3s)
  ✓   67 [chromium] › tests/e2e/action-states/action-state-boundaries.spec.ts:33:9 › Action-state boundaries — open/cancel must not mutate forbidden tables › [Payment Execution] paymentBatchApproved: cancel does not mutate forbidden tables (2.7s)
  ✓   68 [chromium] › tests/e2e/action-states/action-state-boundaries.spec.ts:33:9 › Action-state boundaries — open/cancel must not mutate forbidden tables › [Payment Execution] paymentBatchScheduled: cancel does not mutate forbidden tables (1.9s)
  ✓   69 [chromium] › tests/e2e/action-states/action-state-boundaries.spec.ts:33:9 › Action-state boundaries — open/cancel must not mutate forbidden tables › [Payment Execution] paymentBatchExecutionSubmitted: cancel does not mutate forbidden tables (2.1s)
  ✓   70 [chromium] › tests/e2e/action-states/action-state-boundaries.spec.ts:33:9 › Action-state boundaries — open/cancel must not mutate forbidden tables › [Payment Execution] paymentBatchVoidTarget: cancel does not mutate forbidden tables (2.3s)
  ✓   71 [chromium] › tests/e2e/action-states/action-state-boundaries.spec.ts:33:9 › Action-state boundaries — open/cancel must not mutate forbidden tables › [Payment Execution] paymentBatchVoid: cancel does not mutate forbidden tables (2.4s)
  ✓   72 [chromium] › tests/e2e/action-states/action-state-boundaries.spec.ts:33:9 › Action-state boundaries — open/cancel must not mutate forbidden tables › [Bank Reconciliation] bankAccountArchivable: cancel does not mutate forbidden tables (1.9s)
  ✓   73 [chromium] › tests/e2e/action-states/action-state-boundaries.spec.ts:33:9 › Action-state boundaries — open/cancel must not mutate forbidden tables › [Bank Reconciliation] bankTxnUnmatchedDebit: cancel does not mutate forbidden tables (2.3s)
  ✓   74 [chromium] › tests/e2e/action-states/action-state-boundaries.spec.ts:33:9 › Action-state boundaries — open/cancel must not mutate forbidden tables › [Bank Reconciliation] bankTxnUnmatchedCredit: cancel does not mutate forbidden tables (2.1s)
  ✓   75 [chromium] › tests/e2e/action-states/action-state-boundaries.spec.ts:33:9 › Action-state boundaries — open/cancel must not mutate forbidden tables › [Bank Reconciliation] bankTxnExceptionNone: cancel does not mutate forbidden tables (1.6s)
  ✓   76 [chromium] › tests/e2e/action-states/action-state-boundaries.spec.ts:33:9 › Action-state boundaries — open/cancel must not mutate forbidden tables › [Bank Reconciliation] bankTxnExceptionOpen: cancel does not mutate forbidden tables (1.3s)
  ✓   77 [chromium] › tests/e2e/action-states/action-state-boundaries.spec.ts:33:9 › Action-state boundaries — open/cancel must not mutate forbidden tables › [Bank Reconciliation] bankTxnIgnorable: cancel does not mutate forbidden tables (2.2s)
  ✓   78 [chromium] › tests/e2e/action-states/action-state-boundaries.spec.ts:33:9 › Action-state boundaries — open/cancel must not mutate forbidden tables › [Bank Reconciliation] reconMatchProposed: cancel does not mutate forbidden tables (1.5s)
  ✓   79 [chromium] › tests/e2e/action-states/action-state-boundaries.spec.ts:33:9 › Action-state boundaries — open/cancel must not mutate forbidden tables › [Accounting Export] aexDraft: cancel does not mutate forbidden tables (1.7s)
  ✓   80 [chromium] › tests/e2e/action-states/action-state-boundaries.spec.ts:33:9 › Action-state boundaries — open/cancel must not mutate forbidden tables › [Accounting Export] aexItemDraft: cancel does not mutate forbidden tables (1.5s)
  ✓   81 [chromium] › tests/e2e/action-states/action-state-boundaries.spec.ts:33:9 › Action-state boundaries — open/cancel must not mutate forbidden tables › [Accounting Export] aexGenerated: cancel does not mutate forbidden tables (1.6s)
  ✓   82 [chromium] › tests/e2e/action-states/action-state-boundaries.spec.ts:33:9 › Action-state boundaries — open/cancel must not mutate forbidden tables › [Accounting Export] aexUnderReview: cancel does not mutate forbidden tables (1.5s)
  ✓   83 [chromium] › tests/e2e/action-states/action-state-boundaries.spec.ts:33:9 › Action-state boundaries — open/cancel must not mutate forbidden tables › [Accounting Export] aexSubmitted: cancel does not mutate forbidden tables (1.4s)
  ✓   84 [chromium] › tests/e2e/action-states/action-state-boundaries.spec.ts:33:9 › Action-state boundaries — open/cancel must not mutate forbidden tables › [Accounting Export] aexCancelable: cancel does not mutate forbidden tables (1.2s)
  ✓   85 [chromium] › tests/e2e/action-states/action-state-modals.spec.ts:25:9 › Action-state modals — open, inspect, cancel › [Production] prodDraft: modal opens and cancels cleanly (1.5s)
  ✓   86 [chromium] › tests/e2e/action-states/action-state-modals.spec.ts:25:9 › Action-state modals — open, inspect, cancel › [Production] prodSubmitted: modal opens and cancels cleanly (1.4s)
  ✓   87 [chromium] › tests/e2e/action-states/action-state-modals.spec.ts:25:9 › Action-state modals — open, inspect, cancel › [Production] prodUnderReview: modal opens and cancels cleanly (1.3s)
  ✓   88 [chromium] › tests/e2e/action-states/action-state-modals.spec.ts:25:9 › Action-state modals — open, inspect, cancel › [Production] prodCorrectionRequested: modal opens and cancels cleanly (1.2s)
  ✓   89 [chromium] › tests/e2e/action-states/action-state-modals.spec.ts:25:9 › Action-state modals — open, inspect, cancel › [Production] prodApprovedNotMarked: modal opens and cancels cleanly (1.4s)
  ✓   90 [chromium] › tests/e2e/action-states/action-state-modals.spec.ts:25:9 › Action-state modals — open, inspect, cancel › [Production] prodVoid: modal opens and cancels cleanly (1.6s)
  ✓   91 [chromium] › tests/e2e/action-states/action-state-modals.spec.ts:25:9 › Action-state modals — open, inspect, cancel › [QC] qcPending: modal opens and cancels cleanly (1.4s)
  ✓   92 [chromium] › tests/e2e/action-states/action-state-modals.spec.ts:25:9 › Action-state modals — open, inspect, cancel › [QC] qcInReview: modal opens and cancels cleanly (1.4s)
  ✓   93 [chromium] › tests/e2e/action-states/action-state-modals.spec.ts:25:9 › Action-state modals — open, inspect, cancel › [QC] qcCorrectionRequested: modal opens and cancels cleanly (1.4s)
  ✓   94 [chromium] › tests/e2e/action-states/action-state-modals.spec.ts:25:9 › Action-state modals — open, inspect, cancel › [QC] qcVoid: modal opens and cancels cleanly (1.5s)
  ✓   95 [chromium] › tests/e2e/action-states/action-state-modals.spec.ts:25:9 › Action-state modals — open, inspect, cancel › [Billable] billableDraft: modal opens and cancels cleanly (1.2s)
  ✓   96 [chromium] › tests/e2e/action-states/action-state-modals.spec.ts:25:9 › Action-state modals — open, inspect, cancel › [Billable] billableOnHold: modal opens and cancels cleanly (1.1s)
  ✓   97 [chromium] › tests/e2e/action-states/action-state-modals.spec.ts:25:9 › Action-state modals — open, inspect, cancel › [Billable] billableDisputed: modal opens and cancels cleanly (1.1s)
  ✓   98 [chromium] › tests/e2e/action-states/action-state-modals.spec.ts:25:9 › Action-state modals — open, inspect, cancel › [Billable] billableVoid: modal opens and cancels cleanly (1.2s)
  ✓   99 [chromium] › tests/e2e/action-states/action-state-modals.spec.ts:25:9 › Action-state modals — open, inspect, cancel › [Settlement] settlementDraft: modal opens and cancels cleanly (1.1s)
  ✓  100 [chromium] › tests/e2e/action-states/action-state-modals.spec.ts:25:9 › Action-state modals — open, inspect, cancel › [Settlement] settlementItemDraft: modal opens and cancels cleanly (1.1s)
  ✓  101 [chromium] › tests/e2e/action-states/action-state-modals.spec.ts:25:9 › Action-state modals — open, inspect, cancel › [Settlement] settlementUnderReview: modal opens and cancels cleanly (1.1s)
  ✓  102 [chromium] › tests/e2e/action-states/action-state-modals.spec.ts:25:9 › Action-state modals — open, inspect, cancel › [Settlement] settlementApproved: modal opens and cancels cleanly (1.1s)
  ✓  103 [chromium] › tests/e2e/action-states/action-state-modals.spec.ts:25:9 › Action-state modals — open, inspect, cancel › [Settlement] settlementDisputed: modal opens and cancels cleanly (1.1s)
  ✓  104 [chromium] › tests/e2e/action-states/action-state-modals.spec.ts:25:9 › Action-state modals — open, inspect, cancel › [Settlement] settlementVoid: modal opens and cancels cleanly (1.3s)
  ✓  105 [chromium] › tests/e2e/action-states/action-state-modals.spec.ts:25:9 › Action-state modals — open, inspect, cancel › [Invoice] invoiceDraft: modal opens and cancels cleanly (1.0s)
  ✓  106 [chromium] › tests/e2e/action-states/action-state-modals.spec.ts:25:9 › Action-state modals — open, inspect, cancel › [Invoice] invoiceItemDraft: modal opens and cancels cleanly (1.0s)
  ✓  107 [chromium] › tests/e2e/action-states/action-state-modals.spec.ts:25:9 › Action-state modals — open, inspect, cancel › [Invoice] invoiceUnderReview: modal opens and cancels cleanly (1.2s)
  ✓  108 [chromium] › tests/e2e/action-states/action-state-modals.spec.ts:25:9 › Action-state modals — open, inspect, cancel › [Invoice] invoiceApproved: modal opens and cancels cleanly (1.8s)
  ✓  109 [chromium] › tests/e2e/action-states/action-state-modals.spec.ts:25:9 › Action-state modals — open, inspect, cancel › [Invoice] invoiceDisputed: modal opens and cancels cleanly (1.6s)
  ✓  110 [chromium] › tests/e2e/action-states/action-state-modals.spec.ts:25:9 › Action-state modals — open, inspect, cancel › [Invoice] invoiceVoid: modal opens and cancels cleanly (1.8s)
  ✓  111 [chromium] › tests/e2e/action-states/action-state-modals.spec.ts:25:9 › Action-state modals — open, inspect, cancel › [Cash] cashReceiptUnapplied: modal opens and cancels cleanly (1.6s)
  ✓  112 [chromium] › tests/e2e/action-states/action-state-modals.spec.ts:25:9 › Action-state modals — open, inspect, cancel › [Cash] cashReceiptVoidTarget: modal opens and cancels cleanly (1.7s)
  ✓  113 [chromium] › tests/e2e/action-states/action-state-modals.spec.ts:25:9 › Action-state modals — open, inspect, cancel › [Cash] cashReceiptVoid: modal opens and cancels cleanly (2.2s)
  ✓  114 [chromium] › tests/e2e/action-states/action-state-modals.spec.ts:25:9 › Action-state modals — open, inspect, cancel › [Cash] paymentApplicationApplied: modal opens and cancels cleanly (2.4s)
  ✓  115 [chromium] › tests/e2e/action-states/action-state-modals.spec.ts:25:9 › Action-state modals — open, inspect, cancel › [Cash] paymentApplicationVoid: modal opens and cancels cleanly (2.3s)
  ✓  116 [chromium] › tests/e2e/action-states/action-state-modals.spec.ts:25:9 › Action-state modals — open, inspect, cancel › [Collections] collectionCaseOpen: modal opens and cancels cleanly (2.0s)
  ✓  117 [chromium] › tests/e2e/action-states/action-state-modals.spec.ts:25:9 › Action-state modals — open, inspect, cancel › [Collections] collectionCaseClosed: modal opens and cancels cleanly (2.1s)
  ✓  118 [chromium] › tests/e2e/action-states/action-state-modals.spec.ts:25:9 › Action-state modals — open, inspect, cancel › [Collections] collectionActionPlanned: modal opens and cancels cleanly (1.4s)
  ✓  119 [chromium] › tests/e2e/action-states/action-state-modals.spec.ts:25:9 › Action-state modals — open, inspect, cancel › [Collections] collectionActionCompleted: modal opens and cancels cleanly (1.2s)
  ✓  120 [chromium] › tests/e2e/action-states/action-state-modals.spec.ts:25:9 › Action-state modals — open, inspect, cancel › [Contractor Payable] cpayDraft: modal opens and cancels cleanly (2.0s)
  ✓  121 [chromium] › tests/e2e/action-states/action-state-modals.spec.ts:25:9 › Action-state modals — open, inspect, cancel › [Contractor Payable] cpayItemDraft: modal opens and cancels cleanly (1.3s)
  ✓  122 [chromium] › tests/e2e/action-states/action-state-modals.spec.ts:25:9 › Action-state modals — open, inspect, cancel › [Contractor Payable] cpayUnderReview: modal opens and cancels cleanly (1.3s)
  ✓  123 [chromium] › tests/e2e/action-states/action-state-modals.spec.ts:25:9 › Action-state modals — open, inspect, cancel › [Contractor Payable] cpayApproved: modal opens and cancels cleanly (1.3s)
  ✓  124 [chromium] › tests/e2e/action-states/action-state-modals.spec.ts:25:9 › Action-state modals — open, inspect, cancel › [Contractor Payable] cpayDisputed: modal opens and cancels cleanly (1.3s)
  ✓  125 [chromium] › tests/e2e/action-states/action-state-modals.spec.ts:25:9 › Action-state modals — open, inspect, cancel › [Contractor Payable] cpayVoid: modal opens and cancels cleanly (1.3s)
  ✓  126 [chromium] › tests/e2e/action-states/action-state-modals.spec.ts:25:9 › Action-state modals — open, inspect, cancel › [Payroll] payrollDraft: modal opens and cancels cleanly (1.1s)
  ✓  127 [chromium] › tests/e2e/action-states/action-state-modals.spec.ts:25:9 › Action-state modals — open, inspect, cancel › [Payroll] payrollItemDraft: modal opens and cancels cleanly (1.1s)
  ✓  128 [chromium] › tests/e2e/action-states/action-state-modals.spec.ts:25:9 › Action-state modals — open, inspect, cancel › [Payroll] payrollUnderReview: modal opens and cancels cleanly (1.0s)
  ✓  129 [chromium] › tests/e2e/action-states/action-state-modals.spec.ts:25:9 › Action-state modals — open, inspect, cancel › [Payroll] payrollApproved: modal opens and cancels cleanly (1.1s)
  ✓  130 [chromium] › tests/e2e/action-states/action-state-modals.spec.ts:25:9 › Action-state modals — open, inspect, cancel › [Payroll] payrollDisputed: modal opens and cancels cleanly (1.1s)
  ✓  131 [chromium] › tests/e2e/action-states/action-state-modals.spec.ts:25:9 › Action-state modals — open, inspect, cancel › [Payroll] payrollVoid: modal opens and cancels cleanly (1.3s)
  ✓  132 [chromium] › tests/e2e/action-states/action-state-modals.spec.ts:25:9 › Action-state modals — open, inspect, cancel › [Payment Execution] paymentBatchDraft: modal opens and cancels cleanly (1.1s)
  ✓  133 [chromium] › tests/e2e/action-states/action-state-modals.spec.ts:25:9 › Action-state modals — open, inspect, cancel › [Payment Execution] paymentItemDraft: modal opens and cancels cleanly (1.3s)
  ✓  134 [chromium] › tests/e2e/action-states/action-state-modals.spec.ts:25:9 › Action-state modals — open, inspect, cancel › [Payment Execution] paymentBatchUnderReview: modal opens and cancels cleanly (1.5s)
  ✓  135 [chromium] › tests/e2e/action-states/action-state-modals.spec.ts:25:9 › Action-state modals — open, inspect, cancel › [Payment Execution] paymentBatchApproved: modal opens and cancels cleanly (1.5s)
  ✓  136 [chromium] › tests/e2e/action-states/action-state-modals.spec.ts:25:9 › Action-state modals — open, inspect, cancel › [Payment Execution] paymentBatchScheduled: modal opens and cancels cleanly (1.6s)
  ✓  137 [chromium] › tests/e2e/action-states/action-state-modals.spec.ts:25:9 › Action-state modals — open, inspect, cancel › [Payment Execution] paymentBatchExecutionSubmitted: modal opens and cancels cleanly (1.7s)
  ✓  138 [chromium] › tests/e2e/action-states/action-state-modals.spec.ts:25:9 › Action-state modals — open, inspect, cancel › [Payment Execution] paymentBatchVoidTarget: modal opens and cancels cleanly (1.6s)
  ✓  139 [chromium] › tests/e2e/action-states/action-state-modals.spec.ts:25:9 › Action-state modals — open, inspect, cancel › [Payment Execution] paymentBatchVoid: modal opens and cancels cleanly (1.7s)
  ✓  140 [chromium] › tests/e2e/action-states/action-state-modals.spec.ts:25:9 › Action-state modals — open, inspect, cancel › [Bank Reconciliation] bankAccountArchivable: modal opens and cancels cleanly (1.3s)
  ✓  141 [chromium] › tests/e2e/action-states/action-state-modals.spec.ts:25:9 › Action-state modals — open, inspect, cancel › [Bank Reconciliation] bankTxnUnmatchedDebit: modal opens and cancels cleanly (1.4s)
  ✓  142 [chromium] › tests/e2e/action-states/action-state-modals.spec.ts:25:9 › Action-state modals — open, inspect, cancel › [Bank Reconciliation] bankTxnUnmatchedCredit: modal opens and cancels cleanly (1.3s)
  ✓  143 [chromium] › tests/e2e/action-states/action-state-modals.spec.ts:25:9 › Action-state modals — open, inspect, cancel › [Bank Reconciliation] bankTxnExceptionNone: modal opens and cancels cleanly (1.1s)
  ✓  144 [chromium] › tests/e2e/action-states/action-state-modals.spec.ts:25:9 › Action-state modals — open, inspect, cancel › [Bank Reconciliation] bankTxnExceptionOpen: modal opens and cancels cleanly (1.1s)
  ✓  145 [chromium] › tests/e2e/action-states/action-state-modals.spec.ts:25:9 › Action-state modals — open, inspect, cancel › [Bank Reconciliation] bankTxnIgnorable: modal opens and cancels cleanly (1.1s)
  ✓  146 [chromium] › tests/e2e/action-states/action-state-modals.spec.ts:25:9 › Action-state modals — open, inspect, cancel › [Bank Reconciliation] reconMatchProposed: modal opens and cancels cleanly (998ms)
  ✓  147 [chromium] › tests/e2e/action-states/action-state-modals.spec.ts:25:9 › Action-state modals — open, inspect, cancel › [Accounting Export] aexDraft: modal opens and cancels cleanly (1.0s)
  ✓  148 [chromium] › tests/e2e/action-states/action-state-modals.spec.ts:25:9 › Action-state modals — open, inspect, cancel › [Accounting Export] aexItemDraft: modal opens and cancels cleanly (991ms)
  ✓  149 [chromium] › tests/e2e/action-states/action-state-modals.spec.ts:25:9 › Action-state modals — open, inspect, cancel › [Accounting Export] aexGenerated: modal opens and cancels cleanly (1.0s)
  ✓  150 [chromium] › tests/e2e/action-states/action-state-modals.spec.ts:25:9 › Action-state modals — open, inspect, cancel › [Accounting Export] aexUnderReview: modal opens and cancels cleanly (1.0s)
  ✓  151 [chromium] › tests/e2e/action-states/action-state-modals.spec.ts:25:9 › Action-state modals — open, inspect, cancel › [Accounting Export] aexSubmitted: modal opens and cancels cleanly (1.0s)
  ✓  152 [chromium] › tests/e2e/action-states/action-state-modals.spec.ts:25:9 › Action-state modals — open, inspect, cancel › [Accounting Export] aexCancelable: modal opens and cancels cleanly (984ms)
  ✓  153 [chromium] › tests/e2e/action-states/action-state-personas.spec.ts:30:11 › Action-state personas — natural persona sees action, read-only does not › [Production] prodDraft › natural persona sees action button (802ms)
  ✓  154 [chromium] › tests/e2e/action-states/action-state-personas.spec.ts:39:11 › Action-state personas — natural persona sees action, read-only does not › [Production] prodDraft › read-only auditor: route loads but action button hidden or disabled (462ms)
  ✓  155 [chromium] › tests/e2e/action-states/action-state-personas.spec.ts:30:11 › Action-state personas — natural persona sees action, read-only does not › [Production] prodSubmitted › natural persona sees action button (607ms)
  ✓  156 [chromium] › tests/e2e/action-states/action-state-personas.spec.ts:39:11 › Action-state personas — natural persona sees action, read-only does not › [Production] prodSubmitted › read-only auditor: route loads but action button hidden or disabled (563ms)
  ✓  157 [chromium] › tests/e2e/action-states/action-state-personas.spec.ts:30:11 › Action-state personas — natural persona sees action, read-only does not › [Production] prodUnderReview › natural persona sees action button (612ms)
  ✓  158 [chromium] › tests/e2e/action-states/action-state-personas.spec.ts:39:11 › Action-state personas — natural persona sees action, read-only does not › [Production] prodUnderReview › read-only auditor: route loads but action button hidden or disabled (510ms)
  ✓  159 [chromium] › tests/e2e/action-states/action-state-personas.spec.ts:30:11 › Action-state personas — natural persona sees action, read-only does not › [Production] prodCorrectionRequested › natural persona sees action button (700ms)
  ✓  160 [chromium] › tests/e2e/action-states/action-state-personas.spec.ts:39:11 › Action-state personas — natural persona sees action, read-only does not › [Production] prodCorrectionRequested › read-only auditor: route loads but action button hidden or disabled (1.1s)
  ✓  161 [chromium] › tests/e2e/action-states/action-state-personas.spec.ts:30:11 › Action-state personas — natural persona sees action, read-only does not › [Production] prodApprovedNotMarked › natural persona sees action button (698ms)
  ✓  162 [chromium] › tests/e2e/action-states/action-state-personas.spec.ts:39:11 › Action-state personas — natural persona sees action, read-only does not › [Production] prodApprovedNotMarked › read-only auditor: route loads but action button hidden or disabled (535ms)
  ✓  163 [chromium] › tests/e2e/action-states/action-state-personas.spec.ts:30:11 › Action-state personas — natural persona sees action, read-only does not › [Production] prodVoid › natural persona sees action button (939ms)
  ✓  164 [chromium] › tests/e2e/action-states/action-state-personas.spec.ts:39:11 › Action-state personas — natural persona sees action, read-only does not › [Production] prodVoid › read-only auditor: route loads but action button hidden or disabled (747ms)
  ✓  165 [chromium] › tests/e2e/action-states/action-state-personas.spec.ts:30:11 › Action-state personas — natural persona sees action, read-only does not › [QC] qcPending › natural persona sees action button (885ms)
  ✓  166 [chromium] › tests/e2e/action-states/action-state-personas.spec.ts:39:11 › Action-state personas — natural persona sees action, read-only does not › [QC] qcPending › read-only auditor: route loads but action button hidden or disabled (584ms)
  ✓  167 [chromium] › tests/e2e/action-states/action-state-personas.spec.ts:30:11 › Action-state personas — natural persona sees action, read-only does not › [QC] qcInReview › natural persona sees action button (789ms)
  ✓  168 [chromium] › tests/e2e/action-states/action-state-personas.spec.ts:39:11 › Action-state personas — natural persona sees action, read-only does not › [QC] qcInReview › read-only auditor: route loads but action button hidden or disabled (606ms)
  ✓  169 [chromium] › tests/e2e/action-states/action-state-personas.spec.ts:30:11 › Action-state personas — natural persona sees action, read-only does not › [QC] qcCorrectionRequested › natural persona sees action button (857ms)
  ✓  170 [chromium] › tests/e2e/action-states/action-state-personas.spec.ts:39:11 › Action-state personas — natural persona sees action, read-only does not › [QC] qcCorrectionRequested › read-only auditor: route loads but action button hidden or disabled (952ms)
  ✓  171 [chromium] › tests/e2e/action-states/action-state-personas.spec.ts:30:11 › Action-state personas — natural persona sees action, read-only does not › [QC] qcVoid › natural persona sees action button (1.2s)
  ✓  172 [chromium] › tests/e2e/action-states/action-state-personas.spec.ts:39:11 › Action-state personas — natural persona sees action, read-only does not › [QC] qcVoid › read-only auditor: route loads but action button hidden or disabled (710ms)
  ✓  173 [chromium] › tests/e2e/action-states/action-state-personas.spec.ts:30:11 › Action-state personas — natural persona sees action, read-only does not › [Billable] billableDraft › natural persona sees action button (896ms)
  ✓  174 [chromium] › tests/e2e/action-states/action-state-personas.spec.ts:39:11 › Action-state personas — natural persona sees action, read-only does not › [Billable] billableDraft › read-only auditor: route loads but action button hidden or disabled (658ms)
  ✓  175 [chromium] › tests/e2e/action-states/action-state-personas.spec.ts:30:11 › Action-state personas — natural persona sees action, read-only does not › [Billable] billableOnHold › natural persona sees action button (855ms)
  ✓  176 [chromium] › tests/e2e/action-states/action-state-personas.spec.ts:39:11 › Action-state personas — natural persona sees action, read-only does not › [Billable] billableOnHold › read-only auditor: route loads but action button hidden or disabled (970ms)
  ✓  177 [chromium] › tests/e2e/action-states/action-state-personas.spec.ts:30:11 › Action-state personas — natural persona sees action, read-only does not › [Billable] billableDisputed › natural persona sees action button (842ms)
  ✓  178 [chromium] › tests/e2e/action-states/action-state-personas.spec.ts:39:11 › Action-state personas — natural persona sees action, read-only does not › [Billable] billableDisputed › read-only auditor: route loads but action button hidden or disabled (762ms)
  ✓  179 [chromium] › tests/e2e/action-states/action-state-personas.spec.ts:30:11 › Action-state personas — natural persona sees action, read-only does not › [Billable] billableVoid › natural persona sees action button (1.1s)
  ✓  180 [chromium] › tests/e2e/action-states/action-state-personas.spec.ts:39:11 › Action-state personas — natural persona sees action, read-only does not › [Billable] billableVoid › read-only auditor: route loads but action button hidden or disabled (638ms)
  ✓  181 [chromium] › tests/e2e/action-states/action-state-personas.spec.ts:30:11 › Action-state personas — natural persona sees action, read-only does not › [Settlement] settlementDraft › natural persona sees action button (793ms)
  ✓  182 [chromium] › tests/e2e/action-states/action-state-personas.spec.ts:39:11 › Action-state personas — natural persona sees action, read-only does not › [Settlement] settlementDraft › read-only auditor: route loads but action button hidden or disabled (581ms)
  ✓  183 [chromium] › tests/e2e/action-states/action-state-personas.spec.ts:30:11 › Action-state personas — natural persona sees action, read-only does not › [Settlement] settlementItemDraft › natural persona sees action button (714ms)
  ✓  184 [chromium] › tests/e2e/action-states/action-state-personas.spec.ts:39:11 › Action-state personas — natural persona sees action, read-only does not › [Settlement] settlementItemDraft › read-only auditor: route loads but action button hidden or disabled (692ms)
  ✓  185 [chromium] › tests/e2e/action-states/action-state-personas.spec.ts:30:11 › Action-state personas — natural persona sees action, read-only does not › [Settlement] settlementUnderReview › natural persona sees action button (751ms)
  ✓  186 [chromium] › tests/e2e/action-states/action-state-personas.spec.ts:39:11 › Action-state personas — natural persona sees action, read-only does not › [Settlement] settlementUnderReview › read-only auditor: route loads but action button hidden or disabled (770ms)
  ✓  187 [chromium] › tests/e2e/action-states/action-state-personas.spec.ts:30:11 › Action-state personas — natural persona sees action, read-only does not › [Settlement] settlementApproved › natural persona sees action button (678ms)
  ✓  188 [chromium] › tests/e2e/action-states/action-state-personas.spec.ts:39:11 › Action-state personas — natural persona sees action, read-only does not › [Settlement] settlementApproved › read-only auditor: route loads but action button hidden or disabled (512ms)
  ✓  189 [chromium] › tests/e2e/action-states/action-state-personas.spec.ts:30:11 › Action-state personas — natural persona sees action, read-only does not › [Settlement] settlementDisputed › natural persona sees action button (664ms)
  ✓  190 [chromium] › tests/e2e/action-states/action-state-personas.spec.ts:39:11 › Action-state personas — natural persona sees action, read-only does not › [Settlement] settlementDisputed › read-only auditor: route loads but action button hidden or disabled (499ms)
  ✓  191 [chromium] › tests/e2e/action-states/action-state-personas.spec.ts:30:11 › Action-state personas — natural persona sees action, read-only does not › [Settlement] settlementVoid › natural persona sees action button (864ms)
  ✓  192 [chromium] › tests/e2e/action-states/action-state-personas.spec.ts:39:11 › Action-state personas — natural persona sees action, read-only does not › [Settlement] settlementVoid › read-only auditor: route loads but action button hidden or disabled (509ms)
  ✓  193 [chromium] › tests/e2e/action-states/action-state-personas.spec.ts:30:11 › Action-state personas — natural persona sees action, read-only does not › [Invoice] invoiceDraft › natural persona sees action button (711ms)
  ✓  194 [chromium] › tests/e2e/action-states/action-state-personas.spec.ts:39:11 › Action-state personas — natural persona sees action, read-only does not › [Invoice] invoiceDraft › read-only auditor: route loads but action button hidden or disabled (561ms)
  ✓  195 [chromium] › tests/e2e/action-states/action-state-personas.spec.ts:30:11 › Action-state personas — natural persona sees action, read-only does not › [Invoice] invoiceItemDraft › natural persona sees action button (695ms)
  ✓  196 [chromium] › tests/e2e/action-states/action-state-personas.spec.ts:39:11 › Action-state personas — natural persona sees action, read-only does not › [Invoice] invoiceItemDraft › read-only auditor: route loads but action button hidden or disabled (553ms)
  ✓  197 [chromium] › tests/e2e/action-states/action-state-personas.spec.ts:30:11 › Action-state personas — natural persona sees action, read-only does not › [Invoice] invoiceUnderReview › natural persona sees action button (693ms)
  ✓  198 [chromium] › tests/e2e/action-states/action-state-personas.spec.ts:39:11 › Action-state personas — natural persona sees action, read-only does not › [Invoice] invoiceUnderReview › read-only auditor: route loads but action button hidden or disabled (524ms)
  ✓  199 [chromium] › tests/e2e/action-states/action-state-personas.spec.ts:30:11 › Action-state personas — natural persona sees action, read-only does not › [Invoice] invoiceApproved › natural persona sees action button (645ms)
  ✓  200 [chromium] › tests/e2e/action-states/action-state-personas.spec.ts:39:11 › Action-state personas — natural persona sees action, read-only does not › [Invoice] invoiceApproved › read-only auditor: route loads but action button hidden or disabled (514ms)
  ✓  201 [chromium] › tests/e2e/action-states/action-state-personas.spec.ts:30:11 › Action-state personas — natural persona sees action, read-only does not › [Invoice] invoiceDisputed › natural persona sees action button (866ms)
  ✓  202 [chromium] › tests/e2e/action-states/action-state-personas.spec.ts:39:11 › Action-state personas — natural persona sees action, read-only does not › [Invoice] invoiceDisputed › read-only auditor: route loads but action button hidden or disabled (537ms)
  ✓  203 [chromium] › tests/e2e/action-states/action-state-personas.spec.ts:30:11 › Action-state personas — natural persona sees action, read-only does not › [Invoice] invoiceVoid › natural persona sees action button (877ms)
  ✓  204 [chromium] › tests/e2e/action-states/action-state-personas.spec.ts:39:11 › Action-state personas — natural persona sees action, read-only does not › [Invoice] invoiceVoid › read-only auditor: route loads but action button hidden or disabled (531ms)
  ✓  205 [chromium] › tests/e2e/action-states/action-state-personas.spec.ts:30:11 › Action-state personas — natural persona sees action, read-only does not › [Cash] cashReceiptUnapplied › natural persona sees action button (1.8s)
  ✓  206 [chromium] › tests/e2e/action-states/action-state-personas.spec.ts:39:11 › Action-state personas — natural persona sees action, read-only does not › [Cash] cashReceiptUnapplied › read-only auditor: route loads but action button hidden or disabled (553ms)
  ✓  207 [chromium] › tests/e2e/action-states/action-state-personas.spec.ts:30:11 › Action-state personas — natural persona sees action, read-only does not › [Cash] cashReceiptVoidTarget › natural persona sees action button (689ms)
  ✓  208 [chromium] › tests/e2e/action-states/action-state-personas.spec.ts:39:11 › Action-state personas — natural persona sees action, read-only does not › [Cash] cashReceiptVoidTarget › read-only auditor: route loads but action button hidden or disabled (545ms)
  ✓  209 [chromium] › tests/e2e/action-states/action-state-personas.spec.ts:30:11 › Action-state personas — natural persona sees action, read-only does not › [Cash] cashReceiptVoid › natural persona sees action button (906ms)
  ✓  210 [chromium] › tests/e2e/action-states/action-state-personas.spec.ts:39:11 › Action-state personas — natural persona sees action, read-only does not › [Cash] cashReceiptVoid › read-only auditor: route loads but action button hidden or disabled (753ms)
  ✓  211 [chromium] › tests/e2e/action-states/action-state-personas.spec.ts:30:11 › Action-state personas — natural persona sees action, read-only does not › [Cash] paymentApplicationApplied › natural persona sees action button (2.0s)
  ✓  212 [chromium] › tests/e2e/action-states/action-state-personas.spec.ts:39:11 › Action-state personas — natural persona sees action, read-only does not › [Cash] paymentApplicationApplied › read-only auditor: route loads but action button hidden or disabled (652ms)
  ✓  213 [chromium] › tests/e2e/action-states/action-state-personas.spec.ts:30:11 › Action-state personas — natural persona sees action, read-only does not › [Cash] paymentApplicationVoid › natural persona sees action button (1.2s)
  ✓  214 [chromium] › tests/e2e/action-states/action-state-personas.spec.ts:39:11 › Action-state personas — natural persona sees action, read-only does not › [Cash] paymentApplicationVoid › read-only auditor: route loads but action button hidden or disabled (1.1s)
  ✓  215 [chromium] › tests/e2e/action-states/action-state-personas.spec.ts:30:11 › Action-state personas — natural persona sees action, read-only does not › [Collections] collectionCaseOpen › natural persona sees action button (925ms)
  ✓  216 [chromium] › tests/e2e/action-states/action-state-personas.spec.ts:39:11 › Action-state personas — natural persona sees action, read-only does not › [Collections] collectionCaseOpen › read-only auditor: route loads but action button hidden or disabled (893ms)
  ✓  217 [chromium] › tests/e2e/action-states/action-state-personas.spec.ts:30:11 › Action-state personas — natural persona sees action, read-only does not › [Collections] collectionCaseClosed › natural persona sees action button (1.5s)
  ✓  218 [chromium] › tests/e2e/action-states/action-state-personas.spec.ts:39:11 › Action-state personas — natural persona sees action, read-only does not › [Collections] collectionCaseClosed › read-only auditor: route loads but action button hidden or disabled (1.0s)
  ✓  219 [chromium] › tests/e2e/action-states/action-state-personas.spec.ts:30:11 › Action-state personas — natural persona sees action, read-only does not › [Collections] collectionActionPlanned › natural persona sees action button (1.1s)
  ✓  220 [chromium] › tests/e2e/action-states/action-state-personas.spec.ts:39:11 › Action-state personas — natural persona sees action, read-only does not › [Collections] collectionActionPlanned › read-only auditor: route loads but action button hidden or disabled (893ms)
  ✓  221 [chromium] › tests/e2e/action-states/action-state-personas.spec.ts:30:11 › Action-state personas — natural persona sees action, read-only does not › [Collections] collectionActionCompleted › natural persona sees action button (940ms)
  ✓  222 [chromium] › tests/e2e/action-states/action-state-personas.spec.ts:39:11 › Action-state personas — natural persona sees action, read-only does not › [Collections] collectionActionCompleted › read-only auditor: route loads but action button hidden or disabled (839ms)
  ✓  223 [chromium] › tests/e2e/action-states/action-state-personas.spec.ts:30:11 › Action-state personas — natural persona sees action, read-only does not › [Contractor Payable] cpayDraft › natural persona sees action button (1.2s)
  ✓  224 [chromium] › tests/e2e/action-states/action-state-personas.spec.ts:39:11 › Action-state personas — natural persona sees action, read-only does not › [Contractor Payable] cpayDraft › read-only auditor: route loads but action button hidden or disabled (793ms)
  ✓  225 [chromium] › tests/e2e/action-states/action-state-personas.spec.ts:30:11 › Action-state personas — natural persona sees action, read-only does not › [Contractor Payable] cpayItemDraft › natural persona sees action button (1.1s)
  ✓  226 [chromium] › tests/e2e/action-states/action-state-personas.spec.ts:39:11 › Action-state personas — natural persona sees action, read-only does not › [Contractor Payable] cpayItemDraft › read-only auditor: route loads but action button hidden or disabled (620ms)
  ✓  227 [chromium] › tests/e2e/action-states/action-state-personas.spec.ts:30:11 › Action-state personas — natural persona sees action, read-only does not › [Contractor Payable] cpayUnderReview › natural persona sees action button (1.0s)
  ✓  228 [chromium] › tests/e2e/action-states/action-state-personas.spec.ts:39:11 › Action-state personas — natural persona sees action, read-only does not › [Contractor Payable] cpayUnderReview › read-only auditor: route loads but action button hidden or disabled (663ms)
  ✓  229 [chromium] › tests/e2e/action-states/action-state-personas.spec.ts:30:11 › Action-state personas — natural persona sees action, read-only does not › [Contractor Payable] cpayApproved › natural persona sees action button (941ms)
  ✓  230 [chromium] › tests/e2e/action-states/action-state-personas.spec.ts:39:11 › Action-state personas — natural persona sees action, read-only does not › [Contractor Payable] cpayApproved › read-only auditor: route loads but action button hidden or disabled (516ms)
  ✓  231 [chromium] › tests/e2e/action-states/action-state-personas.spec.ts:30:11 › Action-state personas — natural persona sees action, read-only does not › [Contractor Payable] cpayDisputed › natural persona sees action button (881ms)
  ✓  232 [chromium] › tests/e2e/action-states/action-state-personas.spec.ts:39:11 › Action-state personas — natural persona sees action, read-only does not › [Contractor Payable] cpayDisputed › read-only auditor: route loads but action button hidden or disabled (632ms)
  ✓  233 [chromium] › tests/e2e/action-states/action-state-personas.spec.ts:30:11 › Action-state personas — natural persona sees action, read-only does not › [Contractor Payable] cpayVoid › natural persona sees action button (849ms)
  ✓  234 [chromium] › tests/e2e/action-states/action-state-personas.spec.ts:39:11 › Action-state personas — natural persona sees action, read-only does not › [Contractor Payable] cpayVoid › read-only auditor: route loads but action button hidden or disabled (798ms)
  ✓  235 [chromium] › tests/e2e/action-states/action-state-personas.spec.ts:30:11 › Action-state personas — natural persona sees action, read-only does not › [Payroll] payrollDraft › natural persona sees action button (687ms)
  ✓  236 [chromium] › tests/e2e/action-states/action-state-personas.spec.ts:39:11 › Action-state personas — natural persona sees action, read-only does not › [Payroll] payrollDraft › read-only auditor: route loads but action button hidden or disabled (491ms)
  ✓  237 [chromium] › tests/e2e/action-states/action-state-personas.spec.ts:30:11 › Action-state personas — natural persona sees action, read-only does not › [Payroll] payrollItemDraft › natural persona sees action button (632ms)
  ✓  238 [chromium] › tests/e2e/action-states/action-state-personas.spec.ts:39:11 › Action-state personas — natural persona sees action, read-only does not › [Payroll] payrollItemDraft › read-only auditor: route loads but action button hidden or disabled (467ms)
  ✓  239 [chromium] › tests/e2e/action-states/action-state-personas.spec.ts:30:11 › Action-state personas — natural persona sees action, read-only does not › [Payroll] payrollUnderReview › natural persona sees action button (628ms)
  ✓  240 [chromium] › tests/e2e/action-states/action-state-personas.spec.ts:39:11 › Action-state personas — natural persona sees action, read-only does not › [Payroll] payrollUnderReview › read-only auditor: route loads but action button hidden or disabled (493ms)
  ✓  241 [chromium] › tests/e2e/action-states/action-state-personas.spec.ts:30:11 › Action-state personas — natural persona sees action, read-only does not › [Payroll] payrollApproved › natural persona sees action button (610ms)
  ✓  242 [chromium] › tests/e2e/action-states/action-state-personas.spec.ts:39:11 › Action-state personas — natural persona sees action, read-only does not › [Payroll] payrollApproved › read-only auditor: route loads but action button hidden or disabled (459ms)
  ✓  243 [chromium] › tests/e2e/action-states/action-state-personas.spec.ts:30:11 › Action-state personas — natural persona sees action, read-only does not › [Payroll] payrollDisputed › natural persona sees action button (711ms)
  ✓  244 [chromium] › tests/e2e/action-states/action-state-personas.spec.ts:39:11 › Action-state personas — natural persona sees action, read-only does not › [Payroll] payrollDisputed › read-only auditor: route loads but action button hidden or disabled (777ms)
  ✓  245 [chromium] › tests/e2e/action-states/action-state-personas.spec.ts:30:11 › Action-state personas — natural persona sees action, read-only does not › [Payroll] payrollVoid › natural persona sees action button (816ms)
  ✓  246 [chromium] › tests/e2e/action-states/action-state-personas.spec.ts:39:11 › Action-state personas — natural persona sees action, read-only does not › [Payroll] payrollVoid › read-only auditor: route loads but action button hidden or disabled (603ms)
  ✓  247 [chromium] › tests/e2e/action-states/action-state-personas.spec.ts:30:11 › Action-state personas — natural persona sees action, read-only does not › [Payment Execution] paymentBatchDraft › natural persona sees action button (766ms)
  ✓  248 [chromium] › tests/e2e/action-states/action-state-personas.spec.ts:39:11 › Action-state personas — natural persona sees action, read-only does not › [Payment Execution] paymentBatchDraft › read-only auditor: route loads but action button hidden or disabled (813ms)
  ✓  249 [chromium] › tests/e2e/action-states/action-state-personas.spec.ts:30:11 › Action-state personas — natural persona sees action, read-only does not › [Payment Execution] paymentItemDraft › natural persona sees action button (718ms)
  ✓  250 [chromium] › tests/e2e/action-states/action-state-personas.spec.ts:39:11 › Action-state personas — natural persona sees action, read-only does not › [Payment Execution] paymentItemDraft › read-only auditor: route loads but action button hidden or disabled (1.2s)
  ✓  251 [chromium] › tests/e2e/action-states/action-state-personas.spec.ts:30:11 › Action-state personas — natural persona sees action, read-only does not › [Payment Execution] paymentBatchUnderReview › natural persona sees action button (908ms)
  ✓  252 [chromium] › tests/e2e/action-states/action-state-personas.spec.ts:39:11 › Action-state personas — natural persona sees action, read-only does not › [Payment Execution] paymentBatchUnderReview › read-only auditor: route loads but action button hidden or disabled (544ms)
  ✓  253 [chromium] › tests/e2e/action-states/action-state-personas.spec.ts:30:11 › Action-state personas — natural persona sees action, read-only does not › [Payment Execution] paymentBatchApproved › natural persona sees action button (924ms)
  ✓  254 [chromium] › tests/e2e/action-states/action-state-personas.spec.ts:39:11 › Action-state personas — natural persona sees action, read-only does not › [Payment Execution] paymentBatchApproved › read-only auditor: route loads but action button hidden or disabled (713ms)
  ✓  255 [chromium] › tests/e2e/action-states/action-state-personas.spec.ts:30:11 › Action-state personas — natural persona sees action, read-only does not › [Payment Execution] paymentBatchScheduled › natural persona sees action button (1.0s)
  ✓  256 [chromium] › tests/e2e/action-states/action-state-personas.spec.ts:39:11 › Action-state personas — natural persona sees action, read-only does not › [Payment Execution] paymentBatchScheduled › read-only auditor: route loads but action button hidden or disabled (698ms)
  ✓  257 [chromium] › tests/e2e/action-states/action-state-personas.spec.ts:30:11 › Action-state personas — natural persona sees action, read-only does not › [Payment Execution] paymentBatchExecutionSubmitted › natural persona sees action button (1.2s)
  ✓  258 [chromium] › tests/e2e/action-states/action-state-personas.spec.ts:39:11 › Action-state personas — natural persona sees action, read-only does not › [Payment Execution] paymentBatchExecutionSubmitted › read-only auditor: route loads but action button hidden or disabled (757ms)
  ✓  259 [chromium] › tests/e2e/action-states/action-state-personas.spec.ts:30:11 › Action-state personas — natural persona sees action, read-only does not › [Payment Execution] paymentBatchVoidTarget › natural persona sees action button (1.2s)
  ✓  260 [chromium] › tests/e2e/action-states/action-state-personas.spec.ts:39:11 › Action-state personas — natural persona sees action, read-only does not › [Payment Execution] paymentBatchVoidTarget › read-only auditor: route loads but action button hidden or disabled (687ms)
  ✓  261 [chromium] › tests/e2e/action-states/action-state-personas.spec.ts:30:11 › Action-state personas — natural persona sees action, read-only does not › [Payment Execution] paymentBatchVoid › natural persona sees action button (1.2s)
  ✓  262 [chromium] › tests/e2e/action-states/action-state-personas.spec.ts:39:11 › Action-state personas — natural persona sees action, read-only does not › [Payment Execution] paymentBatchVoid › read-only auditor: route loads but action button hidden or disabled (789ms)
  ✓  263 [chromium] › tests/e2e/action-states/action-state-personas.spec.ts:30:11 › Action-state personas — natural persona sees action, read-only does not › [Bank Reconciliation] bankAccountArchivable › natural persona sees action button (1.0s)
  ✓  264 [chromium] › tests/e2e/action-states/action-state-personas.spec.ts:39:11 › Action-state personas — natural persona sees action, read-only does not › [Bank Reconciliation] bankAccountArchivable › read-only auditor: route loads but action button hidden or disabled (757ms)
  ✓  265 [chromium] › tests/e2e/action-states/action-state-personas.spec.ts:30:11 › Action-state personas — natural persona sees action, read-only does not › [Bank Reconciliation] bankTxnUnmatchedDebit › natural persona sees action button (989ms)
  ✓  266 [chromium] › tests/e2e/action-states/action-state-personas.spec.ts:39:11 › Action-state personas — natural persona sees action, read-only does not › [Bank Reconciliation] bankTxnUnmatchedDebit › read-only auditor: route loads but action button hidden or disabled (712ms)
  ✓  267 [chromium] › tests/e2e/action-states/action-state-personas.spec.ts:30:11 › Action-state personas — natural persona sees action, read-only does not › [Bank Reconciliation] bankTxnUnmatchedCredit › natural persona sees action button (982ms)
  ✓  268 [chromium] › tests/e2e/action-states/action-state-personas.spec.ts:39:11 › Action-state personas — natural persona sees action, read-only does not › [Bank Reconciliation] bankTxnUnmatchedCredit › read-only auditor: route loads but action button hidden or disabled (724ms)
  ✓  269 [chromium] › tests/e2e/action-states/action-state-personas.spec.ts:30:11 › Action-state personas — natural persona sees action, read-only does not › [Bank Reconciliation] bankTxnExceptionNone › natural persona sees action button (948ms)
  ✓  270 [chromium] › tests/e2e/action-states/action-state-personas.spec.ts:39:11 › Action-state personas — natural persona sees action, read-only does not › [Bank Reconciliation] bankTxnExceptionNone › read-only auditor: route loads but action button hidden or disabled (746ms)
  ✓  271 [chromium] › tests/e2e/action-states/action-state-personas.spec.ts:30:11 › Action-state personas — natural persona sees action, read-only does not › [Bank Reconciliation] bankTxnExceptionOpen › natural persona sees action button (1.2s)
  ✓  272 [chromium] › tests/e2e/action-states/action-state-personas.spec.ts:39:11 › Action-state personas — natural persona sees action, read-only does not › [Bank Reconciliation] bankTxnExceptionOpen › read-only auditor: route loads but action button hidden or disabled (688ms)
  ✓  273 [chromium] › tests/e2e/action-states/action-state-personas.spec.ts:30:11 › Action-state personas — natural persona sees action, read-only does not › [Bank Reconciliation] bankTxnIgnorable › natural persona sees action button (880ms)
  ✓  274 [chromium] › tests/e2e/action-states/action-state-personas.spec.ts:39:11 › Action-state personas — natural persona sees action, read-only does not › [Bank Reconciliation] bankTxnIgnorable › read-only auditor: route loads but action button hidden or disabled (791ms)
  ✓  275 [chromium] › tests/e2e/action-states/action-state-personas.spec.ts:30:11 › Action-state personas — natural persona sees action, read-only does not › [Bank Reconciliation] reconMatchProposed › natural persona sees action button (694ms)
  ✓  276 [chromium] › tests/e2e/action-states/action-state-personas.spec.ts:39:11 › Action-state personas — natural persona sees action, read-only does not › [Bank Reconciliation] reconMatchProposed › read-only auditor: route loads but action button hidden or disabled (607ms)
  ✓  277 [chromium] › tests/e2e/action-states/action-state-personas.spec.ts:30:11 › Action-state personas — natural persona sees action, read-only does not › [Accounting Export] aexDraft › natural persona sees action button (688ms)
  ✓  278 [chromium] › tests/e2e/action-states/action-state-personas.spec.ts:39:11 › Action-state personas — natural persona sees action, read-only does not › [Accounting Export] aexDraft › read-only auditor: route loads but action button hidden or disabled (527ms)
  ✓  279 [chromium] › tests/e2e/action-states/action-state-personas.spec.ts:30:11 › Action-state personas — natural persona sees action, read-only does not › [Accounting Export] aexItemDraft › natural persona sees action button (665ms)
  ✓  280 [chromium] › tests/e2e/action-states/action-state-personas.spec.ts:39:11 › Action-state personas — natural persona sees action, read-only does not › [Accounting Export] aexItemDraft › read-only auditor: route loads but action button hidden or disabled (542ms)
  ✓  281 [chromium] › tests/e2e/action-states/action-state-personas.spec.ts:30:11 › Action-state personas — natural persona sees action, read-only does not › [Accounting Export] aexGenerated › natural persona sees action button (699ms)
  ✓  282 [chromium] › tests/e2e/action-states/action-state-personas.spec.ts:39:11 › Action-state personas — natural persona sees action, read-only does not › [Accounting Export] aexGenerated › read-only auditor: route loads but action button hidden or disabled (696ms)
  ✓  283 [chromium] › tests/e2e/action-states/action-state-personas.spec.ts:30:11 › Action-state personas — natural persona sees action, read-only does not › [Accounting Export] aexUnderReview › natural persona sees action button (660ms)
  ✓  284 [chromium] › tests/e2e/action-states/action-state-personas.spec.ts:39:11 › Action-state personas — natural persona sees action, read-only does not › [Accounting Export] aexUnderReview › read-only auditor: route loads but action button hidden or disabled (489ms)
  ✓  285 [chromium] › tests/e2e/action-states/action-state-personas.spec.ts:30:11 › Action-state personas — natural persona sees action, read-only does not › [Accounting Export] aexSubmitted › natural persona sees action button (657ms)
  ✓  286 [chromium] › tests/e2e/action-states/action-state-personas.spec.ts:39:11 › Action-state personas — natural persona sees action, read-only does not › [Accounting Export] aexSubmitted › read-only auditor: route loads but action button hidden or disabled (501ms)
  ✓  287 [chromium] › tests/e2e/action-states/action-state-personas.spec.ts:30:11 › Action-state personas — natural persona sees action, read-only does not › [Accounting Export] aexCancelable › natural persona sees action button (656ms)
  ✓  288 [chromium] › tests/e2e/action-states/action-state-personas.spec.ts:39:11 › Action-state personas — natural persona sees action, read-only does not › [Accounting Export] aexCancelable › read-only auditor: route loads but action button hidden or disabled (667ms)
  ✓  289 [chromium] › tests/e2e/action-states/action-state-personas.spec.ts:71:9 › Action-state personas — backend denies writes for read-only auditor › [Production] prodDraft: backend denies write as read-only (20ms)
  ✓  290 [chromium] › tests/e2e/action-states/action-state-personas.spec.ts:71:9 › Action-state personas — backend denies writes for read-only auditor › [Settlement] settlementDraft: backend denies write as read-only (13ms)
  ✓  291 [chromium] › tests/e2e/action-states/action-state-personas.spec.ts:71:9 › Action-state personas — backend denies writes for read-only auditor › [Invoice] invoiceApproved: backend denies write as read-only (15ms)
  ✓  292 [chromium] › tests/e2e/action-states/action-state-personas.spec.ts:71:9 › Action-state personas — backend denies writes for read-only auditor › [Accounting Export] aexDraft: backend denies write as read-only (13ms)
  ✓  293 [chromium] › tests/e2e/action-states/action-state-readiness.spec.ts:21:9 › Action-state readiness — route loads, label hydrates, action visible › [Production] prodDraft: route loads and action label visible (1.1s)
  ✓  294 [chromium] › tests/e2e/action-states/action-state-readiness.spec.ts:21:9 › Action-state readiness — route loads, label hydrates, action visible › [Production] prodSubmitted: route loads and action label visible (841ms)
  ✓  295 [chromium] › tests/e2e/action-states/action-state-readiness.spec.ts:21:9 › Action-state readiness — route loads, label hydrates, action visible › [Production] prodUnderReview: route loads and action label visible (771ms)
  ✓  296 [chromium] › tests/e2e/action-states/action-state-readiness.spec.ts:21:9 › Action-state readiness — route loads, label hydrates, action visible › [Production] prodCorrectionRequested: route loads and action label visible (862ms)
  ✓  297 [chromium] › tests/e2e/action-states/action-state-readiness.spec.ts:21:9 › Action-state readiness — route loads, label hydrates, action visible › [Production] prodApprovedNotMarked: route loads and action label visible (790ms)
  ✓  298 [chromium] › tests/e2e/action-states/action-state-readiness.spec.ts:21:9 › Action-state readiness — route loads, label hydrates, action visible › [Production] prodVoid: route loads and action label visible (1.0s)
  ✓  299 [chromium] › tests/e2e/action-states/action-state-readiness.spec.ts:21:9 › Action-state readiness — route loads, label hydrates, action visible › [QC] qcPending: route loads and action label visible (906ms)
  ✓  300 [chromium] › tests/e2e/action-states/action-state-readiness.spec.ts:21:9 › Action-state readiness — route loads, label hydrates, action visible › [QC] qcInReview: route loads and action label visible (900ms)
  ✓  301 [chromium] › tests/e2e/action-states/action-state-readiness.spec.ts:21:9 › Action-state readiness — route loads, label hydrates, action visible › [QC] qcCorrectionRequested: route loads and action label visible (824ms)
  ✓  302 [chromium] › tests/e2e/action-states/action-state-readiness.spec.ts:21:9 › Action-state readiness — route loads, label hydrates, action visible › [QC] qcVoid: route loads and action label visible (1.1s)
  ✓  303 [chromium] › tests/e2e/action-states/action-state-readiness.spec.ts:21:9 › Action-state readiness — route loads, label hydrates, action visible › [Billable] billableDraft: route loads and action label visible (879ms)
  ✓  304 [chromium] › tests/e2e/action-states/action-state-readiness.spec.ts:21:9 › Action-state readiness — route loads, label hydrates, action visible › [Billable] billableOnHold: route loads and action label visible (1.0s)
  ✓  305 [chromium] › tests/e2e/action-states/action-state-readiness.spec.ts:21:9 › Action-state readiness — route loads, label hydrates, action visible › [Billable] billableDisputed: route loads and action label visible (1.1s)
  ✓  306 [chromium] › tests/e2e/action-states/action-state-readiness.spec.ts:21:9 › Action-state readiness — route loads, label hydrates, action visible › [Billable] billableVoid: route loads and action label visible (1.3s)
  ✓  307 [chromium] › tests/e2e/action-states/action-state-readiness.spec.ts:21:9 › Action-state readiness — route loads, label hydrates, action visible › [Settlement] settlementDraft: route loads and action label visible (1.1s)
  ✓  308 [chromium] › tests/e2e/action-states/action-state-readiness.spec.ts:21:9 › Action-state readiness — route loads, label hydrates, action visible › [Settlement] settlementItemDraft: route loads and action label visible (1.2s)
  ✓  309 [chromium] › tests/e2e/action-states/action-state-readiness.spec.ts:21:9 › Action-state readiness — route loads, label hydrates, action visible › [Settlement] settlementUnderReview: route loads and action label visible (1.2s)
  ✓  310 [chromium] › tests/e2e/action-states/action-state-readiness.spec.ts:21:9 › Action-state readiness — route loads, label hydrates, action visible › [Settlement] settlementApproved: route loads and action label visible (1.3s)
  ✓  311 [chromium] › tests/e2e/action-states/action-state-readiness.spec.ts:21:9 › Action-state readiness — route loads, label hydrates, action visible › [Settlement] settlementDisputed: route loads and action label visible (1.4s)
  ✓  312 [chromium] › tests/e2e/action-states/action-state-readiness.spec.ts:21:9 › Action-state readiness — route loads, label hydrates, action visible › [Settlement] settlementVoid: route loads and action label visible (1.4s)
  ✓  313 [chromium] › tests/e2e/action-states/action-state-readiness.spec.ts:21:9 › Action-state readiness — route loads, label hydrates, action visible › [Invoice] invoiceDraft: route loads and action label visible (1.1s)
  ✓  314 [chromium] › tests/e2e/action-states/action-state-readiness.spec.ts:21:9 › Action-state readiness — route loads, label hydrates, action visible › [Invoice] invoiceItemDraft: route loads and action label visible (1.2s)
  ✓  315 [chromium] › tests/e2e/action-states/action-state-readiness.spec.ts:21:9 › Action-state readiness — route loads, label hydrates, action visible › [Invoice] invoiceUnderReview: route loads and action label visible (1.1s)
  ✓  316 [chromium] › tests/e2e/action-states/action-state-readiness.spec.ts:21:9 › Action-state readiness — route loads, label hydrates, action visible › [Invoice] invoiceApproved: route loads and action label visible (1.2s)
  ✓  317 [chromium] › tests/e2e/action-states/action-state-readiness.spec.ts:21:9 › Action-state readiness — route loads, label hydrates, action visible › [Invoice] invoiceDisputed: route loads and action label visible (1.3s)
  ✓  318 [chromium] › tests/e2e/action-states/action-state-readiness.spec.ts:21:9 › Action-state readiness — route loads, label hydrates, action visible › [Invoice] invoiceVoid: route loads and action label visible (1.3s)
  ✓  319 [chromium] › tests/e2e/action-states/action-state-readiness.spec.ts:21:9 › Action-state readiness — route loads, label hydrates, action visible › [Cash] cashReceiptUnapplied: route loads and action label visible (838ms)
  ✓  320 [chromium] › tests/e2e/action-states/action-state-readiness.spec.ts:21:9 › Action-state readiness — route loads, label hydrates, action visible › [Cash] cashReceiptVoidTarget: route loads and action label visible (828ms)
  ✓  321 [chromium] › tests/e2e/action-states/action-state-readiness.spec.ts:21:9 › Action-state readiness — route loads, label hydrates, action visible › [Cash] cashReceiptVoid: route loads and action label visible (1.0s)
  ✓  322 [chromium] › tests/e2e/action-states/action-state-readiness.spec.ts:21:9 › Action-state readiness — route loads, label hydrates, action visible › [Cash] paymentApplicationApplied: route loads and action label visible (827ms)
  ✓  323 [chromium] › tests/e2e/action-states/action-state-readiness.spec.ts:21:9 › Action-state readiness — route loads, label hydrates, action visible › [Cash] paymentApplicationVoid: route loads and action label visible (988ms)
  ✓  324 [chromium] › tests/e2e/action-states/action-state-readiness.spec.ts:21:9 › Action-state readiness — route loads, label hydrates, action visible › [Collections] collectionCaseOpen: route loads and action label visible (812ms)
  ✓  325 [chromium] › tests/e2e/action-states/action-state-readiness.spec.ts:21:9 › Action-state readiness — route loads, label hydrates, action visible › [Collections] collectionCaseClosed: route loads and action label visible (905ms)
  ✓  326 [chromium] › tests/e2e/action-states/action-state-readiness.spec.ts:21:9 › Action-state readiness — route loads, label hydrates, action visible › [Collections] collectionActionPlanned: route loads and action label visible (763ms)
  ✓  327 [chromium] › tests/e2e/action-states/action-state-readiness.spec.ts:21:9 › Action-state readiness — route loads, label hydrates, action visible › [Collections] collectionActionCompleted: route loads and action label visible (752ms)
  ✓  328 [chromium] › tests/e2e/action-states/action-state-readiness.spec.ts:21:9 › Action-state readiness — route loads, label hydrates, action visible › [Contractor Payable] cpayDraft: route loads and action label visible (1.0s)
  ✓  329 [chromium] › tests/e2e/action-states/action-state-readiness.spec.ts:21:9 › Action-state readiness — route loads, label hydrates, action visible › [Contractor Payable] cpayItemDraft: route loads and action label visible (1.0s)
  ✓  330 [chromium] › tests/e2e/action-states/action-state-readiness.spec.ts:21:9 › Action-state readiness — route loads, label hydrates, action visible › [Contractor Payable] cpayUnderReview: route loads and action label visible (1.0s)
  ✓  331 [chromium] › tests/e2e/action-states/action-state-readiness.spec.ts:21:9 › Action-state readiness — route loads, label hydrates, action visible › [Contractor Payable] cpayApproved: route loads and action label visible (1.1s)
  ✓  332 [chromium] › tests/e2e/action-states/action-state-readiness.spec.ts:21:9 › Action-state readiness — route loads, label hydrates, action visible › [Contractor Payable] cpayDisputed: route loads and action label visible (1.1s)
  ✓  333 [chromium] › tests/e2e/action-states/action-state-readiness.spec.ts:21:9 › Action-state readiness — route loads, label hydrates, action visible › [Contractor Payable] cpayVoid: route loads and action label visible (1.5s)
  ✓  334 [chromium] › tests/e2e/action-states/action-state-readiness.spec.ts:21:9 › Action-state readiness — route loads, label hydrates, action visible › [Payroll] payrollDraft: route loads and action label visible (898ms)
  ✓  335 [chromium] › tests/e2e/action-states/action-state-readiness.spec.ts:21:9 › Action-state readiness — route loads, label hydrates, action visible › [Payroll] payrollItemDraft: route loads and action label visible (933ms)
  ✓  336 [chromium] › tests/e2e/action-states/action-state-readiness.spec.ts:21:9 › Action-state readiness — route loads, label hydrates, action visible › [Payroll] payrollUnderReview: route loads and action label visible (959ms)
  ✓  337 [chromium] › tests/e2e/action-states/action-state-readiness.spec.ts:21:9 › Action-state readiness — route loads, label hydrates, action visible › [Payroll] payrollApproved: route loads and action label visible (1.1s)
  ✓  338 [chromium] › tests/e2e/action-states/action-state-readiness.spec.ts:21:9 › Action-state readiness — route loads, label hydrates, action visible › [Payroll] payrollDisputed: route loads and action label visible (1.3s)
  ✓  339 [chromium] › tests/e2e/action-states/action-state-readiness.spec.ts:21:9 › Action-state readiness — route loads, label hydrates, action visible › [Payroll] payrollVoid: route loads and action label visible (1.5s)
  ✓  340 [chromium] › tests/e2e/action-states/action-state-readiness.spec.ts:21:9 › Action-state readiness — route loads, label hydrates, action visible › [Payment Execution] paymentBatchDraft: route loads and action label visible (1.2s)
  ✓  341 [chromium] › tests/e2e/action-states/action-state-readiness.spec.ts:21:9 › Action-state readiness — route loads, label hydrates, action visible › [Payment Execution] paymentItemDraft: route loads and action label visible (1.3s)
  ✓  342 [chromium] › tests/e2e/action-states/action-state-readiness.spec.ts:21:9 › Action-state readiness — route loads, label hydrates, action visible › [Payment Execution] paymentBatchUnderReview: route loads and action label visible (1.9s)
  ✓  343 [chromium] › tests/e2e/action-states/action-state-readiness.spec.ts:21:9 › Action-state readiness — route loads, label hydrates, action visible › [Payment Execution] paymentBatchApproved: route loads and action label visible (1.9s)
  ✓  344 [chromium] › tests/e2e/action-states/action-state-readiness.spec.ts:21:9 › Action-state readiness — route loads, label hydrates, action visible › [Payment Execution] paymentBatchScheduled: route loads and action label visible (1.7s)
  ✓  345 [chromium] › tests/e2e/action-states/action-state-readiness.spec.ts:21:9 › Action-state readiness — route loads, label hydrates, action visible › [Payment Execution] paymentBatchExecutionSubmitted: route loads and action label visible (1.7s)
  ✓  346 [chromium] › tests/e2e/action-states/action-state-readiness.spec.ts:21:9 › Action-state readiness — route loads, label hydrates, action visible › [Payment Execution] paymentBatchVoidTarget: route loads and action label visible (1.7s)
  ✓  347 [chromium] › tests/e2e/action-states/action-state-readiness.spec.ts:21:9 › Action-state readiness — route loads, label hydrates, action visible › [Payment Execution] paymentBatchVoid: route loads and action label visible (1.6s)
  ✓  348 [chromium] › tests/e2e/action-states/action-state-readiness.spec.ts:21:9 › Action-state readiness — route loads, label hydrates, action visible › [Bank Reconciliation] bankAccountArchivable: route loads and action label visible (1.2s)
  ✓  349 [chromium] › tests/e2e/action-states/action-state-readiness.spec.ts:21:9 › Action-state readiness — route loads, label hydrates, action visible › [Bank Reconciliation] bankTxnUnmatchedDebit: route loads and action label visible (1.2s)
  ✓  350 [chromium] › tests/e2e/action-states/action-state-readiness.spec.ts:21:9 › Action-state readiness — route loads, label hydrates, action visible › [Bank Reconciliation] bankTxnUnmatchedCredit: route loads and action label visible (1.4s)
  ✓  351 [chromium] › tests/e2e/action-states/action-state-readiness.spec.ts:21:9 › Action-state readiness — route loads, label hydrates, action visible › [Bank Reconciliation] bankTxnExceptionNone: route loads and action label visible (1.1s)
  ✓  352 [chromium] › tests/e2e/action-states/action-state-readiness.spec.ts:21:9 › Action-state readiness — route loads, label hydrates, action visible › [Bank Reconciliation] bankTxnExceptionOpen: route loads and action label visible (1.0s)
  ✓  353 [chromium] › tests/e2e/action-states/action-state-readiness.spec.ts:21:9 › Action-state readiness — route loads, label hydrates, action visible › [Bank Reconciliation] bankTxnIgnorable: route loads and action label visible (1.1s)
  ✓  354 [chromium] › tests/e2e/action-states/action-state-readiness.spec.ts:21:9 › Action-state readiness — route loads, label hydrates, action visible › [Bank Reconciliation] reconMatchProposed: route loads and action label visible (1.0s)
  ✓  355 [chromium] › tests/e2e/action-states/action-state-readiness.spec.ts:21:9 › Action-state readiness — route loads, label hydrates, action visible › [Accounting Export] aexDraft: route loads and action label visible (1.1s)
  ✓  356 [chromium] › tests/e2e/action-states/action-state-readiness.spec.ts:21:9 › Action-state readiness — route loads, label hydrates, action visible › [Accounting Export] aexItemDraft: route loads and action label visible (1.1s)
  ✓  357 [chromium] › tests/e2e/action-states/action-state-readiness.spec.ts:21:9 › Action-state readiness — route loads, label hydrates, action visible › [Accounting Export] aexGenerated: route loads and action label visible (969ms)
  ✓  358 [chromium] › tests/e2e/action-states/action-state-readiness.spec.ts:21:9 › Action-state readiness — route loads, label hydrates, action visible › [Accounting Export] aexUnderReview: route loads and action label visible (1.2s)
  ✓  359 [chromium] › tests/e2e/action-states/action-state-readiness.spec.ts:21:9 › Action-state readiness — route loads, label hydrates, action visible › [Accounting Export] aexSubmitted: route loads and action label visible (1.2s)
  ✓  360 [chromium] › tests/e2e/action-states/action-state-readiness.spec.ts:21:9 › Action-state readiness — route loads, label hydrates, action visible › [Accounting Export] aexCancelable: route loads and action label visible (1.3s)
  ✓  361 [chromium] › tests/e2e/action-states/action-state-submit.spec.ts:86:7 › Action-state full submit certification › [Billable] billableDraft: Recalculate Readiness submits without mutation (1.7s)
  ✓  362 [chromium] › tests/e2e/action-states/action-state-submit.spec.ts:97:7 › Action-state full submit certification › [Settlement] settlementItemDraft: Recalculate Readiness submits without mutation (1.9s)
  ✓  363 [chromium] › tests/e2e/action-states/action-state-submit.spec.ts:108:7 › Action-state full submit certification › [Contractor Payable] cpayItemDraft: Recalculate Totals submits without mutation (2.4s)
  ✓  364 [chromium] › tests/e2e/action-states/action-state-submit.spec.ts:119:7 › Action-state full submit certification › [Payroll] payrollItemDraft: Recalculate Totals submits without mutation (2.5s)
  ✓  365 [chromium] › tests/e2e/action-states/action-state-submit.spec.ts:132:7 › Action-state full submit certification › [Production] legacy draft without reviewed safety cannot submit (2.0s)
  ✓  366 [chromium] › tests/e2e/action-states/action-state-submit.spec.ts:147:7 › Action-state full submit certification › [Production] prodSubmitted: Start Review → status=under_review (1.8s)
  ✓  367 [chromium] › tests/e2e/action-states/action-state-submit.spec.ts:160:7 › Action-state full submit certification › [Production] prodUnderReview: Approve → status=approved (1.6s)
  ✓  368 [chromium] › tests/e2e/action-states/action-state-submit.spec.ts:177:7 › Action-state full submit certification › [Production] legacy correction without reviewed safety cannot advance (1.8s)
  ✓  369 [chromium] › tests/e2e/action-states/action-state-submit.spec.ts:193:7 › Action-state full submit certification › [Production] prodApprovedNotMarked: Mark Billable → billable_status=billable (1.8s)
  ✓  370 [chromium] › tests/e2e/action-states/action-state-submit.spec.ts:209:7 › Action-state full submit certification › [Production] prodVoid: Archive → status=archived (2.0s)
  ✓  371 [chromium] › tests/e2e/action-states/action-state-submit.spec.ts:225:7 › Action-state full submit certification › [QC] qcPending: Start Review → review_status=in_review (1.4s)
  ✓  372 [chromium] › tests/e2e/action-states/action-state-submit.spec.ts:238:7 › Action-state full submit certification › [QC] qcInReview: Approve → review_status=approved (1.4s)
  ✓  373 [chromium] › tests/e2e/action-states/action-state-submit.spec.ts:255:7 › Action-state full submit certification › [QC] qcCorrectionRequested: Mark Corrected → review_status=corrected (1.2s)
  ✓  374 [chromium] › tests/e2e/action-states/action-state-submit.spec.ts:269:7 › Action-state full submit certification › [QC] qcVoid: Archive → review_status=archived (1.5s)
  ✓  375 [chromium] › tests/e2e/action-states/action-state-submit.spec.ts:285:7 › Action-state full submit certification › [Billable] billableOnHold: Release Hold → status != held (1.4s)
  ✓  376 [chromium] › tests/e2e/action-states/action-state-submit.spec.ts:299:7 › Action-state full submit certification › [Billable] billableDisputed: Resolve Dispute → status != disputed (1.5s)
  ✓  377 [chromium] › tests/e2e/action-states/action-state-submit.spec.ts:313:7 › Action-state full submit certification › [Billable] billableVoid: Archive → status=archived (1.4s)
  ✓  378 [chromium] › tests/e2e/action-states/action-state-submit.spec.ts:332:7 › Action-state full submit certification › [Bank Recon] bankAccountArchivable: Archive → status=archived (1.3s)
  ✓  379 [chromium] › tests/e2e/action-states/action-state-submit.spec.ts:346:7 › Action-state full submit certification › [Bank Recon] bankTxnUnmatchedDebit: Match Payment Batch → reconciliation_match created (1.5s)
  ✓  380 [chromium] › tests/e2e/action-states/action-state-submit.spec.ts:363:7 › Action-state full submit certification › [Bank Recon] bankTxnUnmatchedCredit: Match Cash Receipt → reconciliation_match created [deferred-fix] (1.3s)
  ✓  381 [chromium] › tests/e2e/action-states/action-state-submit.spec.ts:380:7 › Action-state full submit certification › [Bank Recon] bankTxnExceptionNone: Open Exception → exception_status=open (1.4s)
  ✓  382 [chromium] › tests/e2e/action-states/action-state-submit.spec.ts:394:7 › Action-state full submit certification › [Bank Recon] bankTxnExceptionOpen: Resolve Exception → exception_status != open (1.7s)
  ✓  383 [chromium] › tests/e2e/action-states/action-state-submit.spec.ts:408:7 › Action-state full submit certification › [Bank Recon] bankTxnIgnorable: Ignore → reconciliation_status=ignored (1.5s)
  ✓  384 [chromium] › tests/e2e/action-states/action-state-submit.spec.ts:422:7 › Action-state full submit certification › [Bank Recon] reconMatchProposed: Review → match_status=reviewed (1.3s)
  ✓  385 [chromium] › tests/e2e/action-states/action-state-submit.spec.ts:439:7 › Action-state full submit certification › [Cash] cashReceiptUnapplied: Apply To Invoice → payment_application created (1.6s)
  ✓  386 [chromium] › tests/e2e/action-states/action-state-submit.spec.ts:457:7 › Action-state full submit certification › [Cash] cashReceiptVoidTarget: Void → receipt_status=voided (1.7s)
  ✓  387 [chromium] › tests/e2e/action-states/action-state-submit.spec.ts:471:7 › Action-state full submit certification › [Cash] cashReceiptVoid: Archive → receipt_status=archived (1.8s)
  ✓  388 [chromium] › tests/e2e/action-states/action-state-submit.spec.ts:485:7 › Action-state full submit certification › [Cash] paymentApplicationApplied: Void → application_status=voided (1.8s)
  ✓  389 [chromium] › tests/e2e/action-states/action-state-submit.spec.ts:499:7 › Action-state full submit certification › [Cash] paymentApplicationVoid: Archive → application_status=archived (1.7s)
  ✓  390 [chromium] › tests/e2e/action-states/action-state-submit.spec.ts:517:7 › Action-state full submit certification › [Invoice] invoiceDraft: Submit Review → status=ready_for_review (1.4s)
  ✓  391 [chromium] › tests/e2e/action-states/action-state-submit.spec.ts:530:7 › Action-state full submit certification › [Invoice] invoiceItemDraft: Reject → approval_status=rejected (1.7s)
  ✓  392 [chromium] › tests/e2e/action-states/action-state-submit.spec.ts:546:7 › Action-state full submit certification › [Invoice] invoiceUnderReview: Reject → status=rejected (1.6s)
  ✓  393 [chromium] › tests/e2e/action-states/action-state-submit.spec.ts:560:7 › Action-state full submit certification › [Invoice] legacy Mark Sent opens package review and blocks missing approved terms (1.4s)
  ✓  394 [chromium] › tests/e2e/action-states/action-state-submit.spec.ts:575:7 › Action-state full submit certification › [Invoice] invoiceDisputed: Resolve Dispute → status != disputed (1.6s)
  ✓  395 [chromium] › tests/e2e/action-states/action-state-submit.spec.ts:589:7 › Action-state full submit certification › [Invoice] invoiceVoid: Archive → status=archived (1.6s)
  ✓  396 [chromium] › tests/e2e/action-states/action-state-submit.spec.ts:605:7 › Action-state full submit certification › [Settlement] settlementDraft: Submit Review → status=ready_for_review (1.6s)
  ✓  397 [chromium] › tests/e2e/action-states/action-state-submit.spec.ts:618:7 › Action-state full submit certification › [Settlement] settlementUnderReview: Reject → status=rejected (1.5s)
  ✓  398 [chromium] › tests/e2e/action-states/action-state-submit.spec.ts:632:7 › Action-state full submit certification › [Settlement] settlementApproved: Mark Invoice Ready → invoice_ready (1.6s)
  ✓  399 [chromium] › tests/e2e/action-states/action-state-submit.spec.ts:649:7 › Action-state full submit certification › [Settlement] settlementDisputed: Resolve Dispute → status != disputed (1.6s)
  ✓  400 [chromium] › tests/e2e/action-states/action-state-submit.spec.ts:663:7 › Action-state full submit certification › [Settlement] settlementVoid: Archive → status=archived (1.7s)
  ✓  401 [chromium] › tests/e2e/action-states/action-state-submit.spec.ts:679:7 › Action-state full submit certification › [Collections] collectionCaseOpen: Assign Owner → assigned_owner_user_id set (1.8s)
  ✓  402 [chromium] › tests/e2e/action-states/action-state-submit.spec.ts:694:7 › Action-state full submit certification › [Collections] collectionCaseClosed: Archive → case_status=archived (1.7s)
  ✓  403 [chromium] › tests/e2e/action-states/action-state-submit.spec.ts:708:7 › Action-state full submit certification › [Collections] collectionActionPlanned: Complete → action_status=completed (2.3s)
  ✓  404 [chromium] › tests/e2e/action-states/action-state-submit.spec.ts:721:7 › Action-state full submit certification › [Collections] collectionActionCompleted: Archive Action → action_status=archived (2.4s)
  ✓  405 [chromium] › tests/e2e/action-states/action-state-submit.spec.ts:737:7 › Action-state full submit certification › [Contractor Payable] cpayDraft: Submit Review → status=ready_for_review (2.3s)
  ✓  406 [chromium] › tests/e2e/action-states/action-state-submit.spec.ts:750:7 › Action-state full submit certification › [Contractor Payable] cpayUnderReview: missing accepted-work lineage blocks Approve (2.0s)
  ✓  407 [chromium] › tests/e2e/action-states/action-state-submit.spec.ts:766:7 › Action-state full submit certification › [Contractor Payable] cpayApproved: missing accepted-work lineage blocks Mark Payment Ready (2.5s)
  ✓  408 [chromium] › tests/e2e/action-states/action-state-submit.spec.ts:782:7 › Action-state full submit certification › [Contractor Payable] cpayDisputed: Resolve Dispute → status != disputed (1.9s)
  ✓  409 [chromium] › tests/e2e/action-states/action-state-submit.spec.ts:796:7 › Action-state full submit certification › [Contractor Payable] cpayVoid: Archive → status=archived (2.0s)
  ✓  410 [chromium] › tests/e2e/action-states/action-state-submit.spec.ts:812:7 › Action-state full submit certification › [Payroll] payrollDraft: Submit Review → status=ready_for_review (1.8s)
  ✓  411 [chromium] › tests/e2e/action-states/action-state-submit.spec.ts:825:7 › Action-state full submit certification › [Payroll] payrollUnderReview: Approve → status=approved (1.9s)
  ✓  412 [chromium] › tests/e2e/action-states/action-state-submit.spec.ts:839:7 › Action-state full submit certification › [Payroll] payrollApproved: Mark Payroll Ready → payroll_readiness_status=ready_for_payroll (1.8s)
  ✓  413 [chromium] › tests/e2e/action-states/action-state-submit.spec.ts:853:7 › Action-state full submit certification › [Payroll] payrollDisputed: Resolve Dispute → status != disputed (1.7s)
  ✓  414 [chromium] › tests/e2e/action-states/action-state-submit.spec.ts:867:7 › Action-state full submit certification › [Payroll] payrollVoid: Archive → status=archived (1.7s)
  ✓  415 [chromium] › tests/e2e/action-states/action-state-submit.spec.ts:886:7 › Action-state full submit certification › [Payment Execution] paymentBatchDraft: Submit Review → status=ready_for_review (1.6s)
  ✓  416 [chromium] › tests/e2e/action-states/action-state-submit.spec.ts:899:7 › Action-state full submit certification › [Payment Execution] paymentItemDraft: Archive Item → status=archived (1.3s)
  ✓  417 [chromium] › tests/e2e/action-states/action-state-submit.spec.ts:913:7 › Action-state full submit certification › [Payment Execution] paymentBatchUnderReview: missing accepted-work lineage blocks advancement (1.5s)
  ✓  418 [chromium] › tests/e2e/action-states/action-state-submit.spec.ts:929:7 › Action-state full submit certification › [Payment Execution] paymentBatchApproved: missing accepted-work lineage blocks advancement (1.7s)
  ✓  419 [chromium] › tests/e2e/action-states/action-state-submit.spec.ts:945:7 › Action-state full submit certification › [Payment Execution] paymentBatchVoidTarget: Void → status=voided [deferred-fix] (2.3s)
  ✓  420 [chromium] › tests/e2e/action-states/action-state-submit.spec.ts:959:7 › Action-state full submit certification › [Payment Execution] paymentBatchScheduled: missing accepted-work lineage blocks advancement (1.9s)
  ✓  421 [chromium] › tests/e2e/action-states/action-state-submit.spec.ts:975:7 › Action-state full submit certification › [Payment Execution] paymentBatchExecutionSubmitted: missing accepted-work lineage blocks advancement (2.3s)
  ✓  422 [chromium] › tests/e2e/action-states/action-state-submit.spec.ts:992:7 › Action-state full submit certification › [Payment Execution] paymentBatchVoid: Archive → status=archived (2.3s)
  ✓  423 [chromium] › tests/e2e/action-states/action-state-submit.spec.ts:1008:7 › Action-state full submit certification › [Accounting Export] aexDraft: Submit Review → status=ready_for_review (3.1s)
  ✓  424 [chromium] › tests/e2e/action-states/action-state-submit.spec.ts:1021:7 › Action-state full submit certification › [Accounting Export] aexItemDraft: Archive Item → export_status=archived (2.7s)
  ✓  425 [chromium] › tests/e2e/action-states/action-state-submit.spec.ts:1035:7 › Action-state full submit certification › [Accounting Export] aexGenerated: Mark Submitted → export_status=submitted_later (3.4s)
  ✓  426 [chromium] › tests/e2e/action-states/action-state-submit.spec.ts:1049:7 › Action-state full submit certification › [Accounting Export] aexUnderReview: Approve → approval_status=approved (2.9s)
  ✓  427 [chromium] › tests/e2e/action-states/action-state-submit.spec.ts:1063:7 › Action-state full submit certification › [Accounting Export] aexSubmitted: Mark Accepted → export_status=accepted_later (2.7s)
  ✓  428 [chromium] › tests/e2e/action-states/action-state-submit.spec.ts:1077:7 › Action-state full submit certification › [Accounting Export] aexCancelable: Cancel → status=cancelled (2.2s)
  ✓  429 [chromium] › tests/e2e/action-states/application-permission-denials.spec.ts:12:38 › all protected writes deny missing grants for system-admin (167ms)
  ✓  430 [chromium] › tests/e2e/action-states/application-permission-denials.spec.ts:12:38 › all protected writes deny missing grants for growth-operator (6.2s)
  ✓  431 [chromium] › tests/e2e/action-states/application-permission-denials.spec.ts:12:38 › all protected writes deny missing grants for ops-manager (6.8s)
  ✓  432 [chromium] › tests/e2e/action-states/application-permission-denials.spec.ts:12:38 › all protected writes deny missing grants for field-supervisor (6.8s)
  ✓  433 [chromium] › tests/e2e/action-states/application-permission-denials.spec.ts:12:38 › all protected writes deny missing grants for qc-reviewer (5.0s)
  ✓  434 [chromium] › tests/e2e/action-states/application-permission-denials.spec.ts:12:38 › all protected writes deny missing grants for finance-user (4.2s)
  ✓  435 [chromium] › tests/e2e/action-states/application-permission-denials.spec.ts:12:38 › all protected writes deny missing grants for collections-specialist (4.1s)
  ✓  436 [chromium] › tests/e2e/action-states/application-permission-denials.spec.ts:12:38 › all protected writes deny missing grants for payables-payroll-admin (4.6s)
  ✓  437 [chromium] › tests/e2e/action-states/application-permission-denials.spec.ts:12:38 › all protected writes deny missing grants for accounting-manager (5.2s)
  ✓  438 [chromium] › tests/e2e/action-states/application-permission-denials.spec.ts:12:38 › all protected writes deny missing grants for read-only-auditor (7.8s)
  ✓  439 [chromium] › tests/e2e/action-states/application-permission-denials.spec.ts:12:38 › all protected writes deny missing grants for qc-manager (4.4s)
  ✓  440 [chromium] › tests/e2e/action-states/application-permission-denials.spec.ts:12:38 › all protected writes deny missing grants for billing-manager (3.8s)
  ✓  441 [chromium] › tests/e2e/auth.spec.ts:8:7 › E2E auth storage state foundation › system admin storage state is generated and can open the app shell (769ms)
  ✓  442 [chromium] › tests/e2e/bank-match-permission.spec.ts:12:7 › bank match tabs honor read-only access and lifecycle (845ms)
  ✓  443 [chromium] › tests/e2e/bank-match-permission.spec.ts:12:7 › bank match tabs honor authorized access and lifecycle (1.0s)
  ✓  444 [chromium] › tests/e2e/bank-match-permission.spec.ts:12:7 › bank match tabs honor archived access and lifecycle (882ms)
  ✓  445 [chromium] › tests/e2e/boundaries/boundary-copy.spec.ts:31:9 › Boundary placeholder and copy certification › Production boundary copy is visible (1.1s)
  ✓  446 [chromium] › tests/e2e/boundaries/boundary-copy.spec.ts:31:9 › Boundary placeholder and copy certification › QC boundary copy is visible (1.0s)
  ✓  447 [chromium] › tests/e2e/boundaries/boundary-copy.spec.ts:31:9 › Boundary placeholder and copy certification › Billable boundary copy is visible (1.1s)
  ✓  448 [chromium] › tests/e2e/boundaries/boundary-copy.spec.ts:31:9 › Boundary placeholder and copy certification › Settlement boundary copy is visible (1.3s)
  ✓  449 [chromium] › tests/e2e/boundaries/boundary-copy.spec.ts:31:9 › Boundary placeholder and copy certification › Invoice boundary copy is visible (1.3s)
  ✓  450 [chromium] › tests/e2e/boundaries/boundary-copy.spec.ts:31:9 › Boundary placeholder and copy certification › Cash boundary copy is visible (1.5s)
  ✓  451 [chromium] › tests/e2e/boundaries/boundary-copy.spec.ts:31:9 › Boundary placeholder and copy certification › Collection boundary copy is visible (1.7s)
  ✓  452 [chromium] › tests/e2e/boundaries/boundary-copy.spec.ts:31:9 › Boundary placeholder and copy certification › Contractor boundary copy is visible (1.6s)
  ✓  453 [chromium] › tests/e2e/boundaries/boundary-copy.spec.ts:31:9 › Boundary placeholder and copy certification › Payroll boundary copy is visible (2.2s)
  ✓  454 [chromium] › tests/e2e/boundaries/boundary-copy.spec.ts:31:9 › Boundary placeholder and copy certification › Payment boundary copy is visible (2.2s)
  ✓  455 [chromium] › tests/e2e/boundaries/boundary-copy.spec.ts:31:9 › Boundary placeholder and copy certification › Bank boundary copy is visible (2.1s)
  ✓  456 [chromium] › tests/e2e/boundaries/boundary-copy.spec.ts:31:9 › Boundary placeholder and copy certification › Accounting boundary copy is visible (2.4s)
  ✓  457 [chromium] › tests/e2e/boundaries/downstream-creation.spec.ts:32:9 › Forbidden downstream creation boundaries › production inspection creates no forbidden downstream objects (1.0s)
  ✓  458 [chromium] › tests/e2e/boundaries/downstream-creation.spec.ts:32:9 › Forbidden downstream creation boundaries › invoice inspection creates no forbidden downstream objects (1.1s)
  ✓  459 [chromium] › tests/e2e/boundaries/downstream-creation.spec.ts:32:9 › Forbidden downstream creation boundaries › cash receipt inspection creates no forbidden downstream objects (1.0s)
  ✓  460 [chromium] › tests/e2e/boundaries/downstream-creation.spec.ts:32:9 › Forbidden downstream creation boundaries › collections inspection creates no forbidden downstream objects (1.5s)
  ✓  461 [chromium] › tests/e2e/boundaries/downstream-creation.spec.ts:32:9 › Forbidden downstream creation boundaries › payment execution inspection creates no forbidden downstream objects (864ms)
  ✓  462 [chromium] › tests/e2e/boundaries/downstream-creation.spec.ts:32:9 › Forbidden downstream creation boundaries › bank reconciliation inspection creates no forbidden downstream objects (1.1s)
  ✓  463 [chromium] › tests/e2e/boundaries/downstream-creation.spec.ts:32:9 › Forbidden downstream creation boundaries › accounting export inspection creates no forbidden downstream objects (799ms)
  ✓  464 [chromium] › tests/e2e/boundaries/source-mutation.spec.ts:12:7 › Source mutation boundaries › bank reconciliation inspection does not alter invoice balance fields (890ms)
  ✓  465 [chromium] › tests/e2e/boundaries/source-mutation.spec.ts:19:7 › Source mutation boundaries › accounting export inspection does not alter source invoice or payment batch status (753ms)
  ✓  466 [chromium] › tests/e2e/boundaries/source-mutation.spec.ts:26:7 › Source mutation boundaries › collections inspection does not alter invoice balance fields (700ms)
  ✓  467 [chromium] › tests/e2e/boundary-assertions.spec.ts:16:7 › Boundary assertion foundation › Payment Execution route inspection does not create bank transactions (655ms)
  ✓  468 [chromium] › tests/e2e/boundary-assertions.spec.ts:22:7 › Boundary assertion foundation › Bank Reconciliation route inspection does not create accounting exports (697ms)
  ✓  469 [chromium] › tests/e2e/boundary-assertions.spec.ts:28:7 › Boundary assertion foundation › Accounting Export route inspection does not mutate source financial records (629ms)
  ✓  470 [chromium] › tests/e2e/coil-policy-organization-choice.spec.ts:11:5 › policy counterparty uses organization names and preserves the nullable default (856ms)
  ✓  471 [chromium] › tests/e2e/coil-policy-organization-choice.spec.ts:35:5 › policy writers without organization read never load or display organization choices (614ms)
  ✓  472 [chromium] › tests/e2e/coil-policy-organization-choice.spec.ts:45:5 › separate production item uses named choices and a failed save preserves the policy draft (778ms)
  ✓  473 [chromium] › tests/e2e/dashboard-access.spec.ts:7:5 › a resource reader cannot open a dashboard or request its metrics (561ms)
  ✓  474 [chromium] › tests/e2e/dashboard-access.spec.ts:17:5 › dashboard requests use the signed-in identity and preserve successful metrics (504ms)
  ✓  475 [chromium] › tests/e2e/dashboard-access.spec.ts:31:7 › / reports failed data instead of a zero dashboard (526ms)
  ✓  476 [chromium] › tests/e2e/dashboard-access.spec.ts:31:7 › /executive reports failed data instead of a zero dashboard (515ms)
  ✓  477 [chromium] › tests/e2e/dashboard-access.spec.ts:31:7 › /operations reports failed data instead of a zero dashboard (539ms)
  ✓  478 [chromium] › tests/e2e/dashboard-access.spec.ts:31:7 › /finance reports failed data instead of a zero dashboard (511ms)
  ✓  479 [chromium] › tests/e2e/dashboard-access.spec.ts:31:7 › /growth reports failed data instead of a zero dashboard (659ms)
  ✓  480 [chromium] › tests/e2e/dashboard-access.spec.ts:31:7 › /constraints-center reports failed data instead of a zero dashboard (663ms)
  ✓  481 [chromium] › tests/e2e/dashboard-access.spec.ts:31:7 › /recommendations-center reports failed data instead of a zero dashboard (509ms)
  ✓  482 [chromium] › tests/e2e/dashboard-access.spec.ts:31:7 › /kpis-center reports failed data instead of a zero dashboard (477ms)
  ✓  483 [chromium] › tests/e2e/dashboard-access.spec.ts:31:7 › /workflows-center reports failed data instead of a zero dashboard (659ms)
  ✓  484 [chromium] › tests/e2e/dashboard-access.spec.ts:41:5 › unauthenticated requests never receive server-rendered dashboard metrics (433ms)
  ✓  485 [chromium] › tests/e2e/dashboard-access.spec.ts:53:5 › login falls back to the permitted queue when the suggested dashboard is not authorized (745ms)
  ✓  486 [chromium] › tests/e2e/detail-hydration/checkpoint-details.spec.ts:11:9 › Seeded detail hydration › Signal detail renders seeded checkpoint data (574ms)
  ✓  487 [chromium] › tests/e2e/detail-hydration/checkpoint-details.spec.ts:11:9 › Seeded detail hydration › Organization detail renders seeded checkpoint data (504ms)
  ✓  488 [chromium] › tests/e2e/detail-hydration/checkpoint-details.spec.ts:11:9 › Seeded detail hydration › Contact detail renders seeded checkpoint data (528ms)
  ✓  489 [chromium] › tests/e2e/detail-hydration/checkpoint-details.spec.ts:11:9 › Seeded detail hydration › Relationship Map detail renders seeded checkpoint data (562ms)
  ✓  490 [chromium] › tests/e2e/detail-hydration/checkpoint-details.spec.ts:11:9 › Seeded detail hydration › Opportunity Candidate detail renders seeded checkpoint data (503ms)
  ✓  491 [chromium] › tests/e2e/detail-hydration/checkpoint-details.spec.ts:11:9 › Seeded detail hydration › Opportunity detail renders seeded checkpoint data (706ms)
  ✓  492 [chromium] › tests/e2e/detail-hydration/checkpoint-details.spec.ts:11:9 › Seeded detail hydration › Coverage Plan detail renders seeded checkpoint data (471ms)
  ✓  493 [chromium] › tests/e2e/detail-hydration/checkpoint-details.spec.ts:11:9 › Seeded detail hydration › Project detail renders seeded checkpoint data (527ms)
  ✓  494 [chromium] › tests/e2e/detail-hydration/checkpoint-details.spec.ts:11:9 › Seeded detail hydration › Work Order detail renders seeded checkpoint data (671ms)
  ✓  495 [chromium] › tests/e2e/detail-hydration/checkpoint-details.spec.ts:11:9 › Seeded detail hydration › Production Record detail renders seeded checkpoint data (1.1s)
  ✓  496 [chromium] › tests/e2e/detail-hydration/checkpoint-details.spec.ts:11:9 › Seeded detail hydration › QC Review detail renders seeded checkpoint data (582ms)
  ✓  497 [chromium] › tests/e2e/detail-hydration/checkpoint-details.spec.ts:11:9 › Seeded detail hydration › Billable Item detail renders seeded checkpoint data (923ms)
  ✓  498 [chromium] › tests/e2e/detail-hydration/checkpoint-details.spec.ts:11:9 › Seeded detail hydration › Settlement detail renders seeded checkpoint data (630ms)
  ✓  499 [chromium] › tests/e2e/detail-hydration/checkpoint-details.spec.ts:11:9 › Seeded detail hydration › Invoice detail renders seeded checkpoint data (598ms)
  ✓  500 [chromium] › tests/e2e/detail-hydration/checkpoint-details.spec.ts:11:9 › Seeded detail hydration › Cash Receipt detail renders seeded checkpoint data (847ms)
  ✓  501 [chromium] › tests/e2e/detail-hydration/checkpoint-details.spec.ts:11:9 › Seeded detail hydration › Payment Application detail renders seeded checkpoint data (645ms)
  ✓  502 [chromium] › tests/e2e/detail-hydration/checkpoint-details.spec.ts:11:9 › Seeded detail hydration › Collection Case detail renders seeded checkpoint data (723ms)
  ✓  503 [chromium] › tests/e2e/detail-hydration/checkpoint-details.spec.ts:11:9 › Seeded detail hydration › Collection Action detail renders seeded checkpoint data (722ms)
  ✓  504 [chromium] › tests/e2e/detail-hydration/checkpoint-details.spec.ts:11:9 › Seeded detail hydration › Contractor Payable detail renders seeded checkpoint data (792ms)
  ✓  505 [chromium] › tests/e2e/detail-hydration/checkpoint-details.spec.ts:11:9 › Seeded detail hydration › Payroll Run detail renders seeded checkpoint data (743ms)
  ✓  506 [chromium] › tests/e2e/detail-hydration/checkpoint-details.spec.ts:11:9 › Seeded detail hydration › Payment Batch detail renders seeded checkpoint data (764ms)
  ✓  507 [chromium] › tests/e2e/detail-hydration/checkpoint-details.spec.ts:11:9 › Seeded detail hydration › Payment Item detail renders seeded checkpoint data (854ms)
  ✓  508 [chromium] › tests/e2e/detail-hydration/checkpoint-details.spec.ts:11:9 › Seeded detail hydration › Bank Account detail renders seeded checkpoint data (967ms)
  ✓  509 [chromium] › tests/e2e/detail-hydration/checkpoint-details.spec.ts:11:9 › Seeded detail hydration › Bank Transaction detail renders seeded checkpoint data (892ms)
  ✓  510 [chromium] › tests/e2e/detail-hydration/checkpoint-details.spec.ts:11:9 › Seeded detail hydration › Reconciliation Match detail renders seeded checkpoint data (896ms)
  ✓  511 [chromium] › tests/e2e/detail-hydration/checkpoint-details.spec.ts:11:9 › Seeded detail hydration › Accounting Export Batch detail renders seeded checkpoint data (757ms)
  ✓  512 [chromium] › tests/e2e/detail-hydration/checkpoint-details.spec.ts:11:9 › Seeded detail hydration › Accounting Export Item detail renders seeded checkpoint data (1.1s)
  ✓  513 [chromium] › tests/e2e/executive-command-throughput.spec.ts:33:7 › P16 Executive Command Center throughput and daily decision support › authorized executive can open Command Center; Partner and cross-tenant users are denied (739ms)
  ✓  514 [chromium] › tests/e2e/executive-command-throughput.spec.ts:49:7 › P16 Executive Command Center throughput and daily decision support › growth and capacity KPIs consume P15/P14 without mutating opportunities or assignments (30ms)
  ✓  515 [chromium] › tests/e2e/executive-command-throughput.spec.ts:63:7 › P16 Executive Command Center throughput and daily decision support › production and Customer QC KPIs are unit-aware and separate Customer delay from Partner correction (21ms)
  ✓  516 [chromium] › tests/e2e/executive-command-throughput.spec.ts:76:7 › P16 Executive Command Center throughput and daily decision support › finance KPIs preserve Customer revenue and Partner payable chain separation (21ms)
  ✓  517 [chromium] › tests/e2e/executive-command-throughput.spec.ts:90:7 › P16 Executive Command Center throughput and daily decision support › daily actions are deterministic, deduped, routed, and do not execute source actions (39ms)
  ✓  518 [chromium] › tests/e2e/executive-command-throughput.spec.ts:104:7 › P16 Executive Command Center throughput and daily decision support › scheduled scan is locked and idempotent; no rates, secrets, Worker PII, or auto-actions leak (120ms)
  ✓  519 [chromium] › tests/e2e/history-search-and-admin.spec.ts:4:5 › record history search is usable, scoped and recoverable (977ms)
  ✓  520 [chromium] › tests/e2e/history-search-and-admin.spec.ts:9:5 › administration uses member search and hides unauthorized controls (952ms)
  ✓  521 [chromium] › tests/e2e/history-search-and-admin.spec.ts:13:5 › unconfigured sign-in alternatives stay unavailable (1.3s)
  ✓  522 [chromium] › tests/e2e/history-search-and-admin.spec.ts:14:5 › global search returns readable records and recovers from an empty search (995ms)
{"timestamp":"2026-10-06T20:13:49.742Z","category":"Event","message":"event_created","tenantId":"90b3e7ac-f833-42f0-be91-e7850f49010b","actorUserId":"4bf92bf6-0087-4101-a9bb-fcd2a8b1ef32","eventId":"7a4055af-bccf-42c7-bcd3-7512eadde437","eventType":"prime_delivery.destination_approved","aggregateType":"invoice","aggregateId":"21b56b89-25f4-4c86-b8ec-f93f3230df62"}
{"timestamp":"2026-10-06T20:13:49.744Z","category":"Audit","message":"audit_log_created","tenantId":"90b3e7ac-f833-42f0-be91-e7850f49010b","actorUserId":"4bf92bf6-0087-4101-a9bb-fcd2a8b1ef32","action":"prime_delivery.destination_approved","entityType":"prime_delivery_destination","entityId":"21b56b89-25f4-4c86-b8ec-f93f3230df62"}
{"timestamp":"2026-10-06T20:13:49.797Z","category":"Event","message":"event_created","tenantId":"90b3e7ac-f833-42f0-be91-e7850f49010b","actorUserId":"4bf92bf6-0087-4101-a9bb-fcd2a8b1ef32","eventId":"957b66b1-b845-454f-b5b3-5cb5a17e3db6","eventType":"prime_delivery.queued","aggregateType":"invoice","aggregateId":"d47fc954-d5d4-4f70-afee-af033ae5391e"}
{"timestamp":"2026-10-06T20:13:49.798Z","category":"Audit","message":"audit_log_created","tenantId":"90b3e7ac-f833-42f0-be91-e7850f49010b","actorUserId":"4bf92bf6-0087-4101-a9bb-fcd2a8b1ef32","action":"prime_delivery.queued","entityType":"prime_delivery_job","entityId":"d47fc954-d5d4-4f70-afee-af033ae5391e"}
{"timestamp":"2026-10-06T20:13:49.850Z","category":"Event","message":"event_created","tenantId":"90b3e7ac-f833-42f0-be91-e7850f49010b","actorUserId":"4bf92bf6-0087-4101-a9bb-fcd2a8b1ef32","eventId":"4abadd3a-7f7c-4045-b15b-d83abe7f5b3c","eventType":"prime_delivery.cancelled","aggregateType":"invoice","aggregateId":"d47fc954-d5d4-4f70-afee-af033ae5391e"}
{"timestamp":"2026-10-06T20:13:49.852Z","category":"Audit","message":"audit_log_created","tenantId":"90b3e7ac-f833-42f0-be91-e7850f49010b","actorUserId":"4bf92bf6-0087-4101-a9bb-fcd2a8b1ef32","action":"prime_delivery.cancelled","entityType":"prime_delivery_job","entityId":"d47fc954-d5d4-4f70-afee-af033ae5391e"}
{"timestamp":"2026-10-06T20:13:49.890Z","category":"Event","message":"event_created","tenantId":"90b3e7ac-f833-42f0-be91-e7850f49010b","actorUserId":"4bf92bf6-0087-4101-a9bb-fcd2a8b1ef32","eventId":"79661858-491a-490e-857b-93eafe3854fd","eventType":"prime_delivery.queued","aggregateType":"invoice","aggregateId":"9abe6cf1-36d2-4c1e-b32a-860638e0d4e2"}
{"timestamp":"2026-10-06T20:13:49.891Z","category":"Audit","message":"audit_log_created","tenantId":"90b3e7ac-f833-42f0-be91-e7850f49010b","actorUserId":"4bf92bf6-0087-4101-a9bb-fcd2a8b1ef32","action":"prime_delivery.queued","entityType":"prime_delivery_job","entityId":"9abe6cf1-36d2-4c1e-b32a-860638e0d4e2"}
{"timestamp":"2026-10-06T20:13:49.937Z","category":"Event","message":"event_created","tenantId":"90b3e7ac-f833-42f0-be91-e7850f49010b","actorUserId":"4bf92bf6-0087-4101-a9bb-fcd2a8b1ef32","eventId":"aa422840-e29f-47a4-aecb-20bf1fb66b50","eventType":"prime_delivery.review_resolved","aggregateType":"invoice","aggregateId":"9abe6cf1-36d2-4c1e-b32a-860638e0d4e2"}
{"timestamp":"2026-10-06T20:13:49.939Z","category":"Audit","message":"audit_log_created","tenantId":"90b3e7ac-f833-42f0-be91-e7850f49010b","actorUserId":"4bf92bf6-0087-4101-a9bb-fcd2a8b1ef32","action":"prime_delivery.review_resolved","entityType":"prime_delivery_job","entityId":"9abe6cf1-36d2-4c1e-b32a-860638e0d4e2"}
{"timestamp":"2026-10-06T20:13:49.964Z","category":"Event","message":"event_created","tenantId":"90b3e7ac-f833-42f0-be91-e7850f49010b","actorUserId":"4bf92bf6-0087-4101-a9bb-fcd2a8b1ef32","eventId":"8c0ec167-24dc-47ab-9c61-716b772e31fe","eventType":"prime_delivery.queued","aggregateType":"invoice","aggregateId":"690ce032-7180-42f2-a55c-937ad7b2cb3e"}
{"timestamp":"2026-10-06T20:13:49.965Z","category":"Audit","message":"audit_log_created","tenantId":"90b3e7ac-f833-42f0-be91-e7850f49010b","actorUserId":"4bf92bf6-0087-4101-a9bb-fcd2a8b1ef32","action":"prime_delivery.queued","entityType":"prime_delivery_job","entityId":"690ce032-7180-42f2-a55c-937ad7b2cb3e"}
{"timestamp":"2026-10-06T20:13:50.072Z","category":"Event","message":"event_created","tenantId":"90b3e7ac-f833-42f0-be91-e7850f49010b","actorUserId":"4bf92bf6-0087-4101-a9bb-fcd2a8b1ef32","eventId":"9613219d-17bc-4d13-96b2-9cbebb14c292","eventType":"invoice_package.delivered","aggregateType":"invoice","aggregateId":"6a607110-321d-4b45-9feb-ce8e797ac72d"}
{"timestamp":"2026-10-06T20:13:50.073Z","category":"Audit","message":"audit_log_created","tenantId":"90b3e7ac-f833-42f0-be91-e7850f49010b","actorUserId":"4bf92bf6-0087-4101-a9bb-fcd2a8b1ef32","action":"invoice_package.delivered","entityType":"invoice_delivery_event","entityId":"6a607110-321d-4b45-9feb-ce8e797ac72d"}
{"timestamp":"2026-10-06T20:13:50.086Z","category":"Event","message":"event_created","tenantId":"90b3e7ac-f833-42f0-be91-e7850f49010b","actorUserId":"4bf92bf6-0087-4101-a9bb-fcd2a8b1ef32","eventId":"95085bac-ecfa-449c-9f95-ff46356d99d7","eventType":"prime_delivery.destination_revoked","aggregateType":"invoice","aggregateId":"21b56b89-25f4-4c86-b8ec-f93f3230df62"}
{"timestamp":"2026-10-06T20:13:50.087Z","category":"Audit","message":"audit_log_created","tenantId":"90b3e7ac-f833-42f0-be91-e7850f49010b","actorUserId":"4bf92bf6-0087-4101-a9bb-fcd2a8b1ef32","action":"prime_delivery.destination_revoked","entityType":"prime_delivery_destination","entityId":"21b56b89-25f4-4c86-b8ec-f93f3230df62"}
  ✓  523 [chromium] › tests/e2e/internal-workforce.spec.ts:10:5 › Sync management provisions a real internal crew through field production with strict readiness and access boundaries (5.8s)
  ✓  524 [chromium] › tests/e2e/lifecycle/high-risk-modals.spec.ts:12:9 › High-risk lifecycle modal certification › Payment Execution: /Mark Executed/i modal opens with required fields and boundary copy (1.1s)
  ✓  525 [chromium] › tests/e2e/lifecycle/high-risk-modals.spec.ts:12:9 › High-risk lifecycle modal certification › Bank Reconciliation: /Open Exception/i modal opens with required fields and boundary copy (915ms)
  ✓  526 [chromium] › tests/e2e/lifecycle/high-risk-modals.spec.ts:12:9 › High-risk lifecycle modal certification › Accounting Export: /Generate/i modal opens with required fields and boundary copy (1.1s)
  ✘  527 [chromium] › tests/e2e/lifecycle/high-risk-modals.spec.ts:12:9 › High-risk lifecycle modal certification › Accounting Export: /Mark Submitted/i modal opens with required fields and boundary copy (1.0s)
(node:38637) Warning: The 'NO_COLOR' env is ignored due to the 'FORCE_COLOR' env being set.
(Use `node --trace-warnings ...` to show where the warning was created)
  ✓  528 [chromium] › tests/e2e/login-accessibility.spec.ts:5:5 › login submits with Enter and announces a failed attempt (968ms)
  ✓  529 [chromium] › tests/e2e/login-accessibility.spec.ts:22:5 › login validates required fields before sending credentials (588ms)
  ✓  530 [chromium] › tests/e2e/operator-phase10.spec.ts:26:7 › Operator UI Phase 10 mobile, accessibility, and UAT readiness › mobile shell renders without accidental horizontal overflow (789ms)
  ✓  531 [chromium] › tests/e2e/operator-phase10.spec.ts:40:7 › Operator UI Phase 10 mobile, accessibility, and UAT readiness › tablet workbenches keep titles, queues, and controls visible (2.1s)
  ✓  532 [chromium] › tests/e2e/operator-phase10.spec.ts:62:7 › Operator UI Phase 10 mobile, accessibility, and UAT readiness › mobile Create Signal modal keeps title and actions in viewport (912ms)
  ✓  533 [chromium] › tests/e2e/operator-phase10.spec.ts:83:7 › Operator UI Phase 10 mobile, accessibility, and UAT readiness › keyboard focus reaches navigation, queue controls, and modal controls (839ms)
  ✓  534 [chromium] › tests/e2e/operator-phase10.spec.ts:103:7 › Operator UI Phase 10 mobile, accessibility, and UAT readiness › representative accessibility semantics are present (1.1s)
  ✓  535 [chromium] › tests/e2e/operator-phase10.spec.ts:119:7 › Operator UI Phase 10 mobile, accessibility, and UAT readiness › read-only detail still explains view-only state on tablet (1.2s)
  ✓  536 [chromium] › tests/e2e/operator-phase11.spec.ts:13:7 › Operator UI Phase 11 account onboarding workbench › renders the account onboarding pipeline and boundary copy (1.1s)
  ✓  537 [chromium] › tests/e2e/operator-phase11.spec.ts:31:7 › Operator UI Phase 11 account onboarding workbench › stage tabs and account lanes are interactive (1.3s)
  ✓  538 [chromium] › tests/e2e/operator-phase11.spec.ts:51:7 › Operator UI Phase 11 account onboarding workbench › shows contract-backed prime onboarding fields instead of hardcoded UI data (1.2s)
  ✓  539 [chromium] › tests/e2e/operator-phase3.spec.ts:6:7 › Operator UI Phase 3 command surfaces › Command Center renders daily priorities instead of redirect-only shell (1.0s)
  ✓  540 [chromium] › tests/e2e/operator-phase3.spec.ts:24:7 › Operator UI Phase 3 command surfaces › Executive Command Center leads with decisions and risk queues (1.2s)
  ✓  541 [chromium] › tests/e2e/operator-phase3.spec.ts:41:7 › Operator UI Phase 3 command surfaces › Operations Board renders workflow-first execution lanes (1.2s)
  ✓  542 [chromium] › tests/e2e/operator-phase3.spec.ts:60:7 › Operator UI Phase 3 command surfaces › operations users retain execution oversight without QC mutation authority (1.7s)
  ✓  543 [chromium] › tests/e2e/operator-phase4.spec.ts:6:7 › Operator UI Phase 4 execution queues › Work Orders page renders operator queue (1.1s)
  ✓  544 [chromium] › tests/e2e/operator-phase4.spec.ts:24:7 › Operator UI Phase 4 execution queues › Production Board renders operator queue (1.0s)
  ✓  545 [chromium] › tests/e2e/operator-phase4.spec.ts:41:7 › Operator UI Phase 4 execution queues › field supervisor retains production creation without approval or financial authority (1.2s)
  ✓  546 [chromium] › tests/e2e/operator-phase4.spec.ts:54:7 › Operator UI Phase 4 execution queues › QC Review Queue renders operator queue (966ms)
  ✓  547 [chromium] › tests/e2e/operator-phase4.spec.ts:70:7 › Operator UI Phase 4 execution queues › developer session UI is hidden by default on execution pages (1.1s)
  ✓  548 [chromium] › tests/e2e/operator-phase4.spec.ts:84:7 › Operator UI Phase 4 execution queues › read-only auditor can view execution queue without mutation controls (985ms)
  ✓  549 [chromium] › tests/e2e/operator-phase4.spec.ts:97:7 › Operator UI Phase 4 execution queues › queue tabs can be selected on execution pages (1.9s)
  ✓  550 [chromium] › tests/e2e/operator-phase5.spec.ts:6:7 › Operator UI Phase 5 finance workbenches › Billable Workbench renders operator queue (856ms)
  ✓  551 [chromium] › tests/e2e/operator-phase5.spec.ts:23:7 › Operator UI Phase 5 finance workbenches › Settlement Workbench renders operator queue (812ms)
  ✓  552 [chromium] › tests/e2e/operator-phase5.spec.ts:39:7 › Operator UI Phase 5 finance workbenches › Invoice Workbench renders operator queue (729ms)
  ✓  553 [chromium] › tests/e2e/operator-phase5.spec.ts:55:7 › Operator UI Phase 5 finance workbenches › developer session UI is hidden by default on finance workbenches (870ms)
  ✓  554 [chromium] › tests/e2e/operator-phase5.spec.ts:69:7 › Operator UI Phase 5 finance workbenches › financial boundary copy appears on finance workbenches (904ms)
  ✓  555 [chromium] › tests/e2e/operator-phase5.spec.ts:86:7 › Operator UI Phase 5 finance workbenches › queue tabs can be selected on finance workbenches (1.2s)
  ✓  556 [chromium] › tests/e2e/operator-phase5.spec.ts:109:7 › Operator UI Phase 5 finance workbenches › read-only auditor can view finance workbench without mutation controls (732ms)
  ✓  557 [chromium] › tests/e2e/operator-phase6.spec.ts:6:7 › Operator UI Phase 6 cash and collections workbenches › Cash Application Workbench renders operator queue (712ms)
  ✓  558 [chromium] › tests/e2e/operator-phase6.spec.ts:23:7 › Operator UI Phase 6 cash and collections workbenches › Collections Workbench renders operator queue (691ms)
  ✓  559 [chromium] › tests/e2e/operator-phase6.spec.ts:40:7 › Operator UI Phase 6 cash and collections workbenches › developer session UI is hidden by default on cash and collections pages (1.6s)
  ✓  560 [chromium] › tests/e2e/operator-phase6.spec.ts:66:7 › Operator UI Phase 6 cash and collections workbenches › cash boundary copy appears (669ms)
  ✓  561 [chromium] › tests/e2e/operator-phase6.spec.ts:77:7 › Operator UI Phase 6 cash and collections workbenches › collections boundary copy appears (635ms)
  ✓  562 [chromium] › tests/e2e/operator-phase6.spec.ts:88:7 › Operator UI Phase 6 cash and collections workbenches › queue tabs can be selected on cash and collections workbenches (1.5s)
  ✓  563 [chromium] › tests/e2e/operator-phase6.spec.ts:112:7 › Operator UI Phase 6 cash and collections workbenches › read-only auditor can view cash workbench without create access (840ms)
  ✓  564 [chromium] › tests/e2e/operator-phase7.spec.ts:6:7 › Operator UI Phase 7 payout workbenches › Contractor Payables Workbench renders operator queue (766ms)
  ✓  565 [chromium] › tests/e2e/operator-phase7.spec.ts:23:7 › Operator UI Phase 7 payout workbenches › Payroll Readiness Workbench renders operator queue (811ms)
  ✓  566 [chromium] › tests/e2e/operator-phase7.spec.ts:40:7 › Operator UI Phase 7 payout workbenches › Payment Execution Workbench renders operator queue (799ms)
  ✓  567 [chromium] › tests/e2e/operator-phase7.spec.ts:57:7 › Operator UI Phase 7 payout workbenches › developer session UI is hidden by default on payout pages (1.1s)
  ✓  568 [chromium] › tests/e2e/operator-phase7.spec.ts:71:7 › Operator UI Phase 7 payout workbenches › payout boundary copy appears (1.0s)
  ✓  569 [chromium] › tests/e2e/operator-phase7.spec.ts:88:7 › Operator UI Phase 7 payout workbenches › queue tabs can be selected on payout workbenches (1.5s)
  ✓  570 [chromium] › tests/e2e/operator-phase7.spec.ts:111:7 › Operator UI Phase 7 payout workbenches › read-only auditor can view contractor payables without create access (1.1s)
  ✓  571 [chromium] › tests/e2e/operator-phase8.spec.ts:6:7 › Operator UI Phase 8 finance control workbenches › Bank Reconciliation Workbench renders operator queue (960ms)
  ✓  572 [chromium] › tests/e2e/operator-phase8.spec.ts:23:7 › Operator UI Phase 8 finance control workbenches › Accounting Export Workbench renders operator queue (1.1s)
  ✓  573 [chromium] › tests/e2e/operator-phase8.spec.ts:40:7 › Operator UI Phase 8 finance control workbenches › developer session UI is hidden by default on finance control pages (1.5s)
  ✓  574 [chromium] › tests/e2e/operator-phase8.spec.ts:54:7 › Operator UI Phase 8 finance control workbenches › finance control boundary copy appears (1.2s)
  ✓  575 [chromium] › tests/e2e/operator-phase8.spec.ts:68:7 › Operator UI Phase 8 finance control workbenches › queue tabs can be selected on finance control workbenches (1.6s)
  ✓  576 [chromium] › tests/e2e/operator-phase8.spec.ts:86:7 › Operator UI Phase 8 finance control workbenches › read-only auditor can view bank reconciliation without create access (1.3s)
  ✓  577 [chromium] › tests/e2e/operator-phase9.spec.ts:16:7 › Operator UI Phase 9 detail and form standards › representative operational detail shows next action and boundary copy (1.7s)
  ✓  578 [chromium] › tests/e2e/operator-phase9.spec.ts:31:7 › Operator UI Phase 9 detail and form standards › representative finance detail shows boundary and danger separation (1.3s)
  ✓  579 [chromium] › tests/e2e/operator-phase9.spec.ts:47:7 › Operator UI Phase 9 detail and form standards › read-only auditor sees record context without lifecycle guidance or mutation controls (1.4s)
  ✓  580 [chromium] › tests/e2e/operator-phase9.spec.ts:64:7 › Operator UI Phase 9 detail and form standards › representative create form has purpose header and boundary notice (998ms)
  ✓  581 [chromium] › tests/e2e/operator-phase9.spec.ts:79:7 › Operator UI Phase 9 detail and form standards › signal detail hides developer controls and shows conversion boundary (986ms)
  ✓  582 [chromium] › tests/e2e/operator-phase9.spec.ts:93:7 › Operator UI Phase 9 detail and form standards › accounting export detail shows handoff next-action guidance (1.1s)
  ✓  583 [chromium] › tests/e2e/operator-shell.spec.ts:8:7 › Operator shell and page templates › operator shell renders compact workspace navigation (1.1s)
  ✓  584 [chromium] › tests/e2e/operator-shell.spec.ts:35:7 › Operator shell and page templates › workspace subnavigation follows the active workspace (1.3s)
  ✓  585 [chromium] › tests/e2e/operator-shell.spec.ts:57:7 › Operator shell and page templates › Signal Feed uses the shared queue page pattern (833ms)
  ✓  586 [chromium] › tests/e2e/operator-shell.spec.ts:74:7 › Operator shell and page templates › production/default UI hides developer session controls on operator pages (1.1s)
  ✓  587 [chromium] › tests/e2e/operator-shell.spec.ts:89:7 › Operator shell and page templates › read-only auditor can view Signal Feed without mutation actions (826ms)
  ✓  588 [chromium] › tests/e2e/operator-shell.spec.ts:102:7 › Operator shell and page templates › ActionButton disabled reason appears for blocked Verify action (881ms)
  ✓  589 [chromium] › tests/e2e/operator-shell.spec.ts:117:7 › Operator shell and page templates › queue tabs expose active state changes (903ms)
  ✓  590 [chromium] › tests/e2e/opportunity-capacity-matching.spec.ts:38:7 › P15 Opportunity capacity matching and recommendation intelligence › structured requirements are versioned and missing requirements are not guessed (65ms)
  ✓  591 [chromium] › tests/e2e/opportunity-capacity-matching.spec.ts:51:7 › P15 Opportunity capacity matching and recommendation intelligence › hard blockers override high scores and partner score remains distinct from match score (93ms)
  ✓  592 [chromium] › tests/e2e/opportunity-capacity-matching.spec.ts:67:7 › P15 Opportunity capacity matching and recommendation intelligence › capacity gap and multi-Partner coverage are explainable and do not assign work (26ms)
  ✓  593 [chromium] › tests/e2e/opportunity-capacity-matching.spec.ts:82:7 › P15 Opportunity capacity matching and recommendation intelligence › mandatory equipment blocks coverage where canonical equipment fit is missing (71ms)
  ✓  594 [chromium] › tests/e2e/opportunity-capacity-matching.spec.ts:91:7 › P15 Opportunity capacity matching and recommendation intelligence › shortlist and human decision are audited decision support, not assignment (35ms)
  ✓  595 [chromium] › tests/e2e/opportunity-capacity-matching.spec.ts:102:7 › P15 Opportunity capacity matching and recommendation intelligence › scheduled scan is locked and idempotent; Partner and cross-tenant access are denied (160ms)
  ✓  596 [chromium] › tests/e2e/partner-admin-invitations.spec.ts:47:7 › P18 Partner inquiry, invitation, and onboarding controls › public inquiry creates only a low-confidence inquiry and requires human qualification before invite (83ms)
  ✓  597 [chromium] › tests/e2e/partner-admin-invitations.spec.ts:95:7 › P18 Partner inquiry, invitation, and onboarding controls › Partner Admin invitation token lifecycle is hash-only, single-use, scoped, and race-safe (346ms)
  ✓  598 [chromium] › tests/e2e/partner-admin-invitations.spec.ts:170:7 › P18 Partner inquiry, invitation, and onboarding controls › Foreman invitation binds exact Worker/Crew assignment and rejects changed relationships (123ms)
  ✓  599 [chromium] › tests/e2e/partner-admin-invitations.spec.ts:212:7 › P18 Partner inquiry, invitation, and onboarding controls › onboarding workspace, approval boundary, analytics, and token-leak controls stay internal (61ms)
  ✓  600 [chromium] › tests/e2e/partner-admin-invitations.spec.ts:239:7 › P18 Partner inquiry, invitation, and onboarding controls › authenticated routing context is safe, server-trusted, and persona-aware (88ms)
  ✓  601 [chromium] › tests/e2e/partner-admin-invitations.spec.ts:276:7 › P18 Partner inquiry, invitation, and onboarding controls › production login uses email and password, then routes by server-trusted persona (493ms)
  ✓  602 [chromium] › tests/e2e/partner-admin-invitations.spec.ts:337:7 › P18 Partner inquiry, invitation, and onboarding controls › Partner Network workspace remains internal-only and preserves the human gate (78ms)
  ✓  603 [chromium] › tests/e2e/partner-admin-invitations.spec.ts:367:7 › P18 Partner inquiry, invitation, and onboarding controls › focused UI files encode login simplification, nav fail-closed, and Foreman Today route (10ms)
  ✓  604 [chromium] › tests/e2e/partner-agreements-work-orders-vehicles.spec.ts:47:7 › P5 Partner agreements, work orders, rates, and vehicles › internal user creates an MSA, enforces signer rules, and Partner can read only own safe view (249ms)
  ✓  605 [chromium] › tests/e2e/partner-agreements-work-orders-vehicles.spec.ts:137:7 › P5 Partner agreements, work orders, rates, and vehicles › Work Order activation preserves Partner rate isolation and cannot be managed by Partner users (164ms)
  ✓  606 [chromium] › tests/e2e/partner-agreements-work-orders-vehicles.spec.ts:182:7 › P5 Partner agreements, work orders, rates, and vehicles › vehicle custody, operators, condition, and allocation are tenant and Partner safe (134ms)
  ✓  607 [chromium] › tests/e2e/partner-agreements-work-orders-vehicles.spec.ts:233:7 › P5 Partner agreements, work orders, rates, and vehicles › vehicle agreement artifacts are restricted and Foreman sees only safe operational summary (147ms)
  ✓  608 [chromium] › tests/e2e/partner-agreements-work-orders-vehicles.spec.ts:256:7 › P5 Partner agreements, work orders, rates, and vehicles › events and audit omit restricted legal bytes, storage keys, internal rates, and internal notes (58ms)
  ✓  609 [chromium] › tests/e2e/partner-compliance-onboarding.spec.ts:38:7 › P3 Partner compliance onboarding foundation › setup declarations are scoped, idempotent, reviewable, and do not change readiness (161ms)
  ✓  610 [chromium] › tests/e2e/partner-compliance-onboarding.spec.ts:58:7 › P3 Partner compliance onboarding foundation › empty Partner compliance summary is organization scoped and Foreman safe (52ms)
  ✓  611 [chromium] › tests/e2e/partner-compliance-onboarding.spec.ts:77:7 › P3 Partner compliance onboarding foundation › Partner Admin submits own profile, W-9, payment readiness, and insurance without broadening scope (461ms)
  ✓  612 [chromium] › tests/e2e/partner-compliance-onboarding.spec.ts:156:7 › P3 Partner compliance onboarding foundation › restricted evidence is never public and remains tenant and Partner scoped (72ms)
  ✓  613 [chromium] › tests/e2e/partner-compliance-onboarding.spec.ts:173:7 › P3 Partner compliance onboarding foundation › internal reviewer verifies records, Partner users cannot self-approve, and compliance becomes ready (271ms)
  ✓  614 [chromium] › tests/e2e/partner-compliance-onboarding.spec.ts:208:7 › P3 Partner compliance onboarding foundation › insurance limit and expiration changes recalculate blockers and preserve version history (67ms)
  ✘  615 [chromium] › tests/e2e/partner-compliance-reviewer-download.spec.ts:6:5 › authenticated Partner Admin uploads canonical Partner Compliance evidence @reviewer-fixture-upload (0ms)
  -  616 [chromium] › tests/e2e/partner-compliance-reviewer-download.spec.ts:7:5 › authenticated reviewer downloads exact evidence-linked binary artifact @authenticated-reviewer
  -  617 [chromium] › tests/e2e/partner-compliance-reviewer-download.spec.ts:8:5 › authenticated Partner Admin downloads own-company artifact through Partner route @authenticated-reviewer
  -  618 [chromium] › tests/e2e/partner-compliance-reviewer-download.spec.ts:9:5 › authenticated Partner Admin is denied from internal reviewer route @authenticated-reviewer
  -  619 [chromium] › tests/e2e/partner-compliance-reviewer-download.spec.ts:10:5 › route registration smoke
  -  620 [chromium] › tests/e2e/partner-compliance-reviewer-download.spec.ts:11:5 › unauthenticated guard smoke
  -  621 [chromium] › tests/e2e/partner-compliance-reviewer-download.spec.ts:12:5 › invalid organization-ID validation
  -  622 [chromium] › tests/e2e/partner-compliance-reviewer-download.spec.ts:13:5 › invalid evidence-ID validation
(node:39156) Warning: The 'NO_COLOR' env is ignored due to the 'FORCE_COLOR' env being set.
(Use `node --trace-warnings ...` to show where the warning was created)
  ✓  623 [chromium] › tests/e2e/partner-domain-scope.spec.ts:41:7 › P1 Partner domain organization scope › organization-scoped list and detail are limited to the scoped Partner Organization (75ms)
  ✓  624 [chromium] › tests/e2e/partner-domain-scope.spec.ts:52:7 › P1 Partner domain organization scope › organization-scoped mutations revalidate scope server-side (42ms)
  ✓  625 [chromium] › tests/e2e/partner-domain-scope.spec.ts:69:7 › P1 Partner domain organization scope › guessed capacity provider and mismatched child records are denied (35ms)
  ✓  626 [chromium] › tests/e2e/partner-domain-scope.spec.ts:99:7 › P1 Partner domain organization scope › client-supplied scope inputs cannot broaden access (32ms)
  ✓  627 [chromium] › tests/e2e/partner-domain-scope.spec.ts:119:7 › P1 Partner domain organization scope › tenant-scoped internal access still works and unauthorized internal roles stay denied (41ms)
  ✓  628 [chromium] › tests/e2e/partner-domain-scope.spec.ts:131:7 › P1 Partner domain organization scope › cross-tenant Partner Organization access is denied (27ms)
  ✓  629 [chromium] › tests/e2e/partner-domain-scope.spec.ts:139:7 › P1 Partner domain organization scope › classification is provider-type constrained, idempotent, and audited only for creation (50ms)
  ✓  630 [chromium] › tests/e2e/partner-domain-scope.spec.ts:176:7 › P1 Partner domain organization scope › near-concurrent classification does not create duplicate active linkage (22ms)
  ✓  631 [chromium] › tests/e2e/partner-mobilization-readiness.spec.ts:56:7 › P6 Partner mobilization readiness and Notice to Proceed › evaluates canonical assignment context and blocks on missing source readiness (77ms)
  ✓  632 [chromium] › tests/e2e/partner-mobilization-readiness.spec.ts:73:7 › P6 Partner mobilization readiness and Notice to Proceed › enforces override governance and clears only overrideable administrative blockers (78ms)
  ✓  633 [chromium] › tests/e2e/partner-mobilization-readiness.spec.ts:99:7 › P6 Partner mobilization readiness and Notice to Proceed › approves mobilization, issues structured Notice, and keeps production start separate from QC and settlement (102ms)
  ✓  634 [chromium] › tests/e2e/partner-mobilization-readiness.spec.ts:126:7 › P6 Partner mobilization readiness and Notice to Proceed › Partner Admin and Foreman see only safe own Notice/readiness and acknowledgment is receipt-only (96ms)
  ✓  635 [chromium] › tests/e2e/partner-mobilization-readiness.spec.ts:153:7 › P6 Partner mobilization readiness and Notice to Proceed › canonical source mutations automatically invalidate readiness and hold authorization without restricted payload leaks (1.9s)
  ✓  636 [chromium] › tests/e2e/partner-mobilization-readiness.spec.ts:217:7 › P6 Partner mobilization readiness and Notice to Proceed › canonical P3/P4/P5 source events automatically invalidate ready authorization (1.3s)
{"timestamp":"2026-10-06T20:15:13.788Z","category":"Event","message":"event_created","tenantId":"21eaac8d-0c0a-4af9-ac01-997570f704d3","actorUserId":"590244af-afa7-4761-ad46-4f5609c2809d","eventId":"274088b7-8f66-4afc-b85f-ee94cfdbace0","eventType":"partner_insurance_policy.expired","aggregateType":"partner_insurance_policy","aggregateId":"1b6fcde4-8c6a-476c-a94b-cd3c49de7070"}
{"timestamp":"2026-10-06T20:15:13.790Z","category":"Audit","message":"audit_log_created","tenantId":"21eaac8d-0c0a-4af9-ac01-997570f704d3","actorUserId":"590244af-afa7-4761-ad46-4f5609c2809d","action":"mobilization_expiration.scan","entityType":"partner_insurance_policy","entityId":"1b6fcde4-8c6a-476c-a94b-cd3c49de7070"}
{"timestamp":"2026-10-06T20:15:13.797Z","category":"Event","message":"event_created","tenantId":"3cb54c3c-ea20-44f6-84f5-69d31f14f16e","actorUserId":"1961e2e7-8001-47bf-b9e3-6daff4cff5e0","eventId":"7d3f8bfb-af15-445d-a33b-5e30e89281aa","eventType":"partner_insurance_policy.expired","aggregateType":"partner_insurance_policy","aggregateId":"bac3cb2c-2255-4103-bf56-ec3f6582d775"}
{"timestamp":"2026-10-06T20:15:13.798Z","category":"Audit","message":"audit_log_created","tenantId":"3cb54c3c-ea20-44f6-84f5-69d31f14f16e","actorUserId":"1961e2e7-8001-47bf-b9e3-6daff4cff5e0","action":"mobilization_expiration.scan","entityType":"partner_insurance_policy","entityId":"bac3cb2c-2255-4103-bf56-ec3f6582d775"}
{"timestamp":"2026-10-06T20:15:13.808Z","category":"Event","message":"event_created","tenantId":"3cb54c3c-ea20-44f6-84f5-69d31f14f16e","actorUserId":"1961e2e7-8001-47bf-b9e3-6daff4cff5e0","eventId":"c4ce4b8b-c7f5-4c30-b516-dc6dd2818f04","eventType":"mobilization_readiness.changed","aggregateType":"mobilization_readiness","aggregateId":"c6606bf5-423a-425b-a1c3-c36795be1c44"}
{"timestamp":"2026-10-06T20:15:13.809Z","category":"Audit","message":"audit_log_created","tenantId":"3cb54c3c-ea20-44f6-84f5-69d31f14f16e","actorUserId":"1961e2e7-8001-47bf-b9e3-6daff4cff5e0","action":"mobilization_readiness.source_event_invalidate","entityType":"mobilization_readiness","entityId":"c6606bf5-423a-425b-a1c3-c36795be1c44"}
{"timestamp":"2026-10-06T20:15:13.814Z","category":"Event","message":"event_created","tenantId":"3cb54c3c-ea20-44f6-84f5-69d31f14f16e","actorUserId":"1961e2e7-8001-47bf-b9e3-6daff4cff5e0","eventId":"bcc0b744-5971-4e54-b7ad-79df24558938","eventType":"mobilization.held","aggregateType":"mobilization_decision","aggregateId":"700bdbb5-43b7-40b8-b0e6-74b3fbe2ad06"}
{"timestamp":"2026-10-06T20:15:13.815Z","category":"Audit","message":"audit_log_created","tenantId":"3cb54c3c-ea20-44f6-84f5-69d31f14f16e","actorUserId":"1961e2e7-8001-47bf-b9e3-6daff4cff5e0","action":"mobilization.source_event_hold","entityType":"mobilization_decision","entityId":"700bdbb5-43b7-40b8-b0e6-74b3fbe2ad06"}
{"timestamp":"2026-10-06T20:15:13.818Z","category":"Event","message":"event_created","tenantId":"3cb54c3c-ea20-44f6-84f5-69d31f14f16e","actorUserId":"1961e2e7-8001-47bf-b9e3-6daff4cff5e0","eventId":"f49b07b3-4240-4883-a902-d73831083d4d","eventType":"notice_to_proceed.held","aggregateType":"notice_to_proceed","aggregateId":"a8b81583-81c7-4b3d-a523-9b3b3f356ee3"}
{"timestamp":"2026-10-06T20:15:13.819Z","category":"Audit","message":"audit_log_created","tenantId":"3cb54c3c-ea20-44f6-84f5-69d31f14f16e","actorUserId":"1961e2e7-8001-47bf-b9e3-6daff4cff5e0","action":"notice_to_proceed.source_event_hold","entityType":"notice_to_proceed","entityId":"a8b81583-81c7-4b3d-a523-9b3b3f356ee3"}
{"timestamp":"2026-10-06T20:15:13.820Z","category":"Event","message":"event_created","tenantId":"3cb54c3c-ea20-44f6-84f5-69d31f14f16e","actorUserId":"1961e2e7-8001-47bf-b9e3-6daff4cff5e0","eventId":"5db6243c-bf2d-4210-8c7a-57769f339135","eventType":"production_start.held","aggregateType":"production_start","aggregateId":"bf862e11-4a05-4891-85fd-7894afed6f54"}
{"timestamp":"2026-10-06T20:15:13.821Z","category":"Audit","message":"audit_log_created","tenantId":"3cb54c3c-ea20-44f6-84f5-69d31f14f16e","actorUserId":"1961e2e7-8001-47bf-b9e3-6daff4cff5e0","action":"production_start.source_event_hold","entityType":"production_start_authorization","entityId":"bf862e11-4a05-4891-85fd-7894afed6f54"}
{"timestamp":"2026-10-06T20:15:13.823Z","category":"Event","message":"event_created","tenantId":"21eaac8d-0c0a-4af9-ac01-997570f704d3","actorUserId":"590244af-afa7-4761-ad46-4f5609c2809d","eventId":"3840a451-262f-4d22-90c4-b1c37d687059","eventType":"worker_credential.expired","aggregateType":"worker_credential","aggregateId":"7e72b15b-9ec3-4036-83de-7df9706f9da6"}
{"timestamp":"2026-10-06T20:15:13.824Z","category":"Audit","message":"audit_log_created","tenantId":"21eaac8d-0c0a-4af9-ac01-997570f704d3","actorUserId":"590244af-afa7-4761-ad46-4f5609c2809d","action":"mobilization_expiration.scan","entityType":"worker_credential","entityId":"7e72b15b-9ec3-4036-83de-7df9706f9da6"}
{"timestamp":"2026-10-06T20:15:13.828Z","category":"Event","message":"event_created","tenantId":"3cb54c3c-ea20-44f6-84f5-69d31f14f16e","actorUserId":"1961e2e7-8001-47bf-b9e3-6daff4cff5e0","eventId":"d67b6e2a-d8af-4864-8cf4-138b54d17aab","eventType":"worker_credential.expired","aggregateType":"worker_credential","aggregateId":"b180c191-fff2-4992-8138-adeeddfd5570"}
{"timestamp":"2026-10-06T20:15:13.829Z","category":"Audit","message":"audit_log_created","tenantId":"3cb54c3c-ea20-44f6-84f5-69d31f14f16e","actorUserId":"1961e2e7-8001-47bf-b9e3-6daff4cff5e0","action":"mobilization_expiration.scan","entityType":"worker_credential","entityId":"b180c191-fff2-4992-8138-adeeddfd5570"}
{"timestamp":"2026-10-06T20:15:13.836Z","category":"Event","message":"event_created","tenantId":"3cb54c3c-ea20-44f6-84f5-69d31f14f16e","actorUserId":"1961e2e7-8001-47bf-b9e3-6daff4cff5e0","eventId":"2562c325-de05-435e-a383-dcca7accef68","eventType":"mobilization_readiness.changed","aggregateType":"mobilization_readiness","aggregateId":"ac1d9be9-9109-48f3-a184-08b66da8fe33"}
{"timestamp":"2026-10-06T20:15:13.837Z","category":"Audit","message":"audit_log_created","tenantId":"3cb54c3c-ea20-44f6-84f5-69d31f14f16e","actorUserId":"1961e2e7-8001-47bf-b9e3-6daff4cff5e0","action":"mobilization_readiness.source_event_invalidate","entityType":"mobilization_readiness","entityId":"ac1d9be9-9109-48f3-a184-08b66da8fe33"}
{"timestamp":"2026-10-06T20:15:13.840Z","category":"Event","message":"event_created","tenantId":"21eaac8d-0c0a-4af9-ac01-997570f704d3","actorUserId":"590244af-afa7-4761-ad46-4f5609c2809d","eventId":"da89d180-c7a2-4d05-a8f9-8525837987ec","eventType":"worker_credential.expired","aggregateType":"worker_credential","aggregateId":"7e72b15b-9ec3-4036-83de-7df9706f9da6"}
{"timestamp":"2026-10-06T20:15:13.841Z","category":"Audit","message":"audit_log_created","tenantId":"21eaac8d-0c0a-4af9-ac01-997570f704d3","actorUserId":"590244af-afa7-4761-ad46-4f5609c2809d","action":"mobilization_expiration.scan","entityType":"worker_credential","entityId":"7e72b15b-9ec3-4036-83de-7df9706f9da6"}
{"timestamp":"2026-10-06T20:15:13.845Z","category":"Event","message":"event_created","tenantId":"3cb54c3c-ea20-44f6-84f5-69d31f14f16e","actorUserId":"1961e2e7-8001-47bf-b9e3-6daff4cff5e0","eventId":"d2463238-3e13-48f3-8854-bd7aec41636a","eventType":"worker_credential.expired","aggregateType":"worker_credential","aggregateId":"b180c191-fff2-4992-8138-adeeddfd5570"}
{"timestamp":"2026-10-06T20:15:13.846Z","category":"Audit","message":"audit_log_created","tenantId":"3cb54c3c-ea20-44f6-84f5-69d31f14f16e","actorUserId":"1961e2e7-8001-47bf-b9e3-6daff4cff5e0","action":"mobilization_expiration.scan","entityType":"worker_credential","entityId":"b180c191-fff2-4992-8138-adeeddfd5570"}
{"timestamp":"2026-10-06T20:15:13.850Z","category":"Event","message":"event_created","tenantId":"21eaac8d-0c0a-4af9-ac01-997570f704d3","actorUserId":"590244af-afa7-4761-ad46-4f5609c2809d","eventId":"c9f0afee-db12-4381-abdb-027870524527","eventType":"vehicle_assignment.inspection_expired","aggregateType":"vehicle_assignment","aggregateId":"c47eea8d-89fd-49e3-90c3-30a126bfb069"}
{"timestamp":"2026-10-06T20:15:13.851Z","category":"Audit","message":"audit_log_created","tenantId":"21eaac8d-0c0a-4af9-ac01-997570f704d3","actorUserId":"590244af-afa7-4761-ad46-4f5609c2809d","action":"mobilization_expiration.scan","entityType":"vehicle_assignment","entityId":"c47eea8d-89fd-49e3-90c3-30a126bfb069"}
{"timestamp":"2026-10-06T20:15:13.855Z","category":"Event","message":"event_created","tenantId":"3cb54c3c-ea20-44f6-84f5-69d31f14f16e","actorUserId":"1961e2e7-8001-47bf-b9e3-6daff4cff5e0","eventId":"f6015769-e1e8-4f46-9c7f-83d3ab65959b","eventType":"vehicle_assignment.inspection_expired","aggregateType":"vehicle_assignment","aggregateId":"84e3f87c-4d2a-430e-ae49-1214c83f9360"}
{"timestamp":"2026-10-06T20:15:13.856Z","category":"Audit","message":"audit_log_created","tenantId":"3cb54c3c-ea20-44f6-84f5-69d31f14f16e","actorUserId":"1961e2e7-8001-47bf-b9e3-6daff4cff5e0","action":"mobilization_expiration.scan","entityType":"vehicle_assignment","entityId":"84e3f87c-4d2a-430e-ae49-1214c83f9360"}
{"timestamp":"2026-10-06T20:15:13.864Z","category":"Event","message":"event_created","tenantId":"3cb54c3c-ea20-44f6-84f5-69d31f14f16e","actorUserId":"1961e2e7-8001-47bf-b9e3-6daff4cff5e0","eventId":"4a4409a4-746f-4295-9000-609df3002438","eventType":"mobilization_readiness.changed","aggregateType":"mobilization_readiness","aggregateId":"fecc6e88-ab93-44a5-bf9b-14686a405b0f"}
{"timestamp":"2026-10-06T20:15:13.865Z","category":"Audit","message":"audit_log_created","tenantId":"3cb54c3c-ea20-44f6-84f5-69d31f14f16e","actorUserId":"1961e2e7-8001-47bf-b9e3-6daff4cff5e0","action":"mobilization_readiness.source_event_invalidate","entityType":"mobilization_readiness","entityId":"fecc6e88-ab93-44a5-bf9b-14686a405b0f"}
{"timestamp":"2026-10-06T20:15:13.868Z","category":"Event","message":"event_created","tenantId":"3cb54c3c-ea20-44f6-84f5-69d31f14f16e","actorUserId":"1961e2e7-8001-47bf-b9e3-6daff4cff5e0","eventId":"f388444a-9449-4f89-b760-fff0a00d4736","eventType":"mobilization_override.expired","aggregateType":"mobilization_override","aggregateId":"caf14b09-123d-4bde-bb7c-b4d3be85d621"}
{"timestamp":"2026-10-06T20:15:13.869Z","category":"Audit","message":"audit_log_created","tenantId":"3cb54c3c-ea20-44f6-84f5-69d31f14f16e","actorUserId":"1961e2e7-8001-47bf-b9e3-6daff4cff5e0","action":"mobilization_expiration.scan","entityType":"mobilization_override","entityId":"caf14b09-123d-4bde-bb7c-b4d3be85d621"}
{"timestamp":"2026-10-06T20:15:13.875Z","category":"Event","message":"event_created","tenantId":"3cb54c3c-ea20-44f6-84f5-69d31f14f16e","actorUserId":"1961e2e7-8001-47bf-b9e3-6daff4cff5e0","eventId":"177f7fca-bf2f-4973-84e2-25439bf3cb79","eventType":"mobilization_readiness.changed","aggregateType":"mobilization_readiness","aggregateId":"6c859567-f319-4d36-b699-e2ef5cd09b7a"}
{"timestamp":"2026-10-06T20:15:13.876Z","category":"Audit","message":"audit_log_created","tenantId":"3cb54c3c-ea20-44f6-84f5-69d31f14f16e","actorUserId":"1961e2e7-8001-47bf-b9e3-6daff4cff5e0","action":"mobilization_readiness.source_event_invalidate","entityType":"mobilization_readiness","entityId":"6c859567-f319-4d36-b699-e2ef5cd09b7a"}
{"timestamp":"2026-10-06T20:15:13.880Z","category":"Event","message":"event_created","tenantId":"3cb54c3c-ea20-44f6-84f5-69d31f14f16e","actorUserId":"1961e2e7-8001-47bf-b9e3-6daff4cff5e0","eventId":"abb150b8-af53-40a0-9443-a0d0cf1a0230","eventType":"mobilization_decision.expired","aggregateType":"mobilization_decision","aggregateId":"42f01aa2-7cab-4a4f-aefe-4ddaebd7c50d"}
{"timestamp":"2026-10-06T20:15:13.880Z","category":"Audit","message":"audit_log_created","tenantId":"3cb54c3c-ea20-44f6-84f5-69d31f14f16e","actorUserId":"1961e2e7-8001-47bf-b9e3-6daff4cff5e0","action":"mobilization_expiration.scan","entityType":"mobilization_decision","entityId":"42f01aa2-7cab-4a4f-aefe-4ddaebd7c50d"}
{"timestamp":"2026-10-06T20:15:13.887Z","category":"Event","message":"event_created","tenantId":"3cb54c3c-ea20-44f6-84f5-69d31f14f16e","actorUserId":"1961e2e7-8001-47bf-b9e3-6daff4cff5e0","eventId":"81825917-2419-4531-a0ea-60a7e67c89aa","eventType":"mobilization_readiness.changed","aggregateType":"mobilization_readiness","aggregateId":"4f67a3a0-29e7-403c-8e1d-267bf21ac4e2"}
{"timestamp":"2026-10-06T20:15:13.888Z","category":"Audit","message":"audit_log_created","tenantId":"3cb54c3c-ea20-44f6-84f5-69d31f14f16e","actorUserId":"1961e2e7-8001-47bf-b9e3-6daff4cff5e0","action":"mobilization_readiness.source_event_invalidate","entityType":"mobilization_readiness","entityId":"4f67a3a0-29e7-403c-8e1d-267bf21ac4e2"}
{"timestamp":"2026-10-06T20:15:13.910Z","category":"Event","message":"event_created","tenantId":"21eaac8d-0c0a-4af9-ac01-997570f704d3","actorUserId":"590244af-afa7-4761-ad46-4f5609c2809d","eventId":"52de0d7e-e533-4316-932c-20af05ec35e6","eventType":"partner_insurance_policy.expired","aggregateType":"partner_insurance_policy","aggregateId":"1b6fcde4-8c6a-476c-a94b-cd3c49de7070"}
{"timestamp":"2026-10-06T20:15:13.911Z","category":"Audit","message":"audit_log_created","tenantId":"21eaac8d-0c0a-4af9-ac01-997570f704d3","actorUserId":"590244af-afa7-4761-ad46-4f5609c2809d","action":"mobilization_expiration.scan","entityType":"partner_insurance_policy","entityId":"1b6fcde4-8c6a-476c-a94b-cd3c49de7070"}
{"timestamp":"2026-10-06T20:15:13.915Z","category":"Event","message":"event_created","tenantId":"3cb54c3c-ea20-44f6-84f5-69d31f14f16e","actorUserId":"1961e2e7-8001-47bf-b9e3-6daff4cff5e0","eventId":"079f69f9-0eb6-4cac-aa16-3ded03ae3560","eventType":"partner_insurance_policy.expired","aggregateType":"partner_insurance_policy","aggregateId":"bac3cb2c-2255-4103-bf56-ec3f6582d775"}
{"timestamp":"2026-10-06T20:15:13.916Z","category":"Audit","message":"audit_log_created","tenantId":"3cb54c3c-ea20-44f6-84f5-69d31f14f16e","actorUserId":"1961e2e7-8001-47bf-b9e3-6daff4cff5e0","action":"mobilization_expiration.scan","entityType":"partner_insurance_policy","entityId":"bac3cb2c-2255-4103-bf56-ec3f6582d775"}
{"timestamp":"2026-10-06T20:15:13.919Z","category":"Event","message":"event_created","tenantId":"21eaac8d-0c0a-4af9-ac01-997570f704d3","actorUserId":"590244af-afa7-4761-ad46-4f5609c2809d","eventId":"1f02e16b-b907-4539-9760-b48e405f8557","eventType":"worker_credential.expired","aggregateType":"worker_credential","aggregateId":"7e72b15b-9ec3-4036-83de-7df9706f9da6"}
{"timestamp":"2026-10-06T20:15:13.920Z","category":"Audit","message":"audit_log_created","tenantId":"21eaac8d-0c0a-4af9-ac01-997570f704d3","actorUserId":"590244af-afa7-4761-ad46-4f5609c2809d","action":"mobilization_expiration.scan","entityType":"worker_credential","entityId":"7e72b15b-9ec3-4036-83de-7df9706f9da6"}
{"timestamp":"2026-10-06T20:15:13.924Z","category":"Event","message":"event_created","tenantId":"3cb54c3c-ea20-44f6-84f5-69d31f14f16e","actorUserId":"1961e2e7-8001-47bf-b9e3-6daff4cff5e0","eventId":"9fd879ba-7eb2-47b2-978c-a480ee7325f2","eventType":"worker_credential.expired","aggregateType":"worker_credential","aggregateId":"b180c191-fff2-4992-8138-adeeddfd5570"}
{"timestamp":"2026-10-06T20:15:13.925Z","category":"Audit","message":"audit_log_created","tenantId":"3cb54c3c-ea20-44f6-84f5-69d31f14f16e","actorUserId":"1961e2e7-8001-47bf-b9e3-6daff4cff5e0","action":"mobilization_expiration.scan","entityType":"worker_credential","entityId":"b180c191-fff2-4992-8138-adeeddfd5570"}
{"timestamp":"2026-10-06T20:15:13.929Z","category":"Event","message":"event_created","tenantId":"21eaac8d-0c0a-4af9-ac01-997570f704d3","actorUserId":"590244af-afa7-4761-ad46-4f5609c2809d","eventId":"1775a0cd-afe9-465c-a22b-c0480193956c","eventType":"worker_credential.expired","aggregateType":"worker_credential","aggregateId":"7e72b15b-9ec3-4036-83de-7df9706f9da6"}
{"timestamp":"2026-10-06T20:15:13.930Z","category":"Audit","message":"audit_log_created","tenantId":"21eaac8d-0c0a-4af9-ac01-997570f704d3","actorUserId":"590244af-afa7-4761-ad46-4f5609c2809d","action":"mobilization_expiration.scan","entityType":"worker_credential","entityId":"7e72b15b-9ec3-4036-83de-7df9706f9da6"}
{"timestamp":"2026-10-06T20:15:13.933Z","category":"Event","message":"event_created","tenantId":"3cb54c3c-ea20-44f6-84f5-69d31f14f16e","actorUserId":"1961e2e7-8001-47bf-b9e3-6daff4cff5e0","eventId":"46af95b7-9665-47a4-bac5-1f1147e7ad3c","eventType":"worker_credential.expired","aggregateType":"worker_credential","aggregateId":"b180c191-fff2-4992-8138-adeeddfd5570"}
{"timestamp":"2026-10-06T20:15:13.934Z","category":"Audit","message":"audit_log_created","tenantId":"3cb54c3c-ea20-44f6-84f5-69d31f14f16e","actorUserId":"1961e2e7-8001-47bf-b9e3-6daff4cff5e0","action":"mobilization_expiration.scan","entityType":"worker_credential","entityId":"b180c191-fff2-4992-8138-adeeddfd5570"}
{"timestamp":"2026-10-06T20:15:13.937Z","category":"Event","message":"event_created","tenantId":"21eaac8d-0c0a-4af9-ac01-997570f704d3","actorUserId":"590244af-afa7-4761-ad46-4f5609c2809d","eventId":"67e6de4e-c84b-4846-a96d-519fd8ad1cf3","eventType":"vehicle_assignment.inspection_expired","aggregateType":"vehicle_assignment","aggregateId":"c47eea8d-89fd-49e3-90c3-30a126bfb069"}
{"timestamp":"2026-10-06T20:15:13.938Z","category":"Audit","message":"audit_log_created","tenantId":"21eaac8d-0c0a-4af9-ac01-997570f704d3","actorUserId":"590244af-afa7-4761-ad46-4f5609c2809d","action":"mobilization_expiration.scan","entityType":"vehicle_assignment","entityId":"c47eea8d-89fd-49e3-90c3-30a126bfb069"}
{"timestamp":"2026-10-06T20:15:13.941Z","category":"Event","message":"event_created","tenantId":"3cb54c3c-ea20-44f6-84f5-69d31f14f16e","actorUserId":"1961e2e7-8001-47bf-b9e3-6daff4cff5e0","eventId":"c9bee233-2bab-4446-9cea-76446fd5724b","eventType":"vehicle_assignment.inspection_expired","aggregateType":"vehicle_assignment","aggregateId":"84e3f87c-4d2a-430e-ae49-1214c83f9360"}
{"timestamp":"2026-10-06T20:15:13.942Z","category":"Audit","message":"audit_log_created","tenantId":"3cb54c3c-ea20-44f6-84f5-69d31f14f16e","actorUserId":"1961e2e7-8001-47bf-b9e3-6daff4cff5e0","action":"mobilization_expiration.scan","entityType":"vehicle_assignment","entityId":"84e3f87c-4d2a-430e-ae49-1214c83f9360"}
  ✓  637 [chromium] › tests/e2e/partner-mobilization-readiness.spec.ts:291:7 › P6 Partner mobilization readiness and Notice to Proceed › scheduled expiration scan invalidates time-based sources and is idempotent (355ms)
  ✓  638 [chromium] › tests/e2e/partner-mobilization-readiness.spec.ts:335:7 › P6 Partner mobilization readiness and Notice to Proceed › duplicate and older source-event replay does not duplicate or restore authorization (176ms)
  ✓  639 [chromium] › tests/e2e/partner-performance-capacity.spec.ts:34:7 › P14 Partner performance, reputation, and capacity intelligence › recalculation creates one explainable versioned score snapshot and is idempotent (68ms)
  ✓  640 [chromium] › tests/e2e/partner-performance-capacity.spec.ts:50:7 › P14 Partner performance, reputation, and capacity intelligence › Daily Report timeliness uses operational timezone and leaves missing timezone unevaluated (255ms)
  ✓  641 [chromium] › tests/e2e/partner-performance-capacity.spec.ts:77:7 › P14 Partner performance, reputation, and capacity intelligence › quality, sample size, mixed units, and critical risk stay separate and explainable (48ms)
  ✓  642 [chromium] › tests/e2e/partner-performance-capacity.spec.ts:97:7 › P14 Partner performance, reputation, and capacity intelligence › capacity intelligence distinguishes verified ready capacity from unverified stated capacity (135ms)
  ✓  643 [chromium] › tests/e2e/partner-performance-capacity.spec.ts:115:7 › P14 Partner performance, reputation, and capacity intelligence › run-once scheduled scan is locked, idempotent, and time-sensitive for capacity horizons and critical risk (90ms)
  ✓  644 [chromium] › tests/e2e/partner-performance-capacity.spec.ts:135:7 › P14 Partner performance, reputation, and capacity intelligence › Partner Admin sees only own safe scorecard; Foreman and cross-tenant access are denied (29ms)
  ✓  645 [chromium] › tests/e2e/partner-personas-permissions.spec.ts:48:7 › P2 Partner personas, permissions, and route visibility › authentication and role gates deny unauthenticated, inactive membership, and no-role users (23ms)
  ✓  646 [chromium] › tests/e2e/partner-personas-permissions.spec.ts:76:7 › P2 Partner personas, permissions, and route visibility › authorized internal user assigns Partner Admin and Partner Foreman only to Partner Organizations (101ms)
  ✓  647 [chromium] › tests/e2e/partner-personas-permissions.spec.ts:133:7 › P2 Partner personas, permissions, and route visibility › Partner context resolves safe persona, organization, actions, and route visibility (60ms)
  ✓  648 [chromium] › tests/e2e/partner-personas-permissions.spec.ts:155:7 › P2 Partner personas, permissions, and route visibility › Partner users cannot broaden organization scope through headers, query, body, or guessed IDs (36ms)
  ✓  649 [chromium] › tests/e2e/partner-personas-permissions.spec.ts:175:7 › P2 Partner personas, permissions, and route visibility › Partner users cannot access internal routes or P1 classification mutation (29ms)
  ✓  650 [chromium] › tests/e2e/partner-personas-permissions.spec.ts:190:7 › P2 Partner personas, permissions, and route visibility › cross-tenant Partner users and capacity-provider guesses are denied (14ms)
  ✓  651 [chromium] › tests/e2e/partner-personas-permissions.spec.ts:203:7 › P2 Partner personas, permissions, and route visibility › role revocation and tenant membership deactivation revoke Partner context immediately (46ms)
  ✓  652 [chromium] › tests/e2e/partner-personas-permissions.spec.ts:228:7 › P2 Partner personas, permissions, and route visibility › multiple active Partner organization scopes are blocked instead of selectable (22ms)
  ✓  653 [chromium] › tests/e2e/partner-portal-shell.spec.ts:43:7 › P7 Partner Portal shell › Partner Admin enters dashboard with safe P1-P6 operational summary (999ms)
  ✓  654 [chromium] › tests/e2e/partner-portal-shell.spec.ts:79:7 › P7 Partner Portal shell › Partner Admin workspaces expose safe company, workforce, agreement, vehicle, and mobilization views (2.2s)
  ✓  655 [chromium] › tests/e2e/partner-portal-shell.spec.ts:120:7 › P7 Partner Portal shell › Partner Foreman receives field-focused navigation and no company-sensitive workspaces (1.3s)
  ✓  656 [chromium] › tests/e2e/partner-portal-shell.spec.ts:153:7 › P7 Partner Portal shell › guessed IDs and cross-Partner scope do not broaden Partner Portal access (1.5s)
  ✓  657 [chromium] › tests/e2e/partner-portal-shell.spec.ts:172:7 › P7 Partner Portal shell › Partner and SyncField shells reach terminal UI states without browser dialogs or client organization scope (1.7s)
  ✓  658 [chromium] › tests/e2e/partner-workforce-credentials.spec.ts:38:7 › P4 Partner crews, workers, credentials, and secure headshots › Partner Admin creates own Workers but cannot cross Partner scope or self-approve (158ms)
  ✓  659 [chromium] › tests/e2e/partner-workforce-credentials.spec.ts:72:7 › P4 Partner crews, workers, credentials, and secure headshots › Headshot upload stores actual bytes and enforces tenant, Partner, and persona authorization (220ms)
  ✓  660 [chromium] › tests/e2e/partner-workforce-credentials.spec.ts:110:7 › P4 Partner crews, workers, credentials, and secure headshots › Credentials are Partner-scoped, review-only internally, and readiness blocks on unverified or expired required credentials (276ms)
  ✓  661 [chromium] › tests/e2e/partner-workforce-credentials.spec.ts:142:7 › P4 Partner crews, workers, credentials, and secure headshots › Crews preserve membership history, foreman links gate Foreman roster/headshot access, and readiness is derived (674ms)
  ✓  662 [chromium] › tests/e2e/partner-workforce-credentials.spec.ts:183:7 › P4 Partner crews, workers, credentials, and secure headshots › events and audit payloads omit restricted PII and file storage details (354ms)
{"timestamp":"2026-10-06T20:15:26.252Z","category":"Event","message":"event_created","tenantId":"5fd16d40-5c3b-4836-9f96-272e35c27cc5","actorUserId":"1f7a1e6a-3f54-4919-a29f-f1d403723ee9","eventId":"0bb9024b-6570-4e66-aa99-c97388dafcb4","eventType":"contractor_payable.eligibility_changed","aggregateType":"contractor_payable","aggregateId":"fb0ed690-1ee5-4c28-9de2-4c00e9261df8"}
{"timestamp":"2026-10-06T20:15:26.256Z","category":"Audit","message":"audit_log_created","tenantId":"5fd16d40-5c3b-4836-9f96-272e35c27cc5","actorUserId":"1f7a1e6a-3f54-4919-a29f-f1d403723ee9","action":"contractor_payable.eligibility_changed","entityType":"contractor_payable","entityId":"fb0ed690-1ee5-4c28-9de2-4c00e9261df8"}
  ✓  663 [chromium] › tests/e2e/payment-retainage-adjustments.spec.ts:39:7 › P13 payment, retainage, and controlled financial adjustments › eligible Contractor Payable creates, submits, and confirms one Partner payment instruction (301ms)
  ✓  664 [chromium] › tests/e2e/payment-retainage-adjustments.spec.ts:79:7 › P13 payment, retainage, and controlled financial adjustments › failed provider attempt preserves history and releases in-flight amount for retry (143ms)
  ✓  665 [chromium] › tests/e2e/payment-retainage-adjustments.spec.ts:97:7 › P13 payment, retainage, and controlled financial adjustments › retainage release creates separate payable and preserves original retained history (451ms)
  ✓  666 [chromium] › tests/e2e/payment-retainage-adjustments.spec.ts:143:7 › P13 payment, retainage, and controlled financial adjustments › controlled adjustment preserves issued invoice and Partner payment view remains scoped and redacted (71ms)
{"timestamp":"2026-10-06T20:15:27.646Z","category":"Event","message":"event_created","tenantId":"7668bcdb-7c89-4f58-8eb3-253598d7f66a","actorUserId":"67414884-3f15-4a6a-91a7-4386e145dae9","eventId":"e79daa2c-7c37-4cf9-88df-b5a257b78181","eventType":"contractor_payable.eligibility_changed","aggregateType":"contractor_payable","aggregateId":"92c030e4-55ec-4dc8-93d6-89dce4cd0968"}
{"timestamp":"2026-10-06T20:15:27.651Z","category":"Audit","message":"audit_log_created","tenantId":"7668bcdb-7c89-4f58-8eb3-253598d7f66a","actorUserId":"67414884-3f15-4a6a-91a7-4386e145dae9","action":"contractor_payable.eligibility_changed","entityType":"contractor_payable","entityId":"92c030e4-55ec-4dc8-93d6-89dce4cd0968"}
  ✓  667 [chromium] › tests/e2e/payment-retainage-adjustments.spec.ts:307:5 › external payment records are idempotent, evidence-backed, and serialized against concurrent overpayment (594ms)
{"timestamp":"2026-10-06T20:15:28.255Z","category":"Event","message":"event_created","tenantId":"2694219b-b769-4b3f-93e0-73a62bc78cc8","actorUserId":"e6e42077-e2f1-442e-abe9-0d1e507c4c32","eventId":"b9b55db8-4510-48e6-9a61-8ce808801db2","eventType":"contractor_payable.eligibility_changed","aggregateType":"contractor_payable","aggregateId":"bd3cef79-8927-4bf6-9347-8ee3e5b819f3"}
{"timestamp":"2026-10-06T20:15:28.259Z","category":"Audit","message":"audit_log_created","tenantId":"2694219b-b769-4b3f-93e0-73a62bc78cc8","actorUserId":"e6e42077-e2f1-442e-abe9-0d1e507c4c32","action":"contractor_payable.eligibility_changed","entityType":"contractor_payable","entityId":"bd3cef79-8927-4bf6-9347-8ee3e5b819f3"}
  ✓  668 [chromium] › tests/e2e/payment-retainage-adjustments.spec.ts:345:5 › competing pending retainage authorizations cannot exceed the remaining balance (690ms)
{"timestamp":"2026-10-06T20:15:28.962Z","category":"Event","message":"event_created","tenantId":"b327d444-126f-440a-97fe-8431a9c48c9e","actorUserId":"e1af37d7-8c14-4183-810e-e8e3518d6b0a","eventId":"52a17e77-a4fe-4786-8dd4-9b0458d99e8b","eventType":"contractor_payable.eligibility_changed","aggregateType":"contractor_payable","aggregateId":"a9e56585-27e0-4daf-aea4-8b5c1c1f0cf9"}
{"timestamp":"2026-10-06T20:15:28.965Z","category":"Audit","message":"audit_log_created","tenantId":"b327d444-126f-440a-97fe-8431a9c48c9e","actorUserId":"e1af37d7-8c14-4183-810e-e8e3518d6b0a","action":"contractor_payable.eligibility_changed","entityType":"contractor_payable","entityId":"a9e56585-27e0-4daf-aea4-8b5c1c1f0cf9"}
  ✓  669 [chromium] › tests/e2e/payment-retainage-adjustments.spec.ts:366:5 › payment advancement rejects unverified agreements and duplicate payable exposure (413ms)
{"timestamp":"2026-10-06T20:15:29.525Z","category":"Event","message":"event_created","tenantId":"fbfdc8b3-6598-4ea9-9cbc-26183162a3e7","actorUserId":"8bb95fdd-9727-4c15-97cd-75ea9b316901","eventId":"408ffeed-79d4-42a1-abcc-3599131f1bda","eventType":"contractor_payable.eligibility_changed","aggregateType":"contractor_payable","aggregateId":"76ceda70-98ff-457e-94a3-08d2fc250018"}
{"timestamp":"2026-10-06T20:15:29.529Z","category":"Audit","message":"audit_log_created","tenantId":"fbfdc8b3-6598-4ea9-9cbc-26183162a3e7","actorUserId":"8bb95fdd-9727-4c15-97cd-75ea9b316901","action":"contractor_payable.eligibility_changed","entityType":"contractor_payable","entityId":"76ceda70-98ff-457e-94a3-08d2fc250018"}
  ✓  670 [chromium] › tests/e2e/payment-retainage-adjustments.spec.ts:383:5 › finance review UI retains unmatched observations without posting payments and hides controls from foremen (1.5s)
{"timestamp":"2026-10-06T20:15:31.377Z","category":"Event","message":"event_created","tenantId":"5a2f8b1d-1422-4587-a90a-21099df96601","actorUserId":"cdcecee1-e959-4419-b68e-f72f63ed6ad3","eventId":"a6c031ca-6dce-42f2-a9e5-c806640cac7c","eventType":"contractor_payable.eligibility_changed","aggregateType":"contractor_payable","aggregateId":"12a88001-aaa5-4c9b-b393-18f605b4be7c"}
{"timestamp":"2026-10-06T20:15:31.381Z","category":"Audit","message":"audit_log_created","tenantId":"5a2f8b1d-1422-4587-a90a-21099df96601","actorUserId":"cdcecee1-e959-4419-b68e-f72f63ed6ad3","action":"contractor_payable.eligibility_changed","entityType":"contractor_payable","entityId":"12a88001-aaa5-4c9b-b393-18f605b4be7c"}
{"timestamp":"2026-10-06T20:15:31.416Z","category":"Event","message":"event_created","tenantId":"5a2f8b1d-1422-4587-a90a-21099df96601","actorUserId":"cdcecee1-e959-4419-b68e-f72f63ed6ad3","eventId":"2fe18324-9225-4d0d-a26a-881bfc10c0e7","eventType":"passport.posting_rehearsed","aggregateType":"passport","aggregateId":"d900fda6-5443-448a-8cd2-5d2862e6089b"}
{"timestamp":"2026-10-06T20:15:31.419Z","category":"Audit","message":"audit_log_created","tenantId":"5a2f8b1d-1422-4587-a90a-21099df96601","actorUserId":"cdcecee1-e959-4419-b68e-f72f63ed6ad3","action":"passport.posting_rehearsed","entityType":"passport_connection","entityId":"d900fda6-5443-448a-8cd2-5d2862e6089b"}
{"timestamp":"2026-10-06T20:15:31.520Z","category":"Event","message":"event_created","tenantId":"5a2f8b1d-1422-4587-a90a-21099df96601","actorUserId":"cdcecee1-e959-4419-b68e-f72f63ed6ad3","eventId":"cbd5a712-b856-4a13-9433-9afa7ba3c40d","eventType":"passport.posting_rehearsed","aggregateType":"passport","aggregateId":"d900fda6-5443-448a-8cd2-5d2862e6089b"}
{"timestamp":"2026-10-06T20:15:31.521Z","category":"Audit","message":"audit_log_created","tenantId":"5a2f8b1d-1422-4587-a90a-21099df96601","actorUserId":"cdcecee1-e959-4419-b68e-f72f63ed6ad3","action":"passport.posting_rehearsed","entityType":"passport_connection","entityId":"d900fda6-5443-448a-8cd2-5d2862e6089b"}
{"timestamp":"2026-10-06T20:15:31.522Z","category":"Event","message":"event_created","tenantId":"5a2f8b1d-1422-4587-a90a-21099df96601","actorUserId":"cdcecee1-e959-4419-b68e-f72f63ed6ad3","eventId":"ca228cff-01e3-49e6-8887-282db71bc7b1","eventType":"partner_payment.external_recorded","aggregateType":"external_partner_payment","aggregateId":"3aab29f4-dd09-471d-98f0-bd418eb16922"}
{"timestamp":"2026-10-06T20:15:31.524Z","category":"Audit","message":"audit_log_created","tenantId":"5a2f8b1d-1422-4587-a90a-21099df96601","actorUserId":"cdcecee1-e959-4419-b68e-f72f63ed6ad3","action":"partner_payment.external_recorded","entityType":"external_partner_payment","entityId":"3aab29f4-dd09-471d-98f0-bd418eb16922"}
{"timestamp":"2026-10-06T20:15:31.541Z","category":"Event","message":"event_created","tenantId":"5a2f8b1d-1422-4587-a90a-21099df96601","actorUserId":"cdcecee1-e959-4419-b68e-f72f63ed6ad3","eventId":"9d1b2db6-7969-4124-ba04-59b6228723d8","eventType":"passport.posting_rehearsed","aggregateType":"passport","aggregateId":"d900fda6-5443-448a-8cd2-5d2862e6089b"}
{"timestamp":"2026-10-06T20:15:31.543Z","category":"Audit","message":"audit_log_created","tenantId":"5a2f8b1d-1422-4587-a90a-21099df96601","actorUserId":"cdcecee1-e959-4419-b68e-f72f63ed6ad3","action":"passport.posting_rehearsed","entityType":"passport_connection","entityId":"d900fda6-5443-448a-8cd2-5d2862e6089b"}
{"timestamp":"2026-10-06T20:15:31.551Z","category":"Event","message":"event_created","tenantId":"5a2f8b1d-1422-4587-a90a-21099df96601","actorUserId":"cdcecee1-e959-4419-b68e-f72f63ed6ad3","eventId":"085f9fd0-be37-485b-86a6-d12adb123dcf","eventType":"passport.posting_rehearsed","aggregateType":"passport","aggregateId":"d900fda6-5443-448a-8cd2-5d2862e6089b"}
{"timestamp":"2026-10-06T20:15:31.552Z","category":"Audit","message":"audit_log_created","tenantId":"5a2f8b1d-1422-4587-a90a-21099df96601","actorUserId":"cdcecee1-e959-4419-b68e-f72f63ed6ad3","action":"passport.posting_rehearsed","entityType":"passport_connection","entityId":"d900fda6-5443-448a-8cd2-5d2862e6089b"}
{"timestamp":"2026-10-06T20:15:31.642Z","category":"Event","message":"event_created","tenantId":"5a2f8b1d-1422-4587-a90a-21099df96601","actorUserId":"cdcecee1-e959-4419-b68e-f72f63ed6ad3","eventId":"7eb20b99-4335-44f2-9d67-da468097a32b","eventType":"passport.posting_rehearsed","aggregateType":"passport","aggregateId":"d900fda6-5443-448a-8cd2-5d2862e6089b"}
{"timestamp":"2026-10-06T20:15:31.644Z","category":"Audit","message":"audit_log_created","tenantId":"5a2f8b1d-1422-4587-a90a-21099df96601","actorUserId":"cdcecee1-e959-4419-b68e-f72f63ed6ad3","action":"passport.posting_rehearsed","entityType":"passport_connection","entityId":"d900fda6-5443-448a-8cd2-5d2862e6089b"}
{"timestamp":"2026-10-06T20:15:31.645Z","category":"Event","message":"event_created","tenantId":"5a2f8b1d-1422-4587-a90a-21099df96601","actorUserId":"cdcecee1-e959-4419-b68e-f72f63ed6ad3","eventId":"d19c37aa-5d43-4f47-a5ed-72c87a191188","eventType":"partner_payment.external_recorded","aggregateType":"external_partner_payment","aggregateId":"87b6a318-ef70-4268-8c0e-9425bb5a2abd"}
{"timestamp":"2026-10-06T20:15:31.646Z","category":"Audit","message":"audit_log_created","tenantId":"5a2f8b1d-1422-4587-a90a-21099df96601","actorUserId":"cdcecee1-e959-4419-b68e-f72f63ed6ad3","action":"partner_payment.external_recorded","entityType":"external_partner_payment","entityId":"87b6a318-ef70-4268-8c0e-9425bb5a2abd"}
{"timestamp":"2026-10-06T20:15:31.870Z","category":"Event","message":"event_created","tenantId":"57fc7f46-ffb0-4140-aae2-9b6978c39af4","actorUserId":"a79eab1d-e47f-48f1-84af-0465ac5c756a","eventId":"b1f7f406-4473-402b-a252-8da782c6d959","eventType":"contractor_payable.eligibility_changed","aggregateType":"contractor_payable","aggregateId":"d365ae55-4361-4eaa-8c0a-3f4f2280b7c0"}
{"timestamp":"2026-10-06T20:15:31.874Z","category":"Audit","message":"audit_log_created","tenantId":"57fc7f46-ffb0-4140-aae2-9b6978c39af4","actorUserId":"a79eab1d-e47f-48f1-84af-0465ac5c756a","action":"contractor_payable.eligibility_changed","entityType":"contractor_payable","entityId":"d365ae55-4361-4eaa-8c0a-3f4f2280b7c0"}
{"timestamp":"2026-10-06T20:15:31.956Z","category":"Event","message":"event_created","tenantId":"57fc7f46-ffb0-4140-aae2-9b6978c39af4","actorUserId":"a79eab1d-e47f-48f1-84af-0465ac5c756a","eventId":"f2132258-2907-4efd-9771-357ad7836153","eventType":"passport.posting_rehearsed","aggregateType":"passport","aggregateId":"d785b57c-3a9d-42de-b918-1fe5a19ccb06"}
{"timestamp":"2026-10-06T20:15:31.957Z","category":"Audit","message":"audit_log_created","tenantId":"57fc7f46-ffb0-4140-aae2-9b6978c39af4","actorUserId":"a79eab1d-e47f-48f1-84af-0465ac5c756a","action":"passport.posting_rehearsed","entityType":"passport_connection","entityId":"d785b57c-3a9d-42de-b918-1fe5a19ccb06"}
{"timestamp":"2026-10-06T20:15:31.958Z","category":"Event","message":"event_created","tenantId":"57fc7f46-ffb0-4140-aae2-9b6978c39af4","actorUserId":"a79eab1d-e47f-48f1-84af-0465ac5c756a","eventId":"b35898c7-3e48-429a-adf7-d6870bb0bb18","eventType":"partner_payment.external_recorded","aggregateType":"external_partner_payment","aggregateId":"79784f8b-0bcf-4956-acc9-c8c24b6219ed"}
{"timestamp":"2026-10-06T20:15:31.960Z","category":"Audit","message":"audit_log_created","tenantId":"57fc7f46-ffb0-4140-aae2-9b6978c39af4","actorUserId":"a79eab1d-e47f-48f1-84af-0465ac5c756a","action":"partner_payment.external_recorded","entityType":"external_partner_payment","entityId":"79784f8b-0bcf-4956-acc9-c8c24b6219ed"}
{"timestamp":"2026-10-06T20:15:31.972Z","category":"Event","message":"event_created","tenantId":"57fc7f46-ffb0-4140-aae2-9b6978c39af4","actorUserId":"a79eab1d-e47f-48f1-84af-0465ac5c756a","eventId":"64748c73-70ae-42c4-acd4-d12f0d041610","eventType":"passport.posting_rehearsed","aggregateType":"passport","aggregateId":"d785b57c-3a9d-42de-b918-1fe5a19ccb06"}
{"timestamp":"2026-10-06T20:15:31.973Z","category":"Audit","message":"audit_log_created","tenantId":"57fc7f46-ffb0-4140-aae2-9b6978c39af4","actorUserId":"a79eab1d-e47f-48f1-84af-0465ac5c756a","action":"passport.posting_rehearsed","entityType":"passport_connection","entityId":"d785b57c-3a9d-42de-b918-1fe5a19ccb06"}
  ✓  671 [chromium] › tests/e2e/payment-retainage-adjustments.spec.ts:410:5 › prepared normalized posting persists partials once and retains exceptions without rewriting payments (1.4s)
  ✓  672 [chromium] › tests/e2e/persona-visibility.spec.ts:6:7 › Persona visibility smoke › system admin can see major governed navigation areas (978ms)
  ✓  673 [chromium] › tests/e2e/persona-visibility.spec.ts:14:7 › Persona visibility smoke › finance user can open finance workspaces (1.1s)
  ✓  674 [chromium] › tests/e2e/persona-visibility.spec.ts:24:7 › Persona visibility smoke › operations user can open execution workspaces (1.1s)
  ✓  675 [chromium] › tests/e2e/persona-visibility.spec.ts:34:7 › Persona visibility smoke › read-only auditor does not receive create permissions in stored persona state (975ms)
  ✓  676 [chromium] › tests/e2e/personas/minimum-personas.spec.ts:17:7 › Minimum persona permission certification › system admin has broad workspace and action visibility (1.7s)
  ✓  677 [chromium] › tests/e2e/personas/minimum-personas.spec.ts:30:7 › Minimum persona permission certification › operations manager can read execution but backend denies finance mutation (775ms)
  ✓  678 [chromium] › tests/e2e/personas/minimum-personas.spec.ts:41:7 › Minimum persona permission certification › finance user can read finance workspaces and lacks production mutation permissions (1.0s)
  ✓  679 [chromium] › tests/e2e/personas/minimum-personas.spec.ts:54:7 › Minimum persona permission certification › read-only auditor can read but cannot create or mutate (683ms)
  ✓  680 [chromium] › tests/e2e/production-readiness.spec.ts:42:7 › P17 production readiness release-candidate acceptance › onboarding to mobilization facts are scoped and canonical (4ms)
  ✓  681 [chromium] › tests/e2e/production-readiness.spec.ts:58:7 › P17 production readiness release-candidate acceptance › field-day and offline operating envelope preserve submitted production exactly once (6ms)
  ✓  682 [chromium] › tests/e2e/production-readiness.spec.ts:68:7 › P17 production readiness release-candidate acceptance › Customer QC, correction, reinspection, and accepted quantity remain lineage-safe (5ms)
  ✓  683 [chromium] › tests/e2e/production-readiness.spec.ts:90:7 › P17 production readiness release-candidate acceptance › billing, cash, payable, and executive finance KPIs keep Customer AR separate from Partner AP (86ms)
  ✓  684 [chromium] › tests/e2e/production-readiness.spec.ts:100:7 › P17 production readiness release-candidate acceptance › historical payable without accepted-work settlement items cannot advance to payment (24ms)
  ✓  685 [chromium] › tests/e2e/production-readiness.spec.ts:109:7 › P17 production readiness release-candidate acceptance › performance, opportunity matching, and command intelligence are recommendation-only (124ms)
  ✓  686 [chromium] › tests/e2e/production-readiness.spec.ts:121:7 › P17 production readiness release-candidate acceptance › generic-route bypass and cross-tenant attacks are denied (76ms)
  ✓  687 [chromium] › tests/e2e/production-readiness.spec.ts:137:7 › P17 production readiness release-candidate acceptance › Partner Foreman has no finance, ranking, Command Center, or sensitive data access (38ms)
  ✓  688 [chromium] › tests/e2e/production-readiness.spec.ts:147:7 › P17 production readiness release-candidate acceptance › Partner Admin cannot see competitor intelligence or internal command data (28ms)
  ✓  689 [chromium] › tests/e2e/production-readiness.spec.ts:156:7 › P17 production readiness release-candidate acceptance › critical drill-through routes enforce each internal release user's permissions (1.2s)
  ✓  690 [chromium] › tests/e2e/production-readiness.spec.ts:181:7 › P17 production readiness release-candidate acceptance › scheduler/idempotency and sensitive-payload release checks hold (102ms)
  ✓  691 [chromium] › tests/e2e/qc-create-capabilities.spec.ts:36:7 › QC create supported advanced capabilities › named selections and structured reasons persist without approving the review (1.2s)
  ✓  692 [chromium] › tests/e2e/qc-create-capabilities.spec.ts:93:7 › QC create supported advanced capabilities › QC Manager findings request corrections without accepting or billing production (1.4s)
  ✓  693 [chromium] › tests/e2e/qc-create-capabilities.spec.ts:130:7 › QC create supported advanced capabilities › read-only actor cannot enumerate create choices or create a review (30ms)
  ✓  694 [chromium] › tests/e2e/route-matrix.spec.ts:11:9 › Browser E2E route matrix › Growth / Intelligence: /intelligence (752ms)
  ✓  695 [chromium] › tests/e2e/route-matrix.spec.ts:11:9 › Browser E2E route matrix › Growth / Intelligence: /intelligence/signals (675ms)
  ✓  696 [chromium] › tests/e2e/route-matrix.spec.ts:11:9 › Browser E2E route matrix › Growth / Intelligence: /intelligence/signals/a0d4da94-a197-538f-ba6c-371154494228 (613ms)
  ✓  697 [chromium] › tests/e2e/route-matrix.spec.ts:11:9 › Browser E2E route matrix › Growth / Intelligence: /intelligence/account-onboarding (675ms)
  ✓  698 [chromium] › tests/e2e/route-matrix.spec.ts:11:9 › Browser E2E route matrix › Growth / Intelligence: /intelligence/organizations (679ms)
  ✓  699 [chromium] › tests/e2e/route-matrix.spec.ts:11:9 › Browser E2E route matrix › Growth / Intelligence: /intelligence/organizations/new (879ms)
  ✓  700 [chromium] › tests/e2e/route-matrix.spec.ts:11:9 › Browser E2E route matrix › Growth / Intelligence: /intelligence/organizations/432e658f-4058-51e2-bd24-f0b644f431a5 (698ms)
  ✓  701 [chromium] › tests/e2e/route-matrix.spec.ts:11:9 › Browser E2E route matrix › Growth / Intelligence: /intelligence/organizations/432e658f-4058-51e2-bd24-f0b644f431a5/edit (955ms)
  ✓  702 [chromium] › tests/e2e/route-matrix.spec.ts:11:9 › Browser E2E route matrix › Growth / Intelligence: /intelligence/contacts (846ms)
  ✓  703 [chromium] › tests/e2e/route-matrix.spec.ts:11:9 › Browser E2E route matrix › Growth / Intelligence: /intelligence/contacts/new (944ms)
  ✓  704 [chromium] › tests/e2e/route-matrix.spec.ts:11:9 › Browser E2E route matrix › Growth / Intelligence: /intelligence/contacts/44210d51-0251-5c85-a581-5149f269f21a (957ms)
  ✓  705 [chromium] › tests/e2e/route-matrix.spec.ts:11:9 › Browser E2E route matrix › Growth / Intelligence: /intelligence/contacts/44210d51-0251-5c85-a581-5149f269f21a/edit (1.2s)
  ✓  706 [chromium] › tests/e2e/route-matrix.spec.ts:11:9 › Browser E2E route matrix › Growth / Intelligence: /intelligence/relationship-maps (1.1s)
  ✓  707 [chromium] › tests/e2e/route-matrix.spec.ts:11:9 › Browser E2E route matrix › Growth / Intelligence: /intelligence/relationship-maps/new (1.1s)
  ✓  708 [chromium] › tests/e2e/route-matrix.spec.ts:11:9 › Browser E2E route matrix › Growth / Intelligence: /intelligence/relationship-maps/b7edc55d-4170-508a-8867-088de5d63bb7 (1.1s)
  ✓  709 [chromium] › tests/e2e/route-matrix.spec.ts:11:9 › Browser E2E route matrix › Growth / Intelligence: /intelligence/relationship-maps/b7edc55d-4170-508a-8867-088de5d63bb7/edit (1.3s)
  ✓  710 [chromium] › tests/e2e/route-matrix.spec.ts:11:9 › Browser E2E route matrix › Opportunity / Coverage: /opportunities (1.3s)
  ✓  711 [chromium] › tests/e2e/route-matrix.spec.ts:11:9 › Browser E2E route matrix › Opportunity / Coverage: /opportunities/candidates (1.2s)
  ✓  712 [chromium] › tests/e2e/route-matrix.spec.ts:11:9 › Browser E2E route matrix › Opportunity / Coverage: /opportunities/candidates/new (1.2s)
  ✓  713 [chromium] › tests/e2e/route-matrix.spec.ts:11:9 › Browser E2E route matrix › Opportunity / Coverage: /opportunities/candidates/6ac46226-5759-5192-98d2-47dbaea00b12 (971ms)
  ✓  714 [chromium] › tests/e2e/route-matrix.spec.ts:11:9 › Browser E2E route matrix › Opportunity / Coverage: /opportunities/candidates/6ac46226-5759-5192-98d2-47dbaea00b12/edit (1.3s)
  ✓  715 [chromium] › tests/e2e/route-matrix.spec.ts:11:9 › Browser E2E route matrix › Opportunity / Coverage: /opportunities/pipeline (1.3s)
  ✓  716 [chromium] › tests/e2e/route-matrix.spec.ts:11:9 › Browser E2E route matrix › Opportunity / Coverage: /opportunities/new (1.1s)
  ✓  717 [chromium] › tests/e2e/route-matrix.spec.ts:11:9 › Browser E2E route matrix › Opportunity / Coverage: /opportunities/4cd11c9f-64e0-519e-9a00-248720684e97 (1.0s)
  ✓  718 [chromium] › tests/e2e/route-matrix.spec.ts:11:9 › Browser E2E route matrix › Opportunity / Coverage: /opportunities/4cd11c9f-64e0-519e-9a00-248720684e97/edit (860ms)
  ✓  719 [chromium] › tests/e2e/route-matrix.spec.ts:11:9 › Browser E2E route matrix › Opportunity / Coverage: /opportunities/coverage (1.0s)
  ✓  720 [chromium] › tests/e2e/route-matrix.spec.ts:11:9 › Browser E2E route matrix › Opportunity / Coverage: /opportunities/coverage/new (1.0s)
  ✓  721 [chromium] › tests/e2e/route-matrix.spec.ts:11:9 › Browser E2E route matrix › Opportunity / Coverage: /opportunities/coverage/6c2adb9e-689f-5924-87d2-7fa46c416165 (790ms)
  ✓  722 [chromium] › tests/e2e/route-matrix.spec.ts:11:9 › Browser E2E route matrix › Opportunity / Coverage: /opportunities/coverage/6c2adb9e-689f-5924-87d2-7fa46c416165/edit (836ms)
  ✓  723 [chromium] › tests/e2e/route-matrix.spec.ts:11:9 › Browser E2E route matrix › Execution: /projects (858ms)
  ✓  724 [chromium] › tests/e2e/route-matrix.spec.ts:11:9 › Browser E2E route matrix › Execution: /projects/3e8fdeb8-dece-5285-833d-db832a5180fd (702ms)
  ✓  725 [chromium] › tests/e2e/route-matrix.spec.ts:11:9 › Browser E2E route matrix › Execution: /projects/3e8fdeb8-dece-5285-833d-db832a5180fd/edit (865ms)
  ✓  726 [chromium] › tests/e2e/route-matrix.spec.ts:11:9 › Browser E2E route matrix › Execution: /work-orders (821ms)
  ✓  727 [chromium] › tests/e2e/route-matrix.spec.ts:11:9 › Browser E2E route matrix › Execution: /work-orders/new (927ms)
  ✓  728 [chromium] › tests/e2e/route-matrix.spec.ts:11:9 › Browser E2E route matrix › Execution: /work-orders/6059ac12-783a-5172-a229-0213f1569b13 (1.2s)
  ✓  729 [chromium] › tests/e2e/route-matrix.spec.ts:11:9 › Browser E2E route matrix › Execution: /work-orders/6059ac12-783a-5172-a229-0213f1569b13/edit (777ms)
  ✓  730 [chromium] › tests/e2e/route-matrix.spec.ts:11:9 › Browser E2E route matrix › Execution: /production (829ms)
  ✓  731 [chromium] › tests/e2e/route-matrix.spec.ts:11:9 › Browser E2E route matrix › Execution: /production/new (949ms)
  ✓  732 [chromium] › tests/e2e/route-matrix.spec.ts:11:9 › Browser E2E route matrix › Execution: /production/d07f0f37-b932-50c0-a3c2-f007b62be454 (763ms)
  ✓  733 [chromium] › tests/e2e/route-matrix.spec.ts:11:9 › Browser E2E route matrix › Execution: /production/d07f0f37-b932-50c0-a3c2-f007b62be454/edit (969ms)
  ✓  734 [chromium] › tests/e2e/route-matrix.spec.ts:11:9 › Browser E2E route matrix › Execution: /qc (1.1s)
  ✓  735 [chromium] › tests/e2e/route-matrix.spec.ts:11:9 › Browser E2E route matrix › Execution: /qc/new (1.1s)
  ✓  736 [chromium] › tests/e2e/route-matrix.spec.ts:11:9 › Browser E2E route matrix › Execution: /qc/6d64587a-51d3-5b2b-b7c2-10eacd7b7789 (815ms)
  ✓  737 [chromium] › tests/e2e/route-matrix.spec.ts:11:9 › Browser E2E route matrix › Execution: /qc/6d64587a-51d3-5b2b-b7c2-10eacd7b7789/edit (830ms)
  ✓  738 [chromium] › tests/e2e/route-matrix.spec.ts:11:9 › Browser E2E route matrix › Revenue: /billable (1.1s)
  ✓  739 [chromium] › tests/e2e/route-matrix.spec.ts:11:9 › Browser E2E route matrix › Revenue: /billable/new (1.0s)
  ✓  740 [chromium] › tests/e2e/route-matrix.spec.ts:11:9 › Browser E2E route matrix › Revenue: /billable/c8ec8491-f179-579d-b19e-7428149abf97 (1.2s)
  ✓  741 [chromium] › tests/e2e/route-matrix.spec.ts:11:9 › Browser E2E route matrix › Revenue: /billable/c8ec8491-f179-579d-b19e-7428149abf97/edit (1.3s)
  ✓  742 [chromium] › tests/e2e/route-matrix.spec.ts:11:9 › Browser E2E route matrix › Revenue: /settlements (1.1s)
  ✓  743 [chromium] › tests/e2e/route-matrix.spec.ts:11:9 › Browser E2E route matrix › Revenue: /settlements/new (1.6s)
  ✓  744 [chromium] › tests/e2e/route-matrix.spec.ts:11:9 › Browser E2E route matrix › Revenue: /settlements/0899699c-1cb9-5955-b337-cdfb99e94538 (1.2s)
  ✓  745 [chromium] › tests/e2e/route-matrix.spec.ts:11:9 › Browser E2E route matrix › Revenue: /settlements/0899699c-1cb9-5955-b337-cdfb99e94538/edit (1.1s)
  ✓  746 [chromium] › tests/e2e/route-matrix.spec.ts:11:9 › Browser E2E route matrix › Revenue: /invoices (1.2s)
  ✓  747 [chromium] › tests/e2e/route-matrix.spec.ts:11:9 › Browser E2E route matrix › Revenue: /invoices/new (1.0s)
  ✓  748 [chromium] › tests/e2e/route-matrix.spec.ts:11:9 › Browser E2E route matrix › Revenue: /invoices/c8c9233d-8c96-55d9-a920-04dd928234ef (1.0s)
  ✓  749 [chromium] › tests/e2e/route-matrix.spec.ts:11:9 › Browser E2E route matrix › Revenue: /invoices/c8c9233d-8c96-55d9-a920-04dd928234ef/edit (1.1s)
  ✓  750 [chromium] › tests/e2e/route-matrix.spec.ts:11:9 › Browser E2E route matrix › Revenue: /cash (1.2s)
  ✓  751 [chromium] › tests/e2e/route-matrix.spec.ts:11:9 › Browser E2E route matrix › Revenue: /cash/receipts/new (949ms)
  ✓  752 [chromium] › tests/e2e/route-matrix.spec.ts:11:9 › Browser E2E route matrix › Revenue: /cash/receipts/9602b2c7-be2a-5abe-bb15-24dba6ef722f (819ms)
  ✓  753 [chromium] › tests/e2e/route-matrix.spec.ts:11:9 › Browser E2E route matrix › Revenue: /cash/receipts/9602b2c7-be2a-5abe-bb15-24dba6ef722f/edit (1.1s)
  ✓  754 [chromium] › tests/e2e/route-matrix.spec.ts:11:9 › Browser E2E route matrix › Revenue: /payment-applications (999ms)
  ✓  755 [chromium] › tests/e2e/route-matrix.spec.ts:11:9 › Browser E2E route matrix › Revenue: /payment-applications/15a8aea5-78eb-5183-82d8-35820df26cc3 (1.1s)
  ✓  756 [chromium] › tests/e2e/route-matrix.spec.ts:11:9 › Browser E2E route matrix › Revenue: /collections (784ms)
  ✓  757 [chromium] › tests/e2e/route-matrix.spec.ts:11:9 › Browser E2E route matrix › Revenue: /collections/new (912ms)
  ✓  758 [chromium] › tests/e2e/route-matrix.spec.ts:11:9 › Browser E2E route matrix › Revenue: /collections/eea202fc-fbf1-53e0-a1ee-c0c62fe22cf0 (755ms)
  ✓  759 [chromium] › tests/e2e/route-matrix.spec.ts:11:9 › Browser E2E route matrix › Revenue: /collections/eea202fc-fbf1-53e0-a1ee-c0c62fe22cf0/edit (924ms)
  ✓  760 [chromium] › tests/e2e/route-matrix.spec.ts:11:9 › Browser E2E route matrix › Revenue: /collection-actions (839ms)
  ✓  761 [chromium] › tests/e2e/route-matrix.spec.ts:11:9 › Browser E2E route matrix › Revenue: /collection-actions/4f84f07c-4653-5a25-92b6-ff1bfcf04c0e (1.1s)
  ✓  762 [chromium] › tests/e2e/route-matrix.spec.ts:11:9 › Browser E2E route matrix › Cost / Labor: /contractor-payables (681ms)
  ✓  763 [chromium] › tests/e2e/route-matrix.spec.ts:11:9 › Browser E2E route matrix › Cost / Labor: /contractor-payables/new (815ms)
  ✓  764 [chromium] › tests/e2e/route-matrix.spec.ts:11:9 › Browser E2E route matrix › Cost / Labor: /contractor-payables/0532f1ae-3ea9-5722-a17d-1ef59c055c60 (655ms)
  ✓  765 [chromium] › tests/e2e/route-matrix.spec.ts:11:9 › Browser E2E route matrix › Cost / Labor: /contractor-payables/0532f1ae-3ea9-5722-a17d-1ef59c055c60/edit (697ms)
  ✓  766 [chromium] › tests/e2e/route-matrix.spec.ts:11:9 › Browser E2E route matrix › Cost / Labor: /payroll (625ms)
  ✓  767 [chromium] › tests/e2e/route-matrix.spec.ts:11:9 › Browser E2E route matrix › Cost / Labor: /payroll/new (789ms)
  ✓  768 [chromium] › tests/e2e/route-matrix.spec.ts:11:9 › Browser E2E route matrix › Cost / Labor: /payroll/9a5e24b3-f800-5af8-9ae3-ca1f5d42bfb6 (794ms)
  ✓  769 [chromium] › tests/e2e/route-matrix.spec.ts:11:9 › Browser E2E route matrix › Cost / Labor: /payroll/9a5e24b3-f800-5af8-9ae3-ca1f5d42bfb6/edit (772ms)
  ✓  770 [chromium] › tests/e2e/route-matrix.spec.ts:11:9 › Browser E2E route matrix › Cost / Labor: /payments (772ms)
  ✓  771 [chromium] › tests/e2e/route-matrix.spec.ts:11:9 › Browser E2E route matrix › Cost / Labor: /payments/new (694ms)
  ✓  772 [chromium] › tests/e2e/route-matrix.spec.ts:11:9 › Browser E2E route matrix › Cost / Labor: /payments/7123d00c-09b2-5bce-bc4a-ccffe41f0639 (681ms)
  ✓  773 [chromium] › tests/e2e/route-matrix.spec.ts:11:9 › Browser E2E route matrix › Cost / Labor: /payments/7123d00c-09b2-5bce-bc4a-ccffe41f0639/edit (683ms)
  ✓  774 [chromium] › tests/e2e/route-matrix.spec.ts:11:9 › Browser E2E route matrix › Cost / Labor: /payment-items/6a46faba-f5a3-521e-aac6-4a334c104f9e (889ms)
  ✓  775 [chromium] › tests/e2e/route-matrix.spec.ts:11:9 › Browser E2E route matrix › Verification / Accounting: /bank-reconciliation (1.0s)
  ✓  776 [chromium] › tests/e2e/route-matrix.spec.ts:11:9 › Browser E2E route matrix › Verification / Accounting: /bank-reconciliation/accounts/new (1.2s)
  ✓  777 [chromium] › tests/e2e/route-matrix.spec.ts:11:9 › Browser E2E route matrix › Verification / Accounting: /bank-reconciliation/accounts/46166eca-ccc1-5390-b5da-05c5d36d613f (1.1s)
  ✓  778 [chromium] › tests/e2e/route-matrix.spec.ts:11:9 › Browser E2E route matrix › Verification / Accounting: /bank-reconciliation/accounts/46166eca-ccc1-5390-b5da-05c5d36d613f/edit (1.0s)
  ✓  779 [chromium] › tests/e2e/route-matrix.spec.ts:11:9 › Browser E2E route matrix › Verification / Accounting: /bank-reconciliation/transactions/new (1.0s)
  ✓  780 [chromium] › tests/e2e/route-matrix.spec.ts:11:9 › Browser E2E route matrix › Verification / Accounting: /bank-reconciliation/transactions/157b1af5-9bb3-5ad9-9305-1d12b7b364dd (1.3s)
  ✓  781 [chromium] › tests/e2e/route-matrix.spec.ts:11:9 › Browser E2E route matrix › Verification / Accounting: /bank-reconciliation/transactions/157b1af5-9bb3-5ad9-9305-1d12b7b364dd/edit (1.2s)
  ✓  782 [chromium] › tests/e2e/route-matrix.spec.ts:11:9 › Browser E2E route matrix › Verification / Accounting: /reconciliation-matches/e8e8852f-fb54-5dfa-8fc0-aa8cae22c42e (1.2s)
  ✓  783 [chromium] › tests/e2e/route-matrix.spec.ts:11:9 › Browser E2E route matrix › Verification / Accounting: /accounting-exports (1.1s)
  ✓  784 [chromium] › tests/e2e/route-matrix.spec.ts:11:9 › Browser E2E route matrix › Verification / Accounting: /accounting-exports/new (1.2s)
  ✓  785 [chromium] › tests/e2e/route-matrix.spec.ts:11:9 › Browser E2E route matrix › Verification / Accounting: /accounting-exports/b82c2439-08d3-5f49-8bf0-5b5538884df6 (1.1s)
  ✓  786 [chromium] › tests/e2e/route-matrix.spec.ts:11:9 › Browser E2E route matrix › Verification / Accounting: /accounting-exports/b82c2439-08d3-5f49-8bf0-5b5538884df6/edit (1.2s)
  ✓  787 [chromium] › tests/e2e/route-matrix.spec.ts:11:9 › Browser E2E route matrix › Verification / Accounting: /accounting-export-items/012a13a5-3f55-5523-a45c-d5f79a5367e0 (1.3s)
  ✓  788 [chromium] › tests/e2e/scope-financial-handoffs.spec.ts:38:7 › Scope preservation: financial role handoffs › accepted partner quantity passes billing, cash and payables roles to one evidence-backed external payment (1.3s)
  ✓  789 [chromium] › tests/e2e/scope-financial-handoffs.spec.ts:111:7 › Scope preservation: financial role handoffs › accepted employee source remains customer billable but cannot create partner debt (456ms)
  ✓  790 [chromium] › tests/e2e/scope-production-roles.spec.ts:14:7 › ops-manager creates, edits and submits production while approval and money remain forbidden (3.6s)
  ✓  791 [chromium] › tests/e2e/scope-production-roles.spec.ts:14:7 › field-supervisor creates, edits and submits production while approval and money remain forbidden (3.4s)
  ✓  792 [chromium] › tests/e2e/signal-feed-operator.spec.ts:8:7 › Signal Feed operator hardening › production/default mode hides developer session controls (1.3s)
  ✓  793 [chromium] › tests/e2e/signal-feed-operator.spec.ts:24:7 › Signal Feed operator hardening › unauthenticated state uses production-safe copy (721ms)
  ✓  794 [chromium] › tests/e2e/signal-feed-operator.spec.ts:39:7 › Signal Feed operator hardening › authenticated Signal Feed renders priorities, tabs, and collapsed filters (1.0s)
  ✓  795 [chromium] › tests/e2e/signal-feed-operator.spec.ts:57:7 › Signal Feed operator hardening › Create Signal opens an operator modal with modal standards (1.1s)
  ✓  796 [chromium] › tests/e2e/signal-feed-operator.spec.ts:76:7 › Signal Feed operator hardening › Categorize opens modal, submits, and refreshes (1.2s)
  ✓  797 [chromium] › tests/e2e/signal-feed-operator.spec.ts:91:7 › Signal Feed operator hardening › Score opens modal, submits, and refreshes (1.1s)
  ✓  798 [chromium] › tests/e2e/signal-feed-operator.spec.ts:105:7 › Signal Feed operator hardening › Verify disabled reason appears when evidence is missing (980ms)
  ✓  799 [chromium] › tests/e2e/signal-feed-operator.spec.ts:114:7 › Signal Feed operator hardening › Archive opens danger modal and requires reason (1.2s)
  ✓  800 [chromium] › tests/e2e/signal-feed-operator.spec.ts:129:7 › Signal Feed operator hardening › read-only auditor can view but cannot mutate (974ms)
  ✓  801 [chromium] › tests/e2e/syncfield-customer-qc.spec.ts:56:7 › P10 Customer QC intake, correction relay, and reinspection › production gate, Work Order codes, and field UI hydrate without rates (1.2s)
  ✓  802 [chromium] › tests/e2e/syncfield-customer-qc.spec.ts:85:7 › P10 Customer QC intake, correction relay, and reinspection › browser offline queue persists and automatically replays Asset, Route, and Daily production exactly once (2.5s)
  ✓  803 [chromium] › tests/e2e/syncfield-customer-qc.spec.ts:122:7 › P10 Customer QC intake, correction relay, and reinspection › offline replay revalidates lost production-start authorization and keeps failed work traceable (1.6s)
  ✓  804 [chromium] › tests/e2e/syncfield-customer-qc.spec.ts:146:7 › P10 Customer QC intake, correction relay, and reinspection › Asset, Route, and Daily production create authoritative records with subordinate annotations and idempotency (323ms)
  ✓  805 [chromium] › tests/e2e/syncfield-customer-qc.spec.ts:170:7 › P10 Customer QC intake, correction relay, and reinspection › submission creates immutable revision snapshot and blocks ordinary edits without QC or finance (1.4s)
  ✓  806 [chromium] › tests/e2e/syncfield-customer-qc.spec.ts:204:7 › P10 Customer QC intake, correction relay, and reinspection › field evidence is scoped, idempotent, readable by QC and rejects disguised files; incidents persist (1.4s)
  ✓  807 [chromium] › tests/e2e/syncfield-customer-qc.spec.ts:218:7 › P10 Customer QC intake, correction relay, and reinspection › Customer QC intake preserves reported quantities and creates Partner-safe correction history without finance (2.3s)
  ✓  808 [chromium] › tests/e2e/syncfield-customer-qc.spec.ts:303:7 › P10 Customer QC intake, correction relay, and reinspection › prime policy derives deadlines from original receipt and preserves scheduled dates across revisions (2.1s)
  ✓  809 [chromium] › tests/e2e/syncfield-customer-qc.spec.ts:343:7 › P10 Customer QC intake, correction relay, and reinspection › Partner correction resubmission creates Revision 2 and Customer reinspection cycle without reopening Revision 1 (1.9s)
  ✓  810 [chromium] › tests/e2e/syncfield-customer-qc.spec.ts:404:7 › P10 Customer QC intake, correction relay, and reinspection › submitted-report offline conflict does not reopen the report or create production (1.7s)
  ✓  811 [chromium] › tests/e2e/syncfield-customer-qc.spec.ts:419:7 › P10 Customer QC intake, correction relay, and reinspection › Partner-local queue isolation hides pending field work after account switch (2.3s)
  ✓  812 [chromium] › tests/e2e/syncfield-customer-qc.spec.ts:432:7 › P10 Customer QC intake, correction relay, and reinspection › Partner Admin receives safe read-only report and duplicate submitted work requires traceability (1.6s)
  ✓  813 [chromium] › tests/e2e/syncfield-customer-qc.spec.ts:452:7 › P10 Customer QC intake, correction relay, and reinspection › extended correction keeps authorized code, map and evidence in immutable revision and rejects unrelated references (1.2s)
{"timestamp":"2026-10-06T20:18:00.535Z","category":"Event","message":"event_created","tenantId":"f48ded89-a1e3-4320-bb65-25d7fea31ad1","actorUserId":"2d1301f5-a151-4de9-a59a-d487a187bc93","eventId":"e3c43334-98d1-4b00-8209-50128c42086c","eventType":"prime_delivery.destination_approved","aggregateType":"invoice","aggregateId":"36992deb-5f66-402e-a765-6275a75bb5ab"}
{"timestamp":"2026-10-06T20:18:00.538Z","category":"Audit","message":"audit_log_created","tenantId":"f48ded89-a1e3-4320-bb65-25d7fea31ad1","actorUserId":"2d1301f5-a151-4de9-a59a-d487a187bc93","action":"prime_delivery.destination_approved","entityType":"prime_delivery_destination","entityId":"36992deb-5f66-402e-a765-6275a75bb5ab"}
{"timestamp":"2026-10-06T20:18:00.641Z","category":"Event","message":"event_created","tenantId":"f48ded89-a1e3-4320-bb65-25d7fea31ad1","actorUserId":"2d1301f5-a151-4de9-a59a-d487a187bc93","eventId":"dc62875a-712e-4c6f-8a8a-033d80bd12a4","eventType":"prime_delivery.queued","aggregateType":"invoice","aggregateId":"9d6f3183-92c5-4d44-80b8-7381bd9d9c24"}
{"timestamp":"2026-10-06T20:18:00.646Z","category":"Audit","message":"audit_log_created","tenantId":"f48ded89-a1e3-4320-bb65-25d7fea31ad1","actorUserId":"2d1301f5-a151-4de9-a59a-d487a187bc93","action":"prime_delivery.queued","entityType":"prime_delivery_job","entityId":"9d6f3183-92c5-4d44-80b8-7381bd9d9c24"}
{"timestamp":"2026-10-06T20:18:00.760Z","category":"Event","message":"event_created","tenantId":"f48ded89-a1e3-4320-bb65-25d7fea31ad1","actorUserId":"2d1301f5-a151-4de9-a59a-d487a187bc93","eventId":"3421e6a6-a3dd-47a1-90a3-21cf7df5563c","eventType":"prime_delivery.cancelled","aggregateType":"invoice","aggregateId":"9d6f3183-92c5-4d44-80b8-7381bd9d9c24"}
{"timestamp":"2026-10-06T20:18:00.761Z","category":"Audit","message":"audit_log_created","tenantId":"f48ded89-a1e3-4320-bb65-25d7fea31ad1","actorUserId":"2d1301f5-a151-4de9-a59a-d487a187bc93","action":"prime_delivery.cancelled","entityType":"prime_delivery_job","entityId":"9d6f3183-92c5-4d44-80b8-7381bd9d9c24"}
{"timestamp":"2026-10-06T20:18:00.802Z","category":"Event","message":"event_created","tenantId":"f48ded89-a1e3-4320-bb65-25d7fea31ad1","actorUserId":"2d1301f5-a151-4de9-a59a-d487a187bc93","eventId":"54287519-1aec-44de-b850-89b44594f18a","eventType":"prime_delivery.queued","aggregateType":"invoice","aggregateId":"0fe2bf73-e3e5-4e8f-b239-a971f002c2c8"}
{"timestamp":"2026-10-06T20:18:00.803Z","category":"Audit","message":"audit_log_created","tenantId":"f48ded89-a1e3-4320-bb65-25d7fea31ad1","actorUserId":"2d1301f5-a151-4de9-a59a-d487a187bc93","action":"prime_delivery.queued","entityType":"prime_delivery_job","entityId":"0fe2bf73-e3e5-4e8f-b239-a971f002c2c8"}
{"timestamp":"2026-10-06T20:18:00.900Z","category":"Event","message":"event_created","tenantId":"f48ded89-a1e3-4320-bb65-25d7fea31ad1","actorUserId":"2d1301f5-a151-4de9-a59a-d487a187bc93","eventId":"200216e5-47b9-4342-8037-8cde91bc053d","eventType":"prime_delivery.review_resolved","aggregateType":"invoice","aggregateId":"0fe2bf73-e3e5-4e8f-b239-a971f002c2c8"}
{"timestamp":"2026-10-06T20:18:00.901Z","category":"Audit","message":"audit_log_created","tenantId":"f48ded89-a1e3-4320-bb65-25d7fea31ad1","actorUserId":"2d1301f5-a151-4de9-a59a-d487a187bc93","action":"prime_delivery.review_resolved","entityType":"prime_delivery_job","entityId":"0fe2bf73-e3e5-4e8f-b239-a971f002c2c8"}
{"timestamp":"2026-10-06T20:18:00.937Z","category":"Event","message":"event_created","tenantId":"f48ded89-a1e3-4320-bb65-25d7fea31ad1","actorUserId":"2d1301f5-a151-4de9-a59a-d487a187bc93","eventId":"a564c484-7082-418e-9639-af07e67bd067","eventType":"prime_delivery.queued","aggregateType":"invoice","aggregateId":"7780ee5b-3947-4bd3-9f56-fc0f15533ef7"}
{"timestamp":"2026-10-06T20:18:00.938Z","category":"Audit","message":"audit_log_created","tenantId":"f48ded89-a1e3-4320-bb65-25d7fea31ad1","actorUserId":"2d1301f5-a151-4de9-a59a-d487a187bc93","action":"prime_delivery.queued","entityType":"prime_delivery_job","entityId":"7780ee5b-3947-4bd3-9f56-fc0f15533ef7"}
{"timestamp":"2026-10-06T20:18:01.155Z","category":"Event","message":"event_created","tenantId":"f48ded89-a1e3-4320-bb65-25d7fea31ad1","actorUserId":"2d1301f5-a151-4de9-a59a-d487a187bc93","eventId":"8e20eb05-9d01-4fa0-8b45-b8a67f89b092","eventType":"invoice_package.delivered","aggregateType":"invoice","aggregateId":"1a1aaae5-5c3c-4397-a746-894dbc3394fd"}
{"timestamp":"2026-10-06T20:18:01.157Z","category":"Audit","message":"audit_log_created","tenantId":"f48ded89-a1e3-4320-bb65-25d7fea31ad1","actorUserId":"2d1301f5-a151-4de9-a59a-d487a187bc93","action":"invoice_package.delivered","entityType":"invoice_delivery_event","entityId":"1a1aaae5-5c3c-4397-a746-894dbc3394fd"}
{"timestamp":"2026-10-06T20:18:01.168Z","category":"Event","message":"event_created","tenantId":"f48ded89-a1e3-4320-bb65-25d7fea31ad1","actorUserId":"2d1301f5-a151-4de9-a59a-d487a187bc93","eventId":"ff19168e-33aa-4b2e-bfd1-9f36416eaa0f","eventType":"prime_delivery.destination_revoked","aggregateType":"invoice","aggregateId":"36992deb-5f66-402e-a765-6275a75bb5ab"}
{"timestamp":"2026-10-06T20:18:01.169Z","category":"Audit","message":"audit_log_created","tenantId":"f48ded89-a1e3-4320-bb65-25d7fea31ad1","actorUserId":"2d1301f5-a151-4de9-a59a-d487a187bc93","action":"prime_delivery.destination_revoked","entityType":"prime_delivery_destination","entityId":"36992deb-5f66-402e-a765-6275a75bb5ab"}
  ✓  814 [chromium] › tests/e2e/syncfield-customer-qc.spec.ts:494:7 › P10 Customer QC intake, correction relay, and reinspection › the same Partner field work reaches accepted billing, funded payable and one external payment (1.9s)
  ✓  815 [chromium] › tests/e2e/syncfield-daily-production.spec.ts:61:7 › P9 SyncField Daily Production, map annotation, offline queue, and submission › production gate, Work Order codes, and field UI hydrate without rates (1.4s)
  ✓  816 [chromium] › tests/e2e/syncfield-daily-production.spec.ts:95:7 › P9 SyncField Daily Production, map annotation, offline queue, and submission › changed safety conditions preserve the signed revision and block production until renewed review (270ms)
  ✓  817 [chromium] › tests/e2e/syncfield-daily-production.spec.ts:111:7 › P9 SyncField Daily Production, map annotation, offline queue, and submission › partner crew independently acknowledges, obtains pre-bore approval and completes ordered utility-strike restart (1.1s)
  ✓  818 [chromium] › tests/e2e/syncfield-daily-production.spec.ts:115:7 › P9 SyncField Daily Production, map annotation, offline queue, and submission › evidence survives lost responses, reload and offline capture without duplicate uploads (2.3s)
  ✓  819 [chromium] › tests/e2e/syncfield-daily-production.spec.ts:151:7 › P9 SyncField Daily Production, map annotation, offline queue, and submission › large evidence resumes received chunks after reload and stores one original (2.4s)
  ✓  820 [chromium] › tests/e2e/syncfield-daily-production.spec.ts:159:7 › P9 SyncField Daily Production, map annotation, offline queue, and submission › incident device draft survives disconnect and lost response without duplicate records or audit (2.2s)
  ✓  821 [chromium] › tests/e2e/syncfield-daily-production.spec.ts:184:7 › P9 SyncField Daily Production, map annotation, offline queue, and submission › browser offline queue persists and automatically replays Asset, Route, and Daily production exactly once (2.5s)
  ✓  822 [chromium] › tests/e2e/syncfield-daily-production.spec.ts:225:7 › P9 SyncField Daily Production, map annotation, offline queue, and submission › offline replay revalidates lost production-start authorization and keeps failed work traceable (1.7s)
  ✓  823 [chromium] › tests/e2e/syncfield-daily-production.spec.ts:249:7 › P9 SyncField Daily Production, map annotation, offline queue, and submission › Asset, Route, and Daily production create authoritative records with subordinate annotations and idempotency (461ms)
  ✓  824 [chromium] › tests/e2e/syncfield-daily-production.spec.ts:291:7 › P9 SyncField Daily Production, map annotation, offline queue, and submission › a crew work shutdown blocks new records and requires authorized release (334ms)
  ✓  825 [chromium] › tests/e2e/syncfield-daily-production.spec.ts:319:7 › P9 SyncField Daily Production, map annotation, offline queue, and submission › DesignSegment, pole observations, and redline completion preserve design, ticks, authority, and idempotency (1.9s)
  ✓  826 [chromium] › tests/e2e/syncfield-daily-production.spec.ts:597:7 › P9 SyncField Daily Production, map annotation, offline queue, and submission › submission creates immutable revision snapshot and blocks ordinary edits without QC or finance (2.3s)
  ✓  827 [chromium] › tests/e2e/syncfield-daily-production.spec.ts:669:7 › P9 SyncField Daily Production, map annotation, offline queue, and submission › submitted-report offline conflict does not reopen the report or create production (1.8s)
  ✓  828 [chromium] › tests/e2e/syncfield-daily-production.spec.ts:684:7 › P9 SyncField Daily Production, map annotation, offline queue, and submission › Partner-local queue isolation hides pending field work after account switch (2.1s)
  ✓  829 [chromium] › tests/e2e/syncfield-daily-production.spec.ts:697:7 › P9 SyncField Daily Production, map annotation, offline queue, and submission › Partner Admin receives safe read-only report and duplicate submitted work requires traceability (1.8s)
  ✓  830 [chromium] › tests/e2e/syncfield-daily-production.spec.ts:721:7 › P9 SyncField Daily Production, map annotation, offline queue, and submission › required evidence blocks missing and unreadable handoffs, preserves originals and pins approved requirements (4.0s)
  ✓  831 [chromium] › tests/e2e/syncfield-daily-production.spec.ts:784:7 › P9 SyncField Daily Production, map annotation, offline queue, and submission › quantity reconciliation excludes rock subsets and overlapping summaries and protects stable work identities (673ms)
  ✓  832 [chromium] › tests/e2e/syncfield-daily-production.spec.ts:1096:5 › company field oversight is scoped and delegation needs an explicit grant (548ms)
{"scenario":"concurrent offline report replay","requests":16,"records":1,"elapsedMs":236}
  ✓  833 [chromium] › tests/e2e/syncfield-daily-production.spec.ts:1117:5 › cold-offline report replay preserves notes, checks map and assignment, and serializes retries (982ms)
  ✓  834 [chromium] › tests/e2e/syncfield-daily-production.spec.ts:1132:5 › company material discrepancy retries preserve custody and only inventory operators resolve them (506ms)
  ✓  835 [chromium] › tests/e2e/syncfield-map-jsa.spec.ts:46:7 › P8 SyncField map foundation and Daily JSA › internal Manager creates immutable private Map Version, Work Zones, and active assignment (207ms)
  ✓  836 [chromium] › tests/e2e/syncfield-map-jsa.spec.ts:127:7 › P8 SyncField map foundation and Daily JSA › assigned forms preserve retries and stop revoked or cross-company access (294ms)
  ✓  837 [chromium] › tests/e2e/syncfield-map-jsa.spec.ts:151:7 › P8 SyncField map foundation and Daily JSA › Partner Foreman opens read-only field map and cannot cross scope or see storage internals (1.5s)
  ✓  838 [chromium] › tests/e2e/syncfield-map-jsa.spec.ts:194:7 › P8 SyncField map foundation and Daily JSA › Crew participation buttons identify the worker and announce the saved state (936ms)
  ✓  839 [chromium] › tests/e2e/syncfield-map-jsa.spec.ts:206:7 › P8 SyncField map foundation and Daily JSA › Foreman completes one Daily JSA for own Crew without changing mobilization or downstream records (1.1s)
  ✓  840 [chromium] › tests/e2e/syncfield-map-jsa.spec.ts:244:7 › P8 SyncField map foundation and Daily JSA › Partner Admin sees safe JSA history and P9-era field navigation remains QC-safe (920ms)
  ✓  841 [chromium] › tests/e2e/syncfield-production-exports-dashboard.spec.ts:38:7 › P11 accepted production exports, dashboard, and operational closeout › dashboards aggregate reported vs Customer Accepted without double counting or rates (133ms)
  ✓  842 [chromium] › tests/e2e/syncfield-production-exports-dashboard.spec.ts:59:7 › P11 accepted production exports, dashboard, and operational closeout › CSV export is private, formula-safe, idempotent, and financially inert (130ms)
  ✓  843 [chromium] › tests/e2e/syncfield-production-exports-dashboard.spec.ts:95:7 › P11 accepted production exports, dashboard, and operational closeout › annotated and daily PDFs preserve original map file and include coordinate/report proof (120ms)
  ✓  844 [chromium] › tests/e2e/syncfield-production-exports-dashboard.spec.ts:129:7 › P11 accepted production exports, dashboard, and operational closeout › operational closeout distinguishes open QC/corrections and creates no financial records (173ms)
  ✓  845 [chromium] › tests/e2e/timeline-audit/representative-events.spec.ts:9:7 › Representative timeline and audit certification › system admin can read representative timelines (55ms)
  ✓  846 [chromium] › tests/e2e/timeline-audit/representative-events.spec.ts:16:7 › Representative timeline and audit certification › audit is visible to system admin and denied to read-only auditor where not granted (64ms)
  ✓  847 [chromium] › tests/e2e/ui-feedback-audit.spec.ts:6:7 › Honest queue feedback › QC failure never presents unavailable counts as an empty queue (828ms)
  ✓  848 [chromium] › tests/e2e/ui-feedback-audit.spec.ts:13:7 › Honest queue feedback › invoice summary agrees with a nonempty queue (834ms)
  ✓  849 [chromium] › tests/e2e/ui-feedback-audit.spec.ts:20:7 › Honest queue feedback › production shows the actual mobilization blocker instead of a project-status error (1.2s)
  ✓  850 [chromium] › tests/e2e/ui-feedback-audit.spec.ts:35:7 › Honest queue feedback › QC creation uses supported choices and no raw override JSON (882ms)
  ✓  851 [chromium] › tests/e2e/ui-feedback-audit.spec.ts:46:7 › Correction owner choices › authorized choices expose names rather than private user profiles (25ms)
  ✓  852 [chromium] › tests/e2e/ui-feedback-audit.spec.ts:54:7 › Correction owner choices › read-only user cannot load correction assignment choices (19ms)
  ✓  853 [chromium] › tests/e2e/ui-permission-visibility.spec.ts:12:5 › QC read-only access hides create links and keeps the QC workspace active (904ms)
  ✓  854 [chromium] › tests/e2e/ui-permission-visibility.spec.ts:24:5 › stored fake grants cannot grant access when the server returns no permissions (605ms)
  ✓  855 [chromium] › tests/e2e/ui-permission-visibility.spec.ts:35:5 › unverified identity fails closed with a recovery control (611ms)
  ✓  856 [chromium] › tests/e2e/ui-permission-visibility.spec.ts:43:5 › revoked create access is removed on focus without revoking the read queue (723ms)
  ✓  857 [chromium] › tests/e2e/ui-permission-visibility.spec.ts:55:5 › Operations Manager can inspect QC but cannot create reviews through direct URLs (949ms)
  ✓  858 [chromium] › tests/e2e/ui-permission-visibility.spec.ts:71:5 › finance staff without approval authority cannot see invoice submission or approval (1.3s)
  ✓  859 [chromium] › tests/e2e/workflows/accounting-export.spec.ts:12:7 › Critical skeleton: Accounting Export › opens Cedar Ridge accounting export records (1.4s)
  ✓  860 [chromium] › tests/e2e/workflows/bank-reconciliation.spec.ts:12:7 › Critical skeleton: Bank Reconciliation › opens Cedar Ridge bank reconciliation records (1.8s)
  ✓  861 [chromium] › tests/e2e/workflows/cost-labor-payment.spec.ts:12:7 › Critical skeleton: Cost, labor, and payment execution › opens Cedar Ridge payable, payroll, and payment records (2.4s)
  ✓  862 [chromium] › tests/e2e/workflows/growth-to-opportunity.spec.ts:20:9 › Critical skeleton: Growth to Opportunity › opens Cedar Ridge Signal record (1.4s)
  ✓  863 [chromium] › tests/e2e/workflows/growth-to-opportunity.spec.ts:20:9 › Critical skeleton: Growth to Opportunity › opens Cedar Ridge Organization record (1.3s)
  ✓  864 [chromium] › tests/e2e/workflows/growth-to-opportunity.spec.ts:20:9 › Critical skeleton: Growth to Opportunity › opens Cedar Ridge Contact record (2.1s)
  ✓  865 [chromium] › tests/e2e/workflows/growth-to-opportunity.spec.ts:20:9 › Critical skeleton: Growth to Opportunity › opens Cedar Ridge Relationship Map record (1.5s)
  ✓  866 [chromium] › tests/e2e/workflows/growth-to-opportunity.spec.ts:20:9 › Critical skeleton: Growth to Opportunity › opens Cedar Ridge Opportunity Candidate record (1.4s)
  ✓  867 [chromium] › tests/e2e/workflows/growth-to-opportunity.spec.ts:20:9 › Critical skeleton: Growth to Opportunity › opens Cedar Ridge Opportunity record (1.4s)
  ✓  868 [chromium] › tests/e2e/workflows/opportunity-to-project.spec.ts:12:7 › Critical skeleton: Opportunity to Project › opens Cedar Ridge coverage and project records (2.3s)
  ✓  869 [chromium] › tests/e2e/workflows/project-to-qc.spec.ts:13:7 › Critical skeleton: Project to QC › opens Cedar Ridge execution records (2.7s)
  ✓  870 [chromium] › tests/e2e/workflows/revenue-cycle.spec.ts:12:7 › Critical skeleton: Revenue cycle › opens Cedar Ridge revenue records (2.5s)


  1) [chromium] › tests/e2e/lifecycle/high-risk-modals.spec.ts:12:9 › High-risk lifecycle modal certification › Accounting Export: /Mark Submitted/i modal opens with required fields and boundary copy

    Error: Required field must expose its requirement: /External Batch Reference|Submit Note/i

    expect(received).toBe(expected) // Object.is equality

    Expected: true
    Received: false

       at helpers/modal.ts:22

      20 |     const field=page.getByLabel(label).first();
      21 |     await expect(field, `Required field should be present: ${String(label)}`).toBeVisible();
    > 22 |     expect(await field.evaluate(element => element.hasAttribute('required') || element.getAttribute('aria-required') === 'true'), `Required field must expose its requirement: ${String(label)}`).toBe(true);
         |                                                                                                                                                                                                   ^
      23 |   }
      24 | }
      25 |
        at expectRequiredFields (/Users/User/.codex/worktrees/syncos-financial-completion/syncos/tests/e2e/helpers/modal.ts:22:195)
        at /Users/User/.codex/worktrees/syncos-financial-completion/syncos/tests/e2e/lifecycle/high-risk-modals.spec.ts:19:7

    attachment #1: screenshot (image/png) ──────────────────────────────────────────────────────────
    test-results/lifecycle-high-risk-modals-afa75-ed-fields-and-boundary-copy-chromium/test-failed-1.png
    ────────────────────────────────────────────────────────────────────────────────────────────────

    Error Context: test-results/lifecycle-high-risk-modals-afa75-ed-fields-and-boundary-copy-chromium/error-context.md

  2) [chromium] › tests/e2e/partner-compliance-reviewer-download.spec.ts:6:5 › authenticated Partner Admin uploads canonical Partner Compliance evidence @reviewer-fixture-upload

    Error: SYNCOS_RESTRICTED_FILE_STORAGE_DIR is required

       at helpers/partner-compliance-fixtures.ts:31

      29 | export async function countReviewerDownloadAuditEvents(db:Client,filters:{tenantId:string;userId:string;evidenceId:string;restrictedFileObjectId:string}){const r=await db.query("SELECT COUNT(*)::int AS count FROM audit_logs a JOIN partner_restricted_evidence e ON e.tenant_id=a.tenant_id AND e.id=a.entity_id WHERE a.tenant_id=$1 AND a.actor_user_id=$2 AND a.entity_id=$3 AND e.restricted_file_object_id=$4 AND a.action='restricted_evidence.access' AND a.entity_type='partner_restricted_evidence'",[filters.tenantId,filters.userId,filters.evidenceId,filters.restrictedFileObjectId]);return Number(r.rows[0]?.count??0);}
      30 | export async function inspectRestrictedStoredObject(root:string,storageKey:string,original:Buffer){const resolvedRoot=path.resolve(root);const objectPath=path.resolve(resolvedRoot,...storageKey.split("/"));const within=objectPath.startsWith(`${resolvedRoot}${path.sep}`);if(!within)throw new Error("restricted storage path escaped root");const stored=await fs.readFile(objectPath);const publicRoot=path.resolve(process.cwd(),"apps/web/public");return{exists:stored.length>=0,withinRestrictedRoot:within,publiclyServed:objectPath.startsWith(`${publicRoot}${path.sep}`),storedByteLength:stored.length,storedSha256:crypto.createHash("sha256").update(stored).digest("hex"),bytesEqualOriginal:stored.equals(original)};}
    > 31 | export async function createReviewerDownloadFixtureContext(request:APIRequestContext):Promise<ReviewerDownloadFixtureContext>{const apiBaseUrl=process.env.API_BASE_URL;if(!apiBaseUrl)throw new Error("API_BASE_URL is required for reviewer fixtures");const db=await connectTestDatabase();try{const tenant=(await db.query("SELECT id FROM tenants WHERE slug='arc-syncos-demo' LIMIT 1")).rows[0];if(!tenant)throw new Error("Tenant fixture missing");const admin=await ensurePartnerAdminFixture(db,tenant.id);const scopeState=await loadPartnerAdminScopeState(db,tenant.id,admin.id);const effectivePartnerPermissions=await loadEffectivePermissionCodes(db,tenant.id,admin.id);const reviewer=await ensureInternalReviewerFixture(db,tenant.id);const reviewerState=await loadInternalReviewerState(db,tenant.id,reviewer.id);if(reviewer.id===admin.id)throw new Error("Reviewer and Partner Admin must differ");await assertEffectivePermission(db,admin.id,"partner_compliance.review",false);const bytes=Buffer.from("%PDF-1.4\nSYNCOS REVIEW FIXTURE\n%%EOF\n");const fileName=`review-${crypto.randomUUID()}.pdf`;const adminToken=signE2EJwt(admin.id,tenant.id,admin.email);const uploaded=await uploadPartnerComplianceEvidence(request,adminToken,{bytes,fileName,category:"partner_w9",clientMutationId:crypto.randomUUID()});const link=await loadEvidenceArtifactRelationship(db,uploaded.evidenceId,tenant.id,scopeState.organizationId);const root=process.env.SYNCOS_RESTRICTED_FILE_STORAGE_DIR;if(!root)throw new Error("SYNCOS_RESTRICTED_FILE_STORAGE_DIR is required");const stored=await inspectRestrictedStoredObject(root,link.storage_key,bytes);return{db,apiBaseUrl,tenantAId:tenant.id,partnerOrganizationAId:scopeState.organizationId,partnerAdminA:{userId:admin.id,email:admin.email,token:adminToken,activePartnerScopeCount:scopeState.activePartnerScopeCount,hasUploadPermission:effectivePartnerPermissions.includes("partner_compliance.w9.submit"),hasReadPermission:effectivePartnerPermissions.includes("partner_compliance.w9.read"),hasReviewPermission:effectivePartnerPermissions.includes("partner_compliance.review"),effectivePartnerPermissions},reviewerA:{userId:reviewer.id,email:reviewer.email,token:signE2EJwt(reviewer.id,tenant.id,reviewer.email), effectivePermissionCodes:reviewerState.permissions,hasReviewPermission:reviewerState.hasReviewPermission,activePartnerRoles:reviewerState.activePartnerRoles,hasPartnerRole:reviewerState.hasPartnerRole},artifact:{originalBytes:bytes,originalSha256:crypto.createHash("sha256").update(bytes).digest("hex"),originalFileName:fileName,evidenceId:uploaded.evidenceId,restrictedFileObjectId:link.restricted_file_object_id,category:link.category,mimeType:link.mime_type,byteSize:Number(link.size_bytes),storagePath:link.storage_key,evidenceExists:Boolean(link.id),tenantId:link.tenant_id,organizationId:link.organization_id,relatedEntityType:link.related_entity_type,relatedEntityId:link.related_entity_id,privateObjectExists:stored.exists,withinRestrictedRoot:stored.withinRestrictedRoot,publiclyServed:stored.publiclyServed,storedByteLength:stored.storedByteLength,storedSha256:stored.storedSha256,bytesEqualOriginal:stored.bytesEqualOriginal},countReviewerDownloadAuditEvents:()=>countReviewerDownloadAuditEvents(db,{tenantId:tenant.id,userId:reviewer.id,evidenceId:uploaded.evidenceId,restrictedFileObjectId:link.restricted_file_object_id}),close:async()=>{await db.end();await request.dispose();}};}catch(e){await db.end();throw e;}}
         |                                                                                                                                                                                                                                                                                                                                                                                                                                                                                                                                                                                                                                                                                                                                                                                                                                                                                                                                                                                                                                                                                                                                                                                                                                                                                                                                                                                                                                                                                                                                             ^
      32 |
        at createReviewerDownloadFixtureContext (/Users/User/.codex/worktrees/syncos-financial-completion/syncos/tests/e2e/helpers/partner-compliance-fixtures.ts:31:1485)
        at /Users/User/.codex/worktrees/syncos-financial-completion/syncos/tests/e2e/partner-compliance-reviewer-download.spec.ts:4:135

    Error Context: test-results/partner-compliance-reviewe-355cd-nce-reviewer-fixture-upload-chromium/error-context.md

    Error Context: test-results/partner-compliance-reviewe-355cd-nce-reviewer-fixture-upload-chromium/error-context.md

  2 failed
    [chromium] › tests/e2e/lifecycle/high-risk-modals.spec.ts:12:9 › High-risk lifecycle modal certification › Accounting Export: /Mark Submitted/i modal opens with required fields and boundary copy
    [chromium] › tests/e2e/partner-compliance-reviewer-download.spec.ts:6:5 › authenticated Partner Admin uploads canonical Partner Compliance evidence @reviewer-fixture-upload
  7 did not run
  861 passed (17.5m)
