
Running 870 tests using 1 worker

(node:46475) Warning: The 'NO_COLOR' env is ignored due to the 'FORCE_COLOR' env being set.
(Use `node --trace-warnings ...` to show where the warning was created)
  ✓    1 [chromium] › tests/e2e/accepted-production-financials.spec.ts:39:7 › P12 accepted production financials › production item choices stay tenant-scoped and exclude unauthorized partners (71ms)
  ✓    2 [chromium] › tests/e2e/accepted-production-financials.spec.ts:50:7 › P12 accepted production financials › Customer-accepted production converts to one Billable using Customer rate only (263ms)
  ✓    3 [chromium] › tests/e2e/accepted-production-financials.spec.ts:66:7 › P12 accepted production financials › Invoice, cash, payment application, and invoice balance stay in Customer revenue chain (152ms)
  ✓    4 [chromium] › tests/e2e/accepted-production-financials.spec.ts:90:7 › P12 accepted production financials › Partner settlement, Contractor Payable, and pay-when-paid eligibility use Partner rate (396ms)
  ✓    5 [chromium] › tests/e2e/accepted-production-financials.spec.ts:120:7 › P12 accepted production financials › Partner Admin sees own settlement without Customer rate or margin; Foreman and Partner B are denied (40ms)
  ✓    6 [chromium] › tests/e2e/accepted-production-financials.spec.ts:131:7 › P12 accepted production financials › Customer and Partner coil commercial policies are independent and preserve base accepted quantity (186ms)
  ✓    7 [chromium] › tests/e2e/accepted-production-financials.spec.ts:176:7 › P12 accepted production financials › Editing a schedule cannot change an already approved partner rate (112ms)
  ✓    8 [chromium] › tests/e2e/accepted-production-financials.spec.ts:186:7 › P12 accepted production financials › Post-billing Customer QC change creates exception without rewriting issued invoice or Billable (62ms)
  ✓    9 [chromium] › tests/e2e/accepted-production-financials.spec.ts:347:5 › a newer pending customer QC cycle blocks readiness using an older accepted decision (457ms)
  ✓   10 [chromium] › tests/e2e/accepted-production-financials.spec.ts:384:6 › Financial handoff completion safeguards › workflow choices are tenant-scoped; cash retry and duplicate settlement cannot double financial facts (506ms)
  ✓   11 [chromium] › tests/e2e/accepted-production-financials.spec.ts:404:6 › Financial handoff completion safeguards › accepted correction production code controls locked customer rate, preserving original record (405ms)
  ✓   12 [chromium] › tests/e2e/accepted-production-financials.spec.ts:422:5 › targeted reinspection retains unrelated accepted production while unresolved corrected work stays blocked (433ms)
  ✓   13 [chromium] › tests/e2e/accepted-production-financials.spec.ts:464:5 › four-decimal approved rates survive conversion and invoice storage without early rounding (383ms)
  ✓   14 [chromium] › tests/e2e/accepted-production-financials.spec.ts:482:5 › agreement UI approves a reviewed business calendar and shows its history (1.7s)
{"timestamp":"2026-10-06T20:27:55.721Z","category":"Event","message":"event_created","tenantId":"e0c0b778-0029-4628-bc66-965d792061b1","actorUserId":"8bf532f6-d6ca-477b-bcad-745612def3dc","eventId":"92a1786b-0ec8-44bf-bcfe-658e31915e02","eventType":"passport.receipt_rehearsed","aggregateType":"passport","aggregateId":"571f633b-ebf6-41ad-b422-bb6c70e394d0"}
{"timestamp":"2026-10-06T20:27:55.725Z","category":"Audit","message":"audit_log_created","tenantId":"e0c0b778-0029-4628-bc66-965d792061b1","actorUserId":"8bf532f6-d6ca-477b-bcad-745612def3dc","action":"passport.receipt_rehearsed","entityType":"passport_connection","entityId":"571f633b-ebf6-41ad-b422-bb6c70e394d0"}
{"timestamp":"2026-10-06T20:27:55.749Z","category":"Event","message":"event_created","tenantId":"e0c0b778-0029-4628-bc66-965d792061b1","actorUserId":"8bf532f6-d6ca-477b-bcad-745612def3dc","eventId":"c43535dd-42e2-4b3c-8477-4b51dfdbb3d6","eventType":"passport.receipt_rehearsed","aggregateType":"passport","aggregateId":"571f633b-ebf6-41ad-b422-bb6c70e394d0"}
{"timestamp":"2026-10-06T20:27:55.750Z","category":"Audit","message":"audit_log_created","tenantId":"e0c0b778-0029-4628-bc66-965d792061b1","actorUserId":"8bf532f6-d6ca-477b-bcad-745612def3dc","action":"passport.receipt_rehearsed","entityType":"passport_connection","entityId":"571f633b-ebf6-41ad-b422-bb6c70e394d0"}
{"timestamp":"2026-10-06T20:27:55.855Z","category":"Event","message":"event_created","tenantId":"e0c0b778-0029-4628-bc66-965d792061b1","actorUserId":"8bf532f6-d6ca-477b-bcad-745612def3dc","eventId":"204dd405-d915-41ec-8ca9-e92901767ff3","eventType":"passport.receipt_rehearsed","aggregateType":"passport","aggregateId":"571f633b-ebf6-41ad-b422-bb6c70e394d0"}
{"timestamp":"2026-10-06T20:27:55.859Z","category":"Audit","message":"audit_log_created","tenantId":"e0c0b778-0029-4628-bc66-965d792061b1","actorUserId":"8bf532f6-d6ca-477b-bcad-745612def3dc","action":"passport.receipt_rehearsed","entityType":"passport_connection","entityId":"571f633b-ebf6-41ad-b422-bb6c70e394d0"}
{"timestamp":"2026-10-06T20:27:55.859Z","category":"Event","message":"event_created","tenantId":"e0c0b778-0029-4628-bc66-965d792061b1","actorUserId":"8bf532f6-d6ca-477b-bcad-745612def3dc","eventId":"52d3b34a-d2b4-49c6-96ae-2a12a89ab1f5","eventType":"cash_receipt.applied","aggregateType":"cash_receipt","aggregateId":"8b2aa142-41a9-43f6-a43a-c6210dc9d1a1"}
{"timestamp":"2026-10-06T20:27:55.861Z","category":"Audit","message":"audit_log_created","tenantId":"e0c0b778-0029-4628-bc66-965d792061b1","actorUserId":"8bf532f6-d6ca-477b-bcad-745612def3dc","action":"cash_receipt.apply","entityType":"cash_receipt","entityId":"8b2aa142-41a9-43f6-a43a-c6210dc9d1a1"}
{"timestamp":"2026-10-06T20:27:55.863Z","category":"Event","message":"event_created","tenantId":"e0c0b778-0029-4628-bc66-965d792061b1","actorUserId":"8bf532f6-d6ca-477b-bcad-745612def3dc","eventId":"7cce70a3-b8d1-49bf-ae17-2243bba7ef1a","eventType":"invoice.payment_applied","aggregateType":"invoice","aggregateId":"b125fcfa-f0c9-434e-8bc6-e02304e377dc"}
{"timestamp":"2026-10-06T20:27:55.865Z","category":"Audit","message":"audit_log_created","tenantId":"e0c0b778-0029-4628-bc66-965d792061b1","actorUserId":"8bf532f6-d6ca-477b-bcad-745612def3dc","action":"invoice.cash_application.update","entityType":"invoice","entityId":"b125fcfa-f0c9-434e-8bc6-e02304e377dc"}
{"timestamp":"2026-10-06T20:27:55.867Z","category":"Event","message":"event_created","tenantId":"e0c0b778-0029-4628-bc66-965d792061b1","actorUserId":"8bf532f6-d6ca-477b-bcad-745612def3dc","eventId":"166530fa-8fde-4e34-9a21-23e4011da177","eventType":"invoice.balance_updated","aggregateType":"invoice","aggregateId":"b125fcfa-f0c9-434e-8bc6-e02304e377dc"}
{"timestamp":"2026-10-06T20:27:55.869Z","category":"Audit","message":"audit_log_created","tenantId":"e0c0b778-0029-4628-bc66-965d792061b1","actorUserId":"8bf532f6-d6ca-477b-bcad-745612def3dc","action":"invoice.cash_application.update","entityType":"invoice","entityId":"b125fcfa-f0c9-434e-8bc6-e02304e377dc"}
{"timestamp":"2026-10-06T20:27:55.870Z","category":"Event","message":"event_created","tenantId":"e0c0b778-0029-4628-bc66-965d792061b1","actorUserId":"8bf532f6-d6ca-477b-bcad-745612def3dc","eventId":"50f346b0-9c89-4ddb-8daf-83a709c979dc","eventType":"payment_application.created","aggregateType":"payment_application","aggregateId":"423dd5ba-b571-42dc-bf7b-5aa3d470fb6f"}
{"timestamp":"2026-10-06T20:27:55.871Z","category":"Audit","message":"audit_log_created","tenantId":"e0c0b778-0029-4628-bc66-965d792061b1","actorUserId":"8bf532f6-d6ca-477b-bcad-745612def3dc","action":"payment_application.create","entityType":"payment_application","entityId":"423dd5ba-b571-42dc-bf7b-5aa3d470fb6f"}
{"timestamp":"2026-10-06T20:27:55.872Z","category":"Event","message":"event_created","tenantId":"e0c0b778-0029-4628-bc66-965d792061b1","actorUserId":"8bf532f6-d6ca-477b-bcad-745612def3dc","eventId":"04f03cfa-1fd5-4c63-8346-73a61bff96c2","eventType":"cash_receipt.created","aggregateType":"cash_receipt","aggregateId":"8b2aa142-41a9-43f6-a43a-c6210dc9d1a1"}
{"timestamp":"2026-10-06T20:27:55.873Z","category":"Audit","message":"audit_log_created","tenantId":"e0c0b778-0029-4628-bc66-965d792061b1","actorUserId":"8bf532f6-d6ca-477b-bcad-745612def3dc","action":"passport.receipt_created","entityType":"cash_receipt","entityId":"8b2aa142-41a9-43f6-a43a-c6210dc9d1a1"}
{"timestamp":"2026-10-06T20:27:55.953Z","category":"Event","message":"event_created","tenantId":"e0c0b778-0029-4628-bc66-965d792061b1","actorUserId":"8bf532f6-d6ca-477b-bcad-745612def3dc","eventId":"38f6c739-a7a7-4c20-bcd8-4859563a7baf","eventType":"passport.receipt_rehearsed","aggregateType":"passport","aggregateId":"571f633b-ebf6-41ad-b422-bb6c70e394d0"}
{"timestamp":"2026-10-06T20:27:55.956Z","category":"Audit","message":"audit_log_created","tenantId":"e0c0b778-0029-4628-bc66-965d792061b1","actorUserId":"8bf532f6-d6ca-477b-bcad-745612def3dc","action":"passport.receipt_rehearsed","entityType":"passport_connection","entityId":"571f633b-ebf6-41ad-b422-bb6c70e394d0"}
{"timestamp":"2026-10-06T20:27:55.964Z","category":"Event","message":"event_created","tenantId":"e0c0b778-0029-4628-bc66-965d792061b1","actorUserId":"8bf532f6-d6ca-477b-bcad-745612def3dc","eventId":"cb68b04b-1528-4a1d-86b8-966e4b8cb041","eventType":"passport.receipt_rehearsed","aggregateType":"passport","aggregateId":"571f633b-ebf6-41ad-b422-bb6c70e394d0"}
{"timestamp":"2026-10-06T20:27:55.966Z","category":"Audit","message":"audit_log_created","tenantId":"e0c0b778-0029-4628-bc66-965d792061b1","actorUserId":"8bf532f6-d6ca-477b-bcad-745612def3dc","action":"passport.receipt_rehearsed","entityType":"passport_connection","entityId":"571f633b-ebf6-41ad-b422-bb6c70e394d0"}
{"timestamp":"2026-10-06T20:27:56.012Z","category":"Event","message":"event_created","tenantId":"e0c0b778-0029-4628-bc66-965d792061b1","actorUserId":"8bf532f6-d6ca-477b-bcad-745612def3dc","eventId":"d809187d-af3c-49dc-8551-4e5b0f3bfa6f","eventType":"passport.receipt_rehearsed","aggregateType":"passport","aggregateId":"571f633b-ebf6-41ad-b422-bb6c70e394d0"}
{"timestamp":"2026-10-06T20:27:56.013Z","category":"Audit","message":"audit_log_created","tenantId":"e0c0b778-0029-4628-bc66-965d792061b1","actorUserId":"8bf532f6-d6ca-477b-bcad-745612def3dc","action":"passport.receipt_rehearsed","entityType":"passport_connection","entityId":"571f633b-ebf6-41ad-b422-bb6c70e394d0"}
{"timestamp":"2026-10-06T20:27:56.014Z","category":"Event","message":"event_created","tenantId":"e0c0b778-0029-4628-bc66-965d792061b1","actorUserId":"8bf532f6-d6ca-477b-bcad-745612def3dc","eventId":"3e2c6df0-0486-4d48-abe1-1f32e803bcc8","eventType":"cash_receipt.applied","aggregateType":"cash_receipt","aggregateId":"05ed4ee9-b302-4728-9e57-ca1a7343a9f4"}
{"timestamp":"2026-10-06T20:27:56.016Z","category":"Audit","message":"audit_log_created","tenantId":"e0c0b778-0029-4628-bc66-965d792061b1","actorUserId":"8bf532f6-d6ca-477b-bcad-745612def3dc","action":"cash_receipt.apply","entityType":"cash_receipt","entityId":"05ed4ee9-b302-4728-9e57-ca1a7343a9f4"}
{"timestamp":"2026-10-06T20:27:56.023Z","category":"Event","message":"event_created","tenantId":"e0c0b778-0029-4628-bc66-965d792061b1","actorUserId":"8bf532f6-d6ca-477b-bcad-745612def3dc","eventId":"6bf1bd58-6712-408c-a990-9762187e8a9c","eventType":"invoice.payment_applied","aggregateType":"invoice","aggregateId":"b125fcfa-f0c9-434e-8bc6-e02304e377dc"}
{"timestamp":"2026-10-06T20:27:56.025Z","category":"Audit","message":"audit_log_created","tenantId":"e0c0b778-0029-4628-bc66-965d792061b1","actorUserId":"8bf532f6-d6ca-477b-bcad-745612def3dc","action":"invoice.cash_application.update","entityType":"invoice","entityId":"b125fcfa-f0c9-434e-8bc6-e02304e377dc"}
{"timestamp":"2026-10-06T20:27:56.027Z","category":"Event","message":"event_created","tenantId":"e0c0b778-0029-4628-bc66-965d792061b1","actorUserId":"8bf532f6-d6ca-477b-bcad-745612def3dc","eventId":"55affd38-62f6-4a5f-ac02-15a0584f0d39","eventType":"invoice.balance_updated","aggregateType":"invoice","aggregateId":"b125fcfa-f0c9-434e-8bc6-e02304e377dc"}
{"timestamp":"2026-10-06T20:27:56.029Z","category":"Audit","message":"audit_log_created","tenantId":"e0c0b778-0029-4628-bc66-965d792061b1","actorUserId":"8bf532f6-d6ca-477b-bcad-745612def3dc","action":"invoice.cash_application.update","entityType":"invoice","entityId":"b125fcfa-f0c9-434e-8bc6-e02304e377dc"}
{"timestamp":"2026-10-06T20:27:56.031Z","category":"Event","message":"event_created","tenantId":"e0c0b778-0029-4628-bc66-965d792061b1","actorUserId":"8bf532f6-d6ca-477b-bcad-745612def3dc","eventId":"14e07693-9b0d-410e-aed6-541c247e3061","eventType":"payment_application.created","aggregateType":"payment_application","aggregateId":"0427b4d3-000a-4959-8221-c16ce1116014"}
{"timestamp":"2026-10-06T20:27:56.032Z","category":"Audit","message":"audit_log_created","tenantId":"e0c0b778-0029-4628-bc66-965d792061b1","actorUserId":"8bf532f6-d6ca-477b-bcad-745612def3dc","action":"payment_application.create","entityType":"payment_application","entityId":"0427b4d3-000a-4959-8221-c16ce1116014"}
{"timestamp":"2026-10-06T20:27:56.033Z","category":"Event","message":"event_created","tenantId":"e0c0b778-0029-4628-bc66-965d792061b1","actorUserId":"8bf532f6-d6ca-477b-bcad-745612def3dc","eventId":"035ef3e8-3a68-46b1-a279-66f19a6ad84b","eventType":"cash_receipt.created","aggregateType":"cash_receipt","aggregateId":"05ed4ee9-b302-4728-9e57-ca1a7343a9f4"}
{"timestamp":"2026-10-06T20:27:56.034Z","category":"Audit","message":"audit_log_created","tenantId":"e0c0b778-0029-4628-bc66-965d792061b1","actorUserId":"8bf532f6-d6ca-477b-bcad-745612def3dc","action":"passport.receipt_created","entityType":"cash_receipt","entityId":"05ed4ee9-b302-4728-9e57-ca1a7343a9f4"}
  ✓   15 [chromium] › tests/e2e/accepted-production-financials.spec.ts:507:5 › prepared customer receipts post once, retain partial balances and send overpayments and reversals to review (1.3s)
  ✓   16 [chromium] › tests/e2e/account-onboarding-visibility.spec.ts:6:5 › saved profiles do not hide newly identified accounts (2.1s)
  ✓   17 [chromium] › tests/e2e/action-states/action-state-boundaries.spec.ts:33:9 › Action-state boundaries — open/cancel must not mutate forbidden tables › [Production] prodDraft: cancel does not mutate forbidden tables (3.4s)
  ✓   18 [chromium] › tests/e2e/action-states/action-state-boundaries.spec.ts:33:9 › Action-state boundaries — open/cancel must not mutate forbidden tables › [Production] prodSubmitted: cancel does not mutate forbidden tables (2.5s)
  ✓   19 [chromium] › tests/e2e/action-states/action-state-boundaries.spec.ts:33:9 › Action-state boundaries — open/cancel must not mutate forbidden tables › [Production] prodUnderReview: cancel does not mutate forbidden tables (3.1s)
  ✓   20 [chromium] › tests/e2e/action-states/action-state-boundaries.spec.ts:33:9 › Action-state boundaries — open/cancel must not mutate forbidden tables › [Production] prodCorrectionRequested: cancel does not mutate forbidden tables (3.1s)
  ✓   21 [chromium] › tests/e2e/action-states/action-state-boundaries.spec.ts:33:9 › Action-state boundaries — open/cancel must not mutate forbidden tables › [Production] prodApprovedNotMarked: cancel does not mutate forbidden tables (3.2s)
  ✓   22 [chromium] › tests/e2e/action-states/action-state-boundaries.spec.ts:33:9 › Action-state boundaries — open/cancel must not mutate forbidden tables › [Production] prodVoid: cancel does not mutate forbidden tables (4.6s)
  ✓   23 [chromium] › tests/e2e/action-states/action-state-boundaries.spec.ts:33:9 › Action-state boundaries — open/cancel must not mutate forbidden tables › [QC] qcPending: cancel does not mutate forbidden tables (4.0s)
  ✓   24 [chromium] › tests/e2e/action-states/action-state-boundaries.spec.ts:33:9 › Action-state boundaries — open/cancel must not mutate forbidden tables › [QC] qcInReview: cancel does not mutate forbidden tables (3.0s)
  ✓   25 [chromium] › tests/e2e/action-states/action-state-boundaries.spec.ts:33:9 › Action-state boundaries — open/cancel must not mutate forbidden tables › [QC] qcCorrectionRequested: cancel does not mutate forbidden tables (2.7s)
  ✓   26 [chromium] › tests/e2e/action-states/action-state-boundaries.spec.ts:33:9 › Action-state boundaries — open/cancel must not mutate forbidden tables › [QC] qcVoid: cancel does not mutate forbidden tables (3.0s)
  ✓   27 [chromium] › tests/e2e/action-states/action-state-boundaries.spec.ts:33:9 › Action-state boundaries — open/cancel must not mutate forbidden tables › [Billable] billableDraft: cancel does not mutate forbidden tables (3.3s)
  ✓   28 [chromium] › tests/e2e/action-states/action-state-boundaries.spec.ts:33:9 › Action-state boundaries — open/cancel must not mutate forbidden tables › [Billable] billableOnHold: cancel does not mutate forbidden tables (3.2s)
  ✓   29 [chromium] › tests/e2e/action-states/action-state-boundaries.spec.ts:33:9 › Action-state boundaries — open/cancel must not mutate forbidden tables › [Billable] billableDisputed: cancel does not mutate forbidden tables (3.4s)
  ✓   30 [chromium] › tests/e2e/action-states/action-state-boundaries.spec.ts:33:9 › Action-state boundaries — open/cancel must not mutate forbidden tables › [Billable] billableVoid: cancel does not mutate forbidden tables (3.5s)
  ✓   31 [chromium] › tests/e2e/action-states/action-state-boundaries.spec.ts:33:9 › Action-state boundaries — open/cancel must not mutate forbidden tables › [Settlement] settlementDraft: cancel does not mutate forbidden tables (2.3s)
  ✓   32 [chromium] › tests/e2e/action-states/action-state-boundaries.spec.ts:33:9 › Action-state boundaries — open/cancel must not mutate forbidden tables › [Settlement] settlementItemDraft: cancel does not mutate forbidden tables (2.1s)
  ✓   33 [chromium] › tests/e2e/action-states/action-state-boundaries.spec.ts:33:9 › Action-state boundaries — open/cancel must not mutate forbidden tables › [Settlement] settlementUnderReview: cancel does not mutate forbidden tables (2.4s)
  ✓   34 [chromium] › tests/e2e/action-states/action-state-boundaries.spec.ts:33:9 › Action-state boundaries — open/cancel must not mutate forbidden tables › [Settlement] settlementApproved: cancel does not mutate forbidden tables (1.6s)
  ✓   35 [chromium] › tests/e2e/action-states/action-state-boundaries.spec.ts:33:9 › Action-state boundaries — open/cancel must not mutate forbidden tables › [Settlement] settlementDisputed: cancel does not mutate forbidden tables (1.7s)
  ✓   36 [chromium] › tests/e2e/action-states/action-state-boundaries.spec.ts:33:9 › Action-state boundaries — open/cancel must not mutate forbidden tables › [Settlement] settlementVoid: cancel does not mutate forbidden tables (1.7s)
  ✓   37 [chromium] › tests/e2e/action-states/action-state-boundaries.spec.ts:33:9 › Action-state boundaries — open/cancel must not mutate forbidden tables › [Invoice] invoiceDraft: cancel does not mutate forbidden tables (1.4s)
  ✓   38 [chromium] › tests/e2e/action-states/action-state-boundaries.spec.ts:33:9 › Action-state boundaries — open/cancel must not mutate forbidden tables › [Invoice] invoiceItemDraft: cancel does not mutate forbidden tables (1.6s)
  ✓   39 [chromium] › tests/e2e/action-states/action-state-boundaries.spec.ts:33:9 › Action-state boundaries — open/cancel must not mutate forbidden tables › [Invoice] invoiceUnderReview: cancel does not mutate forbidden tables (1.6s)
  ✓   40 [chromium] › tests/e2e/action-states/action-state-boundaries.spec.ts:33:9 › Action-state boundaries — open/cancel must not mutate forbidden tables › [Invoice] invoiceApproved: cancel does not mutate forbidden tables (1.7s)
  ✓   41 [chromium] › tests/e2e/action-states/action-state-boundaries.spec.ts:33:9 › Action-state boundaries — open/cancel must not mutate forbidden tables › [Invoice] invoiceDisputed: cancel does not mutate forbidden tables (3.0s)
  ✓   42 [chromium] › tests/e2e/action-states/action-state-boundaries.spec.ts:33:9 › Action-state boundaries — open/cancel must not mutate forbidden tables › [Invoice] invoiceVoid: cancel does not mutate forbidden tables (2.9s)
  ✓   43 [chromium] › tests/e2e/action-states/action-state-boundaries.spec.ts:33:9 › Action-state boundaries — open/cancel must not mutate forbidden tables › [Cash] cashReceiptUnapplied: cancel does not mutate forbidden tables (2.4s)
  ✓   44 [chromium] › tests/e2e/action-states/action-state-boundaries.spec.ts:33:9 › Action-state boundaries — open/cancel must not mutate forbidden tables › [Cash] cashReceiptVoidTarget: cancel does not mutate forbidden tables (2.1s)
  ✓   45 [chromium] › tests/e2e/action-states/action-state-boundaries.spec.ts:33:9 › Action-state boundaries — open/cancel must not mutate forbidden tables › [Cash] cashReceiptVoid: cancel does not mutate forbidden tables (2.4s)
  ✓   46 [chromium] › tests/e2e/action-states/action-state-boundaries.spec.ts:33:9 › Action-state boundaries — open/cancel must not mutate forbidden tables › [Cash] paymentApplicationApplied: cancel does not mutate forbidden tables (2.6s)
  ✓   47 [chromium] › tests/e2e/action-states/action-state-boundaries.spec.ts:33:9 › Action-state boundaries — open/cancel must not mutate forbidden tables › [Cash] paymentApplicationVoid: cancel does not mutate forbidden tables (2.6s)
  ✓   48 [chromium] › tests/e2e/action-states/action-state-boundaries.spec.ts:33:9 › Action-state boundaries — open/cancel must not mutate forbidden tables › [Collections] collectionCaseOpen: cancel does not mutate forbidden tables (2.0s)
  ✓   49 [chromium] › tests/e2e/action-states/action-state-boundaries.spec.ts:33:9 › Action-state boundaries — open/cancel must not mutate forbidden tables › [Collections] collectionCaseClosed: cancel does not mutate forbidden tables (2.3s)
  ✓   50 [chromium] › tests/e2e/action-states/action-state-boundaries.spec.ts:33:9 › Action-state boundaries — open/cancel must not mutate forbidden tables › [Collections] collectionActionPlanned: cancel does not mutate forbidden tables (1.5s)
  ✓   51 [chromium] › tests/e2e/action-states/action-state-boundaries.spec.ts:33:9 › Action-state boundaries — open/cancel must not mutate forbidden tables › [Collections] collectionActionCompleted: cancel does not mutate forbidden tables (1.3s)
  ✓   52 [chromium] › tests/e2e/action-states/action-state-boundaries.spec.ts:33:9 › Action-state boundaries — open/cancel must not mutate forbidden tables › [Contractor Payable] cpayDraft: cancel does not mutate forbidden tables (2.3s)
  ✓   53 [chromium] › tests/e2e/action-states/action-state-boundaries.spec.ts:33:9 › Action-state boundaries — open/cancel must not mutate forbidden tables › [Contractor Payable] cpayItemDraft: cancel does not mutate forbidden tables (1.9s)
  ✓   54 [chromium] › tests/e2e/action-states/action-state-boundaries.spec.ts:33:9 › Action-state boundaries — open/cancel must not mutate forbidden tables › [Contractor Payable] cpayUnderReview: cancel does not mutate forbidden tables (1.8s)
  ✓   55 [chromium] › tests/e2e/action-states/action-state-boundaries.spec.ts:33:9 › Action-state boundaries — open/cancel must not mutate forbidden tables › [Contractor Payable] cpayApproved: cancel does not mutate forbidden tables (1.7s)
  ✓   56 [chromium] › tests/e2e/action-states/action-state-boundaries.spec.ts:33:9 › Action-state boundaries — open/cancel must not mutate forbidden tables › [Contractor Payable] cpayDisputed: cancel does not mutate forbidden tables (1.8s)
  ✓   57 [chromium] › tests/e2e/action-states/action-state-boundaries.spec.ts:33:9 › Action-state boundaries — open/cancel must not mutate forbidden tables › [Contractor Payable] cpayVoid: cancel does not mutate forbidden tables (2.0s)
  ✓   58 [chromium] › tests/e2e/action-states/action-state-boundaries.spec.ts:33:9 › Action-state boundaries — open/cancel must not mutate forbidden tables › [Payroll] payrollDraft: cancel does not mutate forbidden tables (1.8s)
  ✓   59 [chromium] › tests/e2e/action-states/action-state-boundaries.spec.ts:33:9 › Action-state boundaries — open/cancel must not mutate forbidden tables › [Payroll] payrollItemDraft: cancel does not mutate forbidden tables (2.0s)
  ✓   60 [chromium] › tests/e2e/action-states/action-state-boundaries.spec.ts:33:9 › Action-state boundaries — open/cancel must not mutate forbidden tables › [Payroll] payrollUnderReview: cancel does not mutate forbidden tables (1.9s)
  ✓   61 [chromium] › tests/e2e/action-states/action-state-boundaries.spec.ts:33:9 › Action-state boundaries — open/cancel must not mutate forbidden tables › [Payroll] payrollApproved: cancel does not mutate forbidden tables (2.0s)
  ✓   62 [chromium] › tests/e2e/action-states/action-state-boundaries.spec.ts:33:9 › Action-state boundaries — open/cancel must not mutate forbidden tables › [Payroll] payrollDisputed: cancel does not mutate forbidden tables (2.4s)
  ✓   63 [chromium] › tests/e2e/action-states/action-state-boundaries.spec.ts:33:9 › Action-state boundaries — open/cancel must not mutate forbidden tables › [Payroll] payrollVoid: cancel does not mutate forbidden tables (3.1s)
  ✓   64 [chromium] › tests/e2e/action-states/action-state-boundaries.spec.ts:33:9 › Action-state boundaries — open/cancel must not mutate forbidden tables › [Payment Execution] paymentBatchDraft: cancel does not mutate forbidden tables (2.9s)
  ✓   65 [chromium] › tests/e2e/action-states/action-state-boundaries.spec.ts:33:9 › Action-state boundaries — open/cancel must not mutate forbidden tables › [Payment Execution] paymentItemDraft: cancel does not mutate forbidden tables (3.0s)
  ✓   66 [chromium] › tests/e2e/action-states/action-state-boundaries.spec.ts:33:9 › Action-state boundaries — open/cancel must not mutate forbidden tables › [Payment Execution] paymentBatchUnderReview: cancel does not mutate forbidden tables (3.4s)
  ✓   67 [chromium] › tests/e2e/action-states/action-state-boundaries.spec.ts:33:9 › Action-state boundaries — open/cancel must not mutate forbidden tables › [Payment Execution] paymentBatchApproved: cancel does not mutate forbidden tables (2.6s)
  ✓   68 [chromium] › tests/e2e/action-states/action-state-boundaries.spec.ts:33:9 › Action-state boundaries — open/cancel must not mutate forbidden tables › [Payment Execution] paymentBatchScheduled: cancel does not mutate forbidden tables (2.0s)
  ✓   69 [chromium] › tests/e2e/action-states/action-state-boundaries.spec.ts:33:9 › Action-state boundaries — open/cancel must not mutate forbidden tables › [Payment Execution] paymentBatchExecutionSubmitted: cancel does not mutate forbidden tables (2.0s)
  ✓   70 [chromium] › tests/e2e/action-states/action-state-boundaries.spec.ts:33:9 › Action-state boundaries — open/cancel must not mutate forbidden tables › [Payment Execution] paymentBatchVoidTarget: cancel does not mutate forbidden tables (1.6s)
  ✓   71 [chromium] › tests/e2e/action-states/action-state-boundaries.spec.ts:33:9 › Action-state boundaries — open/cancel must not mutate forbidden tables › [Payment Execution] paymentBatchVoid: cancel does not mutate forbidden tables (1.5s)
  ✓   72 [chromium] › tests/e2e/action-states/action-state-boundaries.spec.ts:33:9 › Action-state boundaries — open/cancel must not mutate forbidden tables › [Bank Reconciliation] bankAccountArchivable: cancel does not mutate forbidden tables (1.0s)
  ✓   73 [chromium] › tests/e2e/action-states/action-state-boundaries.spec.ts:33:9 › Action-state boundaries — open/cancel must not mutate forbidden tables › [Bank Reconciliation] bankTxnUnmatchedDebit: cancel does not mutate forbidden tables (1.2s)
  ✓   74 [chromium] › tests/e2e/action-states/action-state-boundaries.spec.ts:33:9 › Action-state boundaries — open/cancel must not mutate forbidden tables › [Bank Reconciliation] bankTxnUnmatchedCredit: cancel does not mutate forbidden tables (1.1s)
  ✓   75 [chromium] › tests/e2e/action-states/action-state-boundaries.spec.ts:33:9 › Action-state boundaries — open/cancel must not mutate forbidden tables › [Bank Reconciliation] bankTxnExceptionNone: cancel does not mutate forbidden tables (1.2s)
  ✓   76 [chromium] › tests/e2e/action-states/action-state-boundaries.spec.ts:33:9 › Action-state boundaries — open/cancel must not mutate forbidden tables › [Bank Reconciliation] bankTxnExceptionOpen: cancel does not mutate forbidden tables (1.2s)
  ✓   77 [chromium] › tests/e2e/action-states/action-state-boundaries.spec.ts:33:9 › Action-state boundaries — open/cancel must not mutate forbidden tables › [Bank Reconciliation] bankTxnIgnorable: cancel does not mutate forbidden tables (1.1s)
  ✓   78 [chromium] › tests/e2e/action-states/action-state-boundaries.spec.ts:33:9 › Action-state boundaries — open/cancel must not mutate forbidden tables › [Bank Reconciliation] reconMatchProposed: cancel does not mutate forbidden tables (1.0s)
  ✓   79 [chromium] › tests/e2e/action-states/action-state-boundaries.spec.ts:33:9 › Action-state boundaries — open/cancel must not mutate forbidden tables › [Accounting Export] aexDraft: cancel does not mutate forbidden tables (1.1s)
  ✓   80 [chromium] › tests/e2e/action-states/action-state-boundaries.spec.ts:33:9 › Action-state boundaries — open/cancel must not mutate forbidden tables › [Accounting Export] aexItemDraft: cancel does not mutate forbidden tables (1.2s)
  ✓   81 [chromium] › tests/e2e/action-states/action-state-boundaries.spec.ts:33:9 › Action-state boundaries — open/cancel must not mutate forbidden tables › [Accounting Export] aexGenerated: cancel does not mutate forbidden tables (1.4s)
  ✓   82 [chromium] › tests/e2e/action-states/action-state-boundaries.spec.ts:33:9 › Action-state boundaries — open/cancel must not mutate forbidden tables › [Accounting Export] aexUnderReview: cancel does not mutate forbidden tables (1.3s)
  ✓   83 [chromium] › tests/e2e/action-states/action-state-boundaries.spec.ts:33:9 › Action-state boundaries — open/cancel must not mutate forbidden tables › [Accounting Export] aexSubmitted: cancel does not mutate forbidden tables (1.4s)
  ✓   84 [chromium] › tests/e2e/action-states/action-state-boundaries.spec.ts:33:9 › Action-state boundaries — open/cancel must not mutate forbidden tables › [Accounting Export] aexCancelable: cancel does not mutate forbidden tables (1.6s)
  ✓   85 [chromium] › tests/e2e/action-states/action-state-modals.spec.ts:25:9 › Action-state modals — open, inspect, cancel › [Production] prodDraft: modal opens and cancels cleanly (2.1s)
  ✓   86 [chromium] › tests/e2e/action-states/action-state-modals.spec.ts:25:9 › Action-state modals — open, inspect, cancel › [Production] prodSubmitted: modal opens and cancels cleanly (1.5s)
  ✓   87 [chromium] › tests/e2e/action-states/action-state-modals.spec.ts:25:9 › Action-state modals — open, inspect, cancel › [Production] prodUnderReview: modal opens and cancels cleanly (1.5s)
  ✓   88 [chromium] › tests/e2e/action-states/action-state-modals.spec.ts:25:9 › Action-state modals — open, inspect, cancel › [Production] prodCorrectionRequested: modal opens and cancels cleanly (1.5s)
  ✓   89 [chromium] › tests/e2e/action-states/action-state-modals.spec.ts:25:9 › Action-state modals — open, inspect, cancel › [Production] prodApprovedNotMarked: modal opens and cancels cleanly (1.5s)
  ✓   90 [chromium] › tests/e2e/action-states/action-state-modals.spec.ts:25:9 › Action-state modals — open, inspect, cancel › [Production] prodVoid: modal opens and cancels cleanly (1.8s)
  ✓   91 [chromium] › tests/e2e/action-states/action-state-modals.spec.ts:25:9 › Action-state modals — open, inspect, cancel › [QC] qcPending: modal opens and cancels cleanly (1.4s)
  ✓   92 [chromium] › tests/e2e/action-states/action-state-modals.spec.ts:25:9 › Action-state modals — open, inspect, cancel › [QC] qcInReview: modal opens and cancels cleanly (1.5s)
  ✓   93 [chromium] › tests/e2e/action-states/action-state-modals.spec.ts:25:9 › Action-state modals — open, inspect, cancel › [QC] qcCorrectionRequested: modal opens and cancels cleanly (1.4s)
  ✓   94 [chromium] › tests/e2e/action-states/action-state-modals.spec.ts:25:9 › Action-state modals — open, inspect, cancel › [QC] qcVoid: modal opens and cancels cleanly (1.6s)
  ✓   95 [chromium] › tests/e2e/action-states/action-state-modals.spec.ts:25:9 › Action-state modals — open, inspect, cancel › [Billable] billableDraft: modal opens and cancels cleanly (1.6s)
  ✓   96 [chromium] › tests/e2e/action-states/action-state-modals.spec.ts:25:9 › Action-state modals — open, inspect, cancel › [Billable] billableOnHold: modal opens and cancels cleanly (1.2s)
  ✓   97 [chromium] › tests/e2e/action-states/action-state-modals.spec.ts:25:9 › Action-state modals — open, inspect, cancel › [Billable] billableDisputed: modal opens and cancels cleanly (1.2s)
  ✓   98 [chromium] › tests/e2e/action-states/action-state-modals.spec.ts:25:9 › Action-state modals — open, inspect, cancel › [Billable] billableVoid: modal opens and cancels cleanly (1.4s)
  ✓   99 [chromium] › tests/e2e/action-states/action-state-modals.spec.ts:25:9 › Action-state modals — open, inspect, cancel › [Settlement] settlementDraft: modal opens and cancels cleanly (1.5s)
  ✓  100 [chromium] › tests/e2e/action-states/action-state-modals.spec.ts:25:9 › Action-state modals — open, inspect, cancel › [Settlement] settlementItemDraft: modal opens and cancels cleanly (1.2s)
  ✓  101 [chromium] › tests/e2e/action-states/action-state-modals.spec.ts:25:9 › Action-state modals — open, inspect, cancel › [Settlement] settlementUnderReview: modal opens and cancels cleanly (1.4s)
  ✓  102 [chromium] › tests/e2e/action-states/action-state-modals.spec.ts:25:9 › Action-state modals — open, inspect, cancel › [Settlement] settlementApproved: modal opens and cancels cleanly (1.5s)
  ✓  103 [chromium] › tests/e2e/action-states/action-state-modals.spec.ts:25:9 › Action-state modals — open, inspect, cancel › [Settlement] settlementDisputed: modal opens and cancels cleanly (1.5s)
  ✓  104 [chromium] › tests/e2e/action-states/action-state-modals.spec.ts:25:9 › Action-state modals — open, inspect, cancel › [Settlement] settlementVoid: modal opens and cancels cleanly (1.7s)
  ✓  105 [chromium] › tests/e2e/action-states/action-state-modals.spec.ts:25:9 › Action-state modals — open, inspect, cancel › [Invoice] invoiceDraft: modal opens and cancels cleanly (2.2s)
  ✓  106 [chromium] › tests/e2e/action-states/action-state-modals.spec.ts:25:9 › Action-state modals — open, inspect, cancel › [Invoice] invoiceItemDraft: modal opens and cancels cleanly (2.2s)
  ✓  107 [chromium] › tests/e2e/action-states/action-state-modals.spec.ts:25:9 › Action-state modals — open, inspect, cancel › [Invoice] invoiceUnderReview: modal opens and cancels cleanly (3.3s)
  ✓  108 [chromium] › tests/e2e/action-states/action-state-modals.spec.ts:25:9 › Action-state modals — open, inspect, cancel › [Invoice] invoiceApproved: modal opens and cancels cleanly (4.4s)
  ✓  109 [chromium] › tests/e2e/action-states/action-state-modals.spec.ts:25:9 › Action-state modals — open, inspect, cancel › [Invoice] invoiceDisputed: modal opens and cancels cleanly (6.0s)
  ✓  110 [chromium] › tests/e2e/action-states/action-state-modals.spec.ts:25:9 › Action-state modals — open, inspect, cancel › [Invoice] invoiceVoid: modal opens and cancels cleanly (4.4s)
  ✓  111 [chromium] › tests/e2e/action-states/action-state-modals.spec.ts:25:9 › Action-state modals — open, inspect, cancel › [Cash] cashReceiptUnapplied: modal opens and cancels cleanly (2.7s)
  ✓  112 [chromium] › tests/e2e/action-states/action-state-modals.spec.ts:25:9 › Action-state modals — open, inspect, cancel › [Cash] cashReceiptVoidTarget: modal opens and cancels cleanly (2.1s)
  ✓  113 [chromium] › tests/e2e/action-states/action-state-modals.spec.ts:25:9 › Action-state modals — open, inspect, cancel › [Cash] cashReceiptVoid: modal opens and cancels cleanly (2.5s)
  ✓  114 [chromium] › tests/e2e/action-states/action-state-modals.spec.ts:25:9 › Action-state modals — open, inspect, cancel › [Cash] paymentApplicationApplied: modal opens and cancels cleanly (1.8s)
  ✓  115 [chromium] › tests/e2e/action-states/action-state-modals.spec.ts:25:9 › Action-state modals — open, inspect, cancel › [Cash] paymentApplicationVoid: modal opens and cancels cleanly (1.7s)
  ✓  116 [chromium] › tests/e2e/action-states/action-state-modals.spec.ts:25:9 › Action-state modals — open, inspect, cancel › [Collections] collectionCaseOpen: modal opens and cancels cleanly (1.4s)
  ✓  117 [chromium] › tests/e2e/action-states/action-state-modals.spec.ts:25:9 › Action-state modals — open, inspect, cancel › [Collections] collectionCaseClosed: modal opens and cancels cleanly (1.9s)
  ✓  118 [chromium] › tests/e2e/action-states/action-state-modals.spec.ts:25:9 › Action-state modals — open, inspect, cancel › [Collections] collectionActionPlanned: modal opens and cancels cleanly (1.5s)
  ✓  119 [chromium] › tests/e2e/action-states/action-state-modals.spec.ts:25:9 › Action-state modals — open, inspect, cancel › [Collections] collectionActionCompleted: modal opens and cancels cleanly (1.8s)
  ✓  120 [chromium] › tests/e2e/action-states/action-state-modals.spec.ts:25:9 › Action-state modals — open, inspect, cancel › [Contractor Payable] cpayDraft: modal opens and cancels cleanly (2.9s)
  ✓  121 [chromium] › tests/e2e/action-states/action-state-modals.spec.ts:25:9 › Action-state modals — open, inspect, cancel › [Contractor Payable] cpayItemDraft: modal opens and cancels cleanly (3.0s)
  ✓  122 [chromium] › tests/e2e/action-states/action-state-modals.spec.ts:25:9 › Action-state modals — open, inspect, cancel › [Contractor Payable] cpayUnderReview: modal opens and cancels cleanly (3.6s)
  ✓  123 [chromium] › tests/e2e/action-states/action-state-modals.spec.ts:25:9 › Action-state modals — open, inspect, cancel › [Contractor Payable] cpayApproved: modal opens and cancels cleanly (4.1s)
  ✓  124 [chromium] › tests/e2e/action-states/action-state-modals.spec.ts:25:9 › Action-state modals — open, inspect, cancel › [Contractor Payable] cpayDisputed: modal opens and cancels cleanly (4.7s)
  ✓  125 [chromium] › tests/e2e/action-states/action-state-modals.spec.ts:25:9 › Action-state modals — open, inspect, cancel › [Contractor Payable] cpayVoid: modal opens and cancels cleanly (3.8s)
  ✓  126 [chromium] › tests/e2e/action-states/action-state-modals.spec.ts:25:9 › Action-state modals — open, inspect, cancel › [Payroll] payrollDraft: modal opens and cancels cleanly (2.2s)
  ✓  127 [chromium] › tests/e2e/action-states/action-state-modals.spec.ts:25:9 › Action-state modals — open, inspect, cancel › [Payroll] payrollItemDraft: modal opens and cancels cleanly (2.1s)
  ✓  128 [chromium] › tests/e2e/action-states/action-state-modals.spec.ts:25:9 › Action-state modals — open, inspect, cancel › [Payroll] payrollUnderReview: modal opens and cancels cleanly (1.8s)
  ✓  129 [chromium] › tests/e2e/action-states/action-state-modals.spec.ts:25:9 › Action-state modals — open, inspect, cancel › [Payroll] payrollApproved: modal opens and cancels cleanly (1.5s)
  ✓  130 [chromium] › tests/e2e/action-states/action-state-modals.spec.ts:25:9 › Action-state modals — open, inspect, cancel › [Payroll] payrollDisputed: modal opens and cancels cleanly (1.6s)
  ✓  131 [chromium] › tests/e2e/action-states/action-state-modals.spec.ts:25:9 › Action-state modals — open, inspect, cancel › [Payroll] payrollVoid: modal opens and cancels cleanly (1.8s)
  ✓  132 [chromium] › tests/e2e/action-states/action-state-modals.spec.ts:25:9 › Action-state modals — open, inspect, cancel › [Payment Execution] paymentBatchDraft: modal opens and cancels cleanly (2.1s)
  ✓  133 [chromium] › tests/e2e/action-states/action-state-modals.spec.ts:25:9 › Action-state modals — open, inspect, cancel › [Payment Execution] paymentItemDraft: modal opens and cancels cleanly (1.5s)
  ✓  134 [chromium] › tests/e2e/action-states/action-state-modals.spec.ts:25:9 › Action-state modals — open, inspect, cancel › [Payment Execution] paymentBatchUnderReview: modal opens and cancels cleanly (1.9s)
  ✓  135 [chromium] › tests/e2e/action-states/action-state-modals.spec.ts:25:9 › Action-state modals — open, inspect, cancel › [Payment Execution] paymentBatchApproved: modal opens and cancels cleanly (2.8s)
  ✓  136 [chromium] › tests/e2e/action-states/action-state-modals.spec.ts:25:9 › Action-state modals — open, inspect, cancel › [Payment Execution] paymentBatchScheduled: modal opens and cancels cleanly (2.9s)
  ✓  137 [chromium] › tests/e2e/action-states/action-state-modals.spec.ts:25:9 › Action-state modals — open, inspect, cancel › [Payment Execution] paymentBatchExecutionSubmitted: modal opens and cancels cleanly (4.7s)
  ✓  138 [chromium] › tests/e2e/action-states/action-state-modals.spec.ts:25:9 › Action-state modals — open, inspect, cancel › [Payment Execution] paymentBatchVoidTarget: modal opens and cancels cleanly (12.0s)
  ✓  139 [chromium] › tests/e2e/action-states/action-state-modals.spec.ts:25:9 › Action-state modals — open, inspect, cancel › [Payment Execution] paymentBatchVoid: modal opens and cancels cleanly (6.7s)
  ✓  140 [chromium] › tests/e2e/action-states/action-state-modals.spec.ts:25:9 › Action-state modals — open, inspect, cancel › [Bank Reconciliation] bankAccountArchivable: modal opens and cancels cleanly (2.6s)
  ✓  141 [chromium] › tests/e2e/action-states/action-state-modals.spec.ts:25:9 › Action-state modals — open, inspect, cancel › [Bank Reconciliation] bankTxnUnmatchedDebit: modal opens and cancels cleanly (2.0s)
  ✓  142 [chromium] › tests/e2e/action-states/action-state-modals.spec.ts:25:9 › Action-state modals — open, inspect, cancel › [Bank Reconciliation] bankTxnUnmatchedCredit: modal opens and cancels cleanly (1.9s)
  ✓  143 [chromium] › tests/e2e/action-states/action-state-modals.spec.ts:25:9 › Action-state modals — open, inspect, cancel › [Bank Reconciliation] bankTxnExceptionNone: modal opens and cancels cleanly (1.5s)
  ✓  144 [chromium] › tests/e2e/action-states/action-state-modals.spec.ts:25:9 › Action-state modals — open, inspect, cancel › [Bank Reconciliation] bankTxnExceptionOpen: modal opens and cancels cleanly (1.5s)
  ✓  145 [chromium] › tests/e2e/action-states/action-state-modals.spec.ts:25:9 › Action-state modals — open, inspect, cancel › [Bank Reconciliation] bankTxnIgnorable: modal opens and cancels cleanly (1.4s)
  ✓  146 [chromium] › tests/e2e/action-states/action-state-modals.spec.ts:25:9 › Action-state modals — open, inspect, cancel › [Bank Reconciliation] reconMatchProposed: modal opens and cancels cleanly (1.6s)
  ✓  147 [chromium] › tests/e2e/action-states/action-state-modals.spec.ts:25:9 › Action-state modals — open, inspect, cancel › [Accounting Export] aexDraft: modal opens and cancels cleanly (2.1s)
  ✓  148 [chromium] › tests/e2e/action-states/action-state-modals.spec.ts:25:9 › Action-state modals — open, inspect, cancel › [Accounting Export] aexItemDraft: modal opens and cancels cleanly (1.5s)
  ✓  149 [chromium] › tests/e2e/action-states/action-state-modals.spec.ts:25:9 › Action-state modals — open, inspect, cancel › [Accounting Export] aexGenerated: modal opens and cancels cleanly (1.8s)
  ✓  150 [chromium] › tests/e2e/action-states/action-state-modals.spec.ts:25:9 › Action-state modals — open, inspect, cancel › [Accounting Export] aexUnderReview: modal opens and cancels cleanly (2.1s)
  ✓  151 [chromium] › tests/e2e/action-states/action-state-modals.spec.ts:25:9 › Action-state modals — open, inspect, cancel › [Accounting Export] aexSubmitted: modal opens and cancels cleanly (2.7s)
  ✓  152 [chromium] › tests/e2e/action-states/action-state-modals.spec.ts:25:9 › Action-state modals — open, inspect, cancel › [Accounting Export] aexCancelable: modal opens and cancels cleanly (2.9s)
  ✓  153 [chromium] › tests/e2e/action-states/action-state-personas.spec.ts:30:11 › Action-state personas — natural persona sees action, read-only does not › [Production] prodDraft › natural persona sees action button (2.3s)
  ✓  154 [chromium] › tests/e2e/action-states/action-state-personas.spec.ts:39:11 › Action-state personas — natural persona sees action, read-only does not › [Production] prodDraft › read-only auditor: route loads but action button hidden or disabled (1.3s)
  ✓  155 [chromium] › tests/e2e/action-states/action-state-personas.spec.ts:30:11 › Action-state personas — natural persona sees action, read-only does not › [Production] prodSubmitted › natural persona sees action button (2.0s)
  ✓  156 [chromium] › tests/e2e/action-states/action-state-personas.spec.ts:39:11 › Action-state personas — natural persona sees action, read-only does not › [Production] prodSubmitted › read-only auditor: route loads but action button hidden or disabled (1.7s)
  ✓  157 [chromium] › tests/e2e/action-states/action-state-personas.spec.ts:30:11 › Action-state personas — natural persona sees action, read-only does not › [Production] prodUnderReview › natural persona sees action button (1.8s)
  ✓  158 [chromium] › tests/e2e/action-states/action-state-personas.spec.ts:39:11 › Action-state personas — natural persona sees action, read-only does not › [Production] prodUnderReview › read-only auditor: route loads but action button hidden or disabled (1.7s)
  ✓  159 [chromium] › tests/e2e/action-states/action-state-personas.spec.ts:30:11 › Action-state personas — natural persona sees action, read-only does not › [Production] prodCorrectionRequested › natural persona sees action button (1.8s)
  ✓  160 [chromium] › tests/e2e/action-states/action-state-personas.spec.ts:39:11 › Action-state personas — natural persona sees action, read-only does not › [Production] prodCorrectionRequested › read-only auditor: route loads but action button hidden or disabled (2.1s)
  ✓  161 [chromium] › tests/e2e/action-states/action-state-personas.spec.ts:30:11 › Action-state personas — natural persona sees action, read-only does not › [Production] prodApprovedNotMarked › natural persona sees action button (1.8s)
  ✓  162 [chromium] › tests/e2e/action-states/action-state-personas.spec.ts:39:11 › Action-state personas — natural persona sees action, read-only does not › [Production] prodApprovedNotMarked › read-only auditor: route loads but action button hidden or disabled (1.7s)
  ✓  163 [chromium] › tests/e2e/action-states/action-state-personas.spec.ts:30:11 › Action-state personas — natural persona sees action, read-only does not › [Production] prodVoid › natural persona sees action button (2.4s)
  ✓  164 [chromium] › tests/e2e/action-states/action-state-personas.spec.ts:39:11 › Action-state personas — natural persona sees action, read-only does not › [Production] prodVoid › read-only auditor: route loads but action button hidden or disabled (1.0s)
  ✓  165 [chromium] › tests/e2e/action-states/action-state-personas.spec.ts:30:11 › Action-state personas — natural persona sees action, read-only does not › [QC] qcPending › natural persona sees action button (1.5s)
  ✓  166 [chromium] › tests/e2e/action-states/action-state-personas.spec.ts:39:11 › Action-state personas — natural persona sees action, read-only does not › [QC] qcPending › read-only auditor: route loads but action button hidden or disabled (4.2s)
  ✓  167 [chromium] › tests/e2e/action-states/action-state-personas.spec.ts:30:11 › Action-state personas — natural persona sees action, read-only does not › [QC] qcInReview › natural persona sees action button (1.0s)
  ✓  168 [chromium] › tests/e2e/action-states/action-state-personas.spec.ts:39:11 › Action-state personas — natural persona sees action, read-only does not › [QC] qcInReview › read-only auditor: route loads but action button hidden or disabled (805ms)
  ✓  169 [chromium] › tests/e2e/action-states/action-state-personas.spec.ts:30:11 › Action-state personas — natural persona sees action, read-only does not › [QC] qcCorrectionRequested › natural persona sees action button (990ms)
  ✓  170 [chromium] › tests/e2e/action-states/action-state-personas.spec.ts:39:11 › Action-state personas — natural persona sees action, read-only does not › [QC] qcCorrectionRequested › read-only auditor: route loads but action button hidden or disabled (797ms)
  ✓  171 [chromium] › tests/e2e/action-states/action-state-personas.spec.ts:30:11 › Action-state personas — natural persona sees action, read-only does not › [QC] qcVoid › natural persona sees action button (1.2s)
  ✓  172 [chromium] › tests/e2e/action-states/action-state-personas.spec.ts:39:11 › Action-state personas — natural persona sees action, read-only does not › [QC] qcVoid › read-only auditor: route loads but action button hidden or disabled (638ms)
  ✓  173 [chromium] › tests/e2e/action-states/action-state-personas.spec.ts:30:11 › Action-state personas — natural persona sees action, read-only does not › [Billable] billableDraft › natural persona sees action button (895ms)
  ✓  174 [chromium] › tests/e2e/action-states/action-state-personas.spec.ts:39:11 › Action-state personas — natural persona sees action, read-only does not › [Billable] billableDraft › read-only auditor: route loads but action button hidden or disabled (593ms)
  ✓  175 [chromium] › tests/e2e/action-states/action-state-personas.spec.ts:30:11 › Action-state personas — natural persona sees action, read-only does not › [Billable] billableOnHold › natural persona sees action button (962ms)
  ✓  176 [chromium] › tests/e2e/action-states/action-state-personas.spec.ts:39:11 › Action-state personas — natural persona sees action, read-only does not › [Billable] billableOnHold › read-only auditor: route loads but action button hidden or disabled (626ms)
  ✓  177 [chromium] › tests/e2e/action-states/action-state-personas.spec.ts:30:11 › Action-state personas — natural persona sees action, read-only does not › [Billable] billableDisputed › natural persona sees action button (1.0s)
  ✓  178 [chromium] › tests/e2e/action-states/action-state-personas.spec.ts:39:11 › Action-state personas — natural persona sees action, read-only does not › [Billable] billableDisputed › read-only auditor: route loads but action button hidden or disabled (1.0s)
  ✓  179 [chromium] › tests/e2e/action-states/action-state-personas.spec.ts:30:11 › Action-state personas — natural persona sees action, read-only does not › [Billable] billableVoid › natural persona sees action button (1.1s)
  ✓  180 [chromium] › tests/e2e/action-states/action-state-personas.spec.ts:39:11 › Action-state personas — natural persona sees action, read-only does not › [Billable] billableVoid › read-only auditor: route loads but action button hidden or disabled (1.0s)
  ✓  181 [chromium] › tests/e2e/action-states/action-state-personas.spec.ts:30:11 › Action-state personas — natural persona sees action, read-only does not › [Settlement] settlementDraft › natural persona sees action button (1.1s)
  ✓  182 [chromium] › tests/e2e/action-states/action-state-personas.spec.ts:39:11 › Action-state personas — natural persona sees action, read-only does not › [Settlement] settlementDraft › read-only auditor: route loads but action button hidden or disabled (1.3s)
  ✓  183 [chromium] › tests/e2e/action-states/action-state-personas.spec.ts:30:11 › Action-state personas — natural persona sees action, read-only does not › [Settlement] settlementItemDraft › natural persona sees action button (1.1s)
  ✓  184 [chromium] › tests/e2e/action-states/action-state-personas.spec.ts:39:11 › Action-state personas — natural persona sees action, read-only does not › [Settlement] settlementItemDraft › read-only auditor: route loads but action button hidden or disabled (803ms)
  ✓  185 [chromium] › tests/e2e/action-states/action-state-personas.spec.ts:30:11 › Action-state personas — natural persona sees action, read-only does not › [Settlement] settlementUnderReview › natural persona sees action button (1.2s)
  ✓  186 [chromium] › tests/e2e/action-states/action-state-personas.spec.ts:39:11 › Action-state personas — natural persona sees action, read-only does not › [Settlement] settlementUnderReview › read-only auditor: route loads but action button hidden or disabled (1.3s)
  ✓  187 [chromium] › tests/e2e/action-states/action-state-personas.spec.ts:30:11 › Action-state personas — natural persona sees action, read-only does not › [Settlement] settlementApproved › natural persona sees action button (1.1s)
  ✓  188 [chromium] › tests/e2e/action-states/action-state-personas.spec.ts:39:11 › Action-state personas — natural persona sees action, read-only does not › [Settlement] settlementApproved › read-only auditor: route loads but action button hidden or disabled (730ms)
  ✓  189 [chromium] › tests/e2e/action-states/action-state-personas.spec.ts:30:11 › Action-state personas — natural persona sees action, read-only does not › [Settlement] settlementDisputed › natural persona sees action button (1.3s)
  ✓  190 [chromium] › tests/e2e/action-states/action-state-personas.spec.ts:39:11 › Action-state personas — natural persona sees action, read-only does not › [Settlement] settlementDisputed › read-only auditor: route loads but action button hidden or disabled (957ms)
  ✓  191 [chromium] › tests/e2e/action-states/action-state-personas.spec.ts:30:11 › Action-state personas — natural persona sees action, read-only does not › [Settlement] settlementVoid › natural persona sees action button (1.5s)
  ✓  192 [chromium] › tests/e2e/action-states/action-state-personas.spec.ts:39:11 › Action-state personas — natural persona sees action, read-only does not › [Settlement] settlementVoid › read-only auditor: route loads but action button hidden or disabled (860ms)
  ✓  193 [chromium] › tests/e2e/action-states/action-state-personas.spec.ts:30:11 › Action-state personas — natural persona sees action, read-only does not › [Invoice] invoiceDraft › natural persona sees action button (1.1s)
  ✓  194 [chromium] › tests/e2e/action-states/action-state-personas.spec.ts:39:11 › Action-state personas — natural persona sees action, read-only does not › [Invoice] invoiceDraft › read-only auditor: route loads but action button hidden or disabled (1.1s)
  ✓  195 [chromium] › tests/e2e/action-states/action-state-personas.spec.ts:30:11 › Action-state personas — natural persona sees action, read-only does not › [Invoice] invoiceItemDraft › natural persona sees action button (1.1s)
  ✓  196 [chromium] › tests/e2e/action-states/action-state-personas.spec.ts:39:11 › Action-state personas — natural persona sees action, read-only does not › [Invoice] invoiceItemDraft › read-only auditor: route loads but action button hidden or disabled (1.4s)
  ✓  197 [chromium] › tests/e2e/action-states/action-state-personas.spec.ts:30:11 › Action-state personas — natural persona sees action, read-only does not › [Invoice] invoiceUnderReview › natural persona sees action button (1.0s)
  ✓  198 [chromium] › tests/e2e/action-states/action-state-personas.spec.ts:39:11 › Action-state personas — natural persona sees action, read-only does not › [Invoice] invoiceUnderReview › read-only auditor: route loads but action button hidden or disabled (847ms)
  ✓  199 [chromium] › tests/e2e/action-states/action-state-personas.spec.ts:30:11 › Action-state personas — natural persona sees action, read-only does not › [Invoice] invoiceApproved › natural persona sees action button (886ms)
  ✓  200 [chromium] › tests/e2e/action-states/action-state-personas.spec.ts:39:11 › Action-state personas — natural persona sees action, read-only does not › [Invoice] invoiceApproved › read-only auditor: route loads but action button hidden or disabled (934ms)
  ✓  201 [chromium] › tests/e2e/action-states/action-state-personas.spec.ts:30:11 › Action-state personas — natural persona sees action, read-only does not › [Invoice] invoiceDisputed › natural persona sees action button (1.6s)
  ✓  202 [chromium] › tests/e2e/action-states/action-state-personas.spec.ts:39:11 › Action-state personas — natural persona sees action, read-only does not › [Invoice] invoiceDisputed › read-only auditor: route loads but action button hidden or disabled (1.2s)
  ✓  203 [chromium] › tests/e2e/action-states/action-state-personas.spec.ts:30:11 › Action-state personas — natural persona sees action, read-only does not › [Invoice] invoiceVoid › natural persona sees action button (1.9s)
  ✓  204 [chromium] › tests/e2e/action-states/action-state-personas.spec.ts:39:11 › Action-state personas — natural persona sees action, read-only does not › [Invoice] invoiceVoid › read-only auditor: route loads but action button hidden or disabled (1.2s)
  ✓  205 [chromium] › tests/e2e/action-states/action-state-personas.spec.ts:30:11 › Action-state personas — natural persona sees action, read-only does not › [Cash] cashReceiptUnapplied › natural persona sees action button (1.7s)
  ✓  206 [chromium] › tests/e2e/action-states/action-state-personas.spec.ts:39:11 › Action-state personas — natural persona sees action, read-only does not › [Cash] cashReceiptUnapplied › read-only auditor: route loads but action button hidden or disabled (2.2s)
  ✓  207 [chromium] › tests/e2e/action-states/action-state-personas.spec.ts:30:11 › Action-state personas — natural persona sees action, read-only does not › [Cash] cashReceiptVoidTarget › natural persona sees action button (3.1s)
  ✓  208 [chromium] › tests/e2e/action-states/action-state-personas.spec.ts:39:11 › Action-state personas — natural persona sees action, read-only does not › [Cash] cashReceiptVoidTarget › read-only auditor: route loads but action button hidden or disabled (3.4s)
  ✓  209 [chromium] › tests/e2e/action-states/action-state-personas.spec.ts:30:11 › Action-state personas — natural persona sees action, read-only does not › [Cash] cashReceiptVoid › natural persona sees action button (4.6s)
  ✓  210 [chromium] › tests/e2e/action-states/action-state-personas.spec.ts:39:11 › Action-state personas — natural persona sees action, read-only does not › [Cash] cashReceiptVoid › read-only auditor: route loads but action button hidden or disabled (2.6s)
  ✓  211 [chromium] › tests/e2e/action-states/action-state-personas.spec.ts:30:11 › Action-state personas — natural persona sees action, read-only does not › [Cash] paymentApplicationApplied › natural persona sees action button (2.1s)
  ✓  212 [chromium] › tests/e2e/action-states/action-state-personas.spec.ts:39:11 › Action-state personas — natural persona sees action, read-only does not › [Cash] paymentApplicationApplied › read-only auditor: route loads but action button hidden or disabled (1.4s)
  ✓  213 [chromium] › tests/e2e/action-states/action-state-personas.spec.ts:30:11 › Action-state personas — natural persona sees action, read-only does not › [Cash] paymentApplicationVoid › natural persona sees action button (1.5s)
  ✓  214 [chromium] › tests/e2e/action-states/action-state-personas.spec.ts:39:11 › Action-state personas — natural persona sees action, read-only does not › [Cash] paymentApplicationVoid › read-only auditor: route loads but action button hidden or disabled (1.1s)
  ✓  215 [chromium] › tests/e2e/action-states/action-state-personas.spec.ts:30:11 › Action-state personas — natural persona sees action, read-only does not › [Collections] collectionCaseOpen › natural persona sees action button (993ms)
  ✓  216 [chromium] › tests/e2e/action-states/action-state-personas.spec.ts:39:11 › Action-state personas — natural persona sees action, read-only does not › [Collections] collectionCaseOpen › read-only auditor: route loads but action button hidden or disabled (869ms)
  ✓  217 [chromium] › tests/e2e/action-states/action-state-personas.spec.ts:30:11 › Action-state personas — natural persona sees action, read-only does not › [Collections] collectionCaseClosed › natural persona sees action button (1.2s)
  ✓  218 [chromium] › tests/e2e/action-states/action-state-personas.spec.ts:39:11 › Action-state personas — natural persona sees action, read-only does not › [Collections] collectionCaseClosed › read-only auditor: route loads but action button hidden or disabled (874ms)
  ✓  219 [chromium] › tests/e2e/action-states/action-state-personas.spec.ts:30:11 › Action-state personas — natural persona sees action, read-only does not › [Collections] collectionActionPlanned › natural persona sees action button (901ms)
  ✓  220 [chromium] › tests/e2e/action-states/action-state-personas.spec.ts:39:11 › Action-state personas — natural persona sees action, read-only does not › [Collections] collectionActionPlanned › read-only auditor: route loads but action button hidden or disabled (612ms)
  ✓  221 [chromium] › tests/e2e/action-states/action-state-personas.spec.ts:30:11 › Action-state personas — natural persona sees action, read-only does not › [Collections] collectionActionCompleted › natural persona sees action button (767ms)
  ✓  222 [chromium] › tests/e2e/action-states/action-state-personas.spec.ts:39:11 › Action-state personas — natural persona sees action, read-only does not › [Collections] collectionActionCompleted › read-only auditor: route loads but action button hidden or disabled (843ms)
  ✓  223 [chromium] › tests/e2e/action-states/action-state-personas.spec.ts:30:11 › Action-state personas — natural persona sees action, read-only does not › [Contractor Payable] cpayDraft › natural persona sees action button (1.2s)
  ✓  224 [chromium] › tests/e2e/action-states/action-state-personas.spec.ts:39:11 › Action-state personas — natural persona sees action, read-only does not › [Contractor Payable] cpayDraft › read-only auditor: route loads but action button hidden or disabled (573ms)
  ✓  225 [chromium] › tests/e2e/action-states/action-state-personas.spec.ts:30:11 › Action-state personas — natural persona sees action, read-only does not › [Contractor Payable] cpayItemDraft › natural persona sees action button (1.3s)
  ✓  226 [chromium] › tests/e2e/action-states/action-state-personas.spec.ts:39:11 › Action-state personas — natural persona sees action, read-only does not › [Contractor Payable] cpayItemDraft › read-only auditor: route loads but action button hidden or disabled (1.1s)
  ✓  227 [chromium] › tests/e2e/action-states/action-state-personas.spec.ts:30:11 › Action-state personas — natural persona sees action, read-only does not › [Contractor Payable] cpayUnderReview › natural persona sees action button (1.2s)
  ✓  228 [chromium] › tests/e2e/action-states/action-state-personas.spec.ts:39:11 › Action-state personas — natural persona sees action, read-only does not › [Contractor Payable] cpayUnderReview › read-only auditor: route loads but action button hidden or disabled (770ms)
  ✓  229 [chromium] › tests/e2e/action-states/action-state-personas.spec.ts:30:11 › Action-state personas — natural persona sees action, read-only does not › [Contractor Payable] cpayApproved › natural persona sees action button (1.5s)
  ✓  230 [chromium] › tests/e2e/action-states/action-state-personas.spec.ts:39:11 › Action-state personas — natural persona sees action, read-only does not › [Contractor Payable] cpayApproved › read-only auditor: route loads but action button hidden or disabled (1.1s)
  ✓  231 [chromium] › tests/e2e/action-states/action-state-personas.spec.ts:30:11 › Action-state personas — natural persona sees action, read-only does not › [Contractor Payable] cpayDisputed › natural persona sees action button (2.9s)
  ✓  232 [chromium] › tests/e2e/action-states/action-state-personas.spec.ts:39:11 › Action-state personas — natural persona sees action, read-only does not › [Contractor Payable] cpayDisputed › read-only auditor: route loads but action button hidden or disabled (1.5s)
  ✓  233 [chromium] › tests/e2e/action-states/action-state-personas.spec.ts:30:11 › Action-state personas — natural persona sees action, read-only does not › [Contractor Payable] cpayVoid › natural persona sees action button (2.6s)
  ✓  234 [chromium] › tests/e2e/action-states/action-state-personas.spec.ts:39:11 › Action-state personas — natural persona sees action, read-only does not › [Contractor Payable] cpayVoid › read-only auditor: route loads but action button hidden or disabled (1.9s)
  ✓  235 [chromium] › tests/e2e/action-states/action-state-personas.spec.ts:30:11 › Action-state personas — natural persona sees action, read-only does not › [Payroll] payrollDraft › natural persona sees action button (2.6s)
  ✓  236 [chromium] › tests/e2e/action-states/action-state-personas.spec.ts:39:11 › Action-state personas — natural persona sees action, read-only does not › [Payroll] payrollDraft › read-only auditor: route loads but action button hidden or disabled (2.5s)
  ✓  237 [chromium] › tests/e2e/action-states/action-state-personas.spec.ts:30:11 › Action-state personas — natural persona sees action, read-only does not › [Payroll] payrollItemDraft › natural persona sees action button (2.4s)
  ✓  238 [chromium] › tests/e2e/action-states/action-state-personas.spec.ts:39:11 › Action-state personas — natural persona sees action, read-only does not › [Payroll] payrollItemDraft › read-only auditor: route loads but action button hidden or disabled (1.9s)
  ✓  239 [chromium] › tests/e2e/action-states/action-state-personas.spec.ts:30:11 › Action-state personas — natural persona sees action, read-only does not › [Payroll] payrollUnderReview › natural persona sees action button (1.9s)
  ✓  240 [chromium] › tests/e2e/action-states/action-state-personas.spec.ts:39:11 › Action-state personas — natural persona sees action, read-only does not › [Payroll] payrollUnderReview › read-only auditor: route loads but action button hidden or disabled (1.1s)
  ✓  241 [chromium] › tests/e2e/action-states/action-state-personas.spec.ts:30:11 › Action-state personas — natural persona sees action, read-only does not › [Payroll] payrollApproved › natural persona sees action button (1.6s)
  ✓  242 [chromium] › tests/e2e/action-states/action-state-personas.spec.ts:39:11 › Action-state personas — natural persona sees action, read-only does not › [Payroll] payrollApproved › read-only auditor: route loads but action button hidden or disabled (999ms)
  ✓  243 [chromium] › tests/e2e/action-states/action-state-personas.spec.ts:30:11 › Action-state personas — natural persona sees action, read-only does not › [Payroll] payrollDisputed › natural persona sees action button (1.4s)
  ✓  244 [chromium] › tests/e2e/action-states/action-state-personas.spec.ts:39:11 › Action-state personas — natural persona sees action, read-only does not › [Payroll] payrollDisputed › read-only auditor: route loads but action button hidden or disabled (1.4s)
  ✓  245 [chromium] › tests/e2e/action-states/action-state-personas.spec.ts:30:11 › Action-state personas — natural persona sees action, read-only does not › [Payroll] payrollVoid › natural persona sees action button (1.6s)
  ✓  246 [chromium] › tests/e2e/action-states/action-state-personas.spec.ts:39:11 › Action-state personas — natural persona sees action, read-only does not › [Payroll] payrollVoid › read-only auditor: route loads but action button hidden or disabled (746ms)
  ✓  247 [chromium] › tests/e2e/action-states/action-state-personas.spec.ts:30:11 › Action-state personas — natural persona sees action, read-only does not › [Payment Execution] paymentBatchDraft › natural persona sees action button (887ms)
  ✓  248 [chromium] › tests/e2e/action-states/action-state-personas.spec.ts:39:11 › Action-state personas — natural persona sees action, read-only does not › [Payment Execution] paymentBatchDraft › read-only auditor: route loads but action button hidden or disabled (586ms)
  ✓  249 [chromium] › tests/e2e/action-states/action-state-personas.spec.ts:30:11 › Action-state personas — natural persona sees action, read-only does not › [Payment Execution] paymentItemDraft › natural persona sees action button (964ms)
  ✓  250 [chromium] › tests/e2e/action-states/action-state-personas.spec.ts:39:11 › Action-state personas — natural persona sees action, read-only does not › [Payment Execution] paymentItemDraft › read-only auditor: route loads but action button hidden or disabled (896ms)
  ✓  251 [chromium] › tests/e2e/action-states/action-state-personas.spec.ts:30:11 › Action-state personas — natural persona sees action, read-only does not › [Payment Execution] paymentBatchUnderReview › natural persona sees action button (1.4s)
  ✓  252 [chromium] › tests/e2e/action-states/action-state-personas.spec.ts:39:11 › Action-state personas — natural persona sees action, read-only does not › [Payment Execution] paymentBatchUnderReview › read-only auditor: route loads but action button hidden or disabled (998ms)
  ✓  253 [chromium] › tests/e2e/action-states/action-state-personas.spec.ts:30:11 › Action-state personas — natural persona sees action, read-only does not › [Payment Execution] paymentBatchApproved › natural persona sees action button (1.3s)
  ✓  254 [chromium] › tests/e2e/action-states/action-state-personas.spec.ts:39:11 › Action-state personas — natural persona sees action, read-only does not › [Payment Execution] paymentBatchApproved › read-only auditor: route loads but action button hidden or disabled (695ms)
  ✓  255 [chromium] › tests/e2e/action-states/action-state-personas.spec.ts:30:11 › Action-state personas — natural persona sees action, read-only does not › [Payment Execution] paymentBatchScheduled › natural persona sees action button (1.4s)
  ✓  256 [chromium] › tests/e2e/action-states/action-state-personas.spec.ts:39:11 › Action-state personas — natural persona sees action, read-only does not › [Payment Execution] paymentBatchScheduled › read-only auditor: route loads but action button hidden or disabled (905ms)
  ✓  257 [chromium] › tests/e2e/action-states/action-state-personas.spec.ts:30:11 › Action-state personas — natural persona sees action, read-only does not › [Payment Execution] paymentBatchExecutionSubmitted › natural persona sees action button (1.5s)
  ✓  258 [chromium] › tests/e2e/action-states/action-state-personas.spec.ts:39:11 › Action-state personas — natural persona sees action, read-only does not › [Payment Execution] paymentBatchExecutionSubmitted › read-only auditor: route loads but action button hidden or disabled (1.0s)
  ✓  259 [chromium] › tests/e2e/action-states/action-state-personas.spec.ts:30:11 › Action-state personas — natural persona sees action, read-only does not › [Payment Execution] paymentBatchVoidTarget › natural persona sees action button (2.2s)
  ✓  260 [chromium] › tests/e2e/action-states/action-state-personas.spec.ts:39:11 › Action-state personas — natural persona sees action, read-only does not › [Payment Execution] paymentBatchVoidTarget › read-only auditor: route loads but action button hidden or disabled (1.2s)
  ✓  261 [chromium] › tests/e2e/action-states/action-state-personas.spec.ts:30:11 › Action-state personas — natural persona sees action, read-only does not › [Payment Execution] paymentBatchVoid › natural persona sees action button (2.0s)
  ✓  262 [chromium] › tests/e2e/action-states/action-state-personas.spec.ts:39:11 › Action-state personas — natural persona sees action, read-only does not › [Payment Execution] paymentBatchVoid › read-only auditor: route loads but action button hidden or disabled (1.4s)
  ✓  263 [chromium] › tests/e2e/action-states/action-state-personas.spec.ts:30:11 › Action-state personas — natural persona sees action, read-only does not › [Bank Reconciliation] bankAccountArchivable › natural persona sees action button (1.6s)
  ✓  264 [chromium] › tests/e2e/action-states/action-state-personas.spec.ts:39:11 › Action-state personas — natural persona sees action, read-only does not › [Bank Reconciliation] bankAccountArchivable › read-only auditor: route loads but action button hidden or disabled (2.4s)
  ✓  265 [chromium] › tests/e2e/action-states/action-state-personas.spec.ts:30:11 › Action-state personas — natural persona sees action, read-only does not › [Bank Reconciliation] bankTxnUnmatchedDebit › natural persona sees action button (2.6s)
  ✓  266 [chromium] › tests/e2e/action-states/action-state-personas.spec.ts:39:11 › Action-state personas — natural persona sees action, read-only does not › [Bank Reconciliation] bankTxnUnmatchedDebit › read-only auditor: route loads but action button hidden or disabled (1.8s)
  ✓  267 [chromium] › tests/e2e/action-states/action-state-personas.spec.ts:30:11 › Action-state personas — natural persona sees action, read-only does not › [Bank Reconciliation] bankTxnUnmatchedCredit › natural persona sees action button (1.5s)
  ✓  268 [chromium] › tests/e2e/action-states/action-state-personas.spec.ts:39:11 › Action-state personas — natural persona sees action, read-only does not › [Bank Reconciliation] bankTxnUnmatchedCredit › read-only auditor: route loads but action button hidden or disabled (1.4s)
  ✓  269 [chromium] › tests/e2e/action-states/action-state-personas.spec.ts:30:11 › Action-state personas — natural persona sees action, read-only does not › [Bank Reconciliation] bankTxnExceptionNone › natural persona sees action button (1.1s)
  ✓  270 [chromium] › tests/e2e/action-states/action-state-personas.spec.ts:39:11 › Action-state personas — natural persona sees action, read-only does not › [Bank Reconciliation] bankTxnExceptionNone › read-only auditor: route loads but action button hidden or disabled (865ms)
  ✓  271 [chromium] › tests/e2e/action-states/action-state-personas.spec.ts:30:11 › Action-state personas — natural persona sees action, read-only does not › [Bank Reconciliation] bankTxnExceptionOpen › natural persona sees action button (1.2s)
  ✓  272 [chromium] › tests/e2e/action-states/action-state-personas.spec.ts:39:11 › Action-state personas — natural persona sees action, read-only does not › [Bank Reconciliation] bankTxnExceptionOpen › read-only auditor: route loads but action button hidden or disabled (876ms)
  ✓  273 [chromium] › tests/e2e/action-states/action-state-personas.spec.ts:30:11 › Action-state personas — natural persona sees action, read-only does not › [Bank Reconciliation] bankTxnIgnorable › natural persona sees action button (909ms)
  ✓  274 [chromium] › tests/e2e/action-states/action-state-personas.spec.ts:39:11 › Action-state personas — natural persona sees action, read-only does not › [Bank Reconciliation] bankTxnIgnorable › read-only auditor: route loads but action button hidden or disabled (902ms)
  ✓  275 [chromium] › tests/e2e/action-states/action-state-personas.spec.ts:30:11 › Action-state personas — natural persona sees action, read-only does not › [Bank Reconciliation] reconMatchProposed › natural persona sees action button (973ms)
  ✓  276 [chromium] › tests/e2e/action-states/action-state-personas.spec.ts:39:11 › Action-state personas — natural persona sees action, read-only does not › [Bank Reconciliation] reconMatchProposed › read-only auditor: route loads but action button hidden or disabled (899ms)
  ✓  277 [chromium] › tests/e2e/action-states/action-state-personas.spec.ts:30:11 › Action-state personas — natural persona sees action, read-only does not › [Accounting Export] aexDraft › natural persona sees action button (924ms)
  ✓  278 [chromium] › tests/e2e/action-states/action-state-personas.spec.ts:39:11 › Action-state personas — natural persona sees action, read-only does not › [Accounting Export] aexDraft › read-only auditor: route loads but action button hidden or disabled (906ms)
  ✓  279 [chromium] › tests/e2e/action-states/action-state-personas.spec.ts:30:11 › Action-state personas — natural persona sees action, read-only does not › [Accounting Export] aexItemDraft › natural persona sees action button (839ms)
  ✓  280 [chromium] › tests/e2e/action-states/action-state-personas.spec.ts:39:11 › Action-state personas — natural persona sees action, read-only does not › [Accounting Export] aexItemDraft › read-only auditor: route loads but action button hidden or disabled (711ms)
  ✓  281 [chromium] › tests/e2e/action-states/action-state-personas.spec.ts:30:11 › Action-state personas — natural persona sees action, read-only does not › [Accounting Export] aexGenerated › natural persona sees action button (1.1s)
  ✓  282 [chromium] › tests/e2e/action-states/action-state-personas.spec.ts:39:11 › Action-state personas — natural persona sees action, read-only does not › [Accounting Export] aexGenerated › read-only auditor: route loads but action button hidden or disabled (726ms)
  ✓  283 [chromium] › tests/e2e/action-states/action-state-personas.spec.ts:30:11 › Action-state personas — natural persona sees action, read-only does not › [Accounting Export] aexUnderReview › natural persona sees action button (916ms)
  ✓  284 [chromium] › tests/e2e/action-states/action-state-personas.spec.ts:39:11 › Action-state personas — natural persona sees action, read-only does not › [Accounting Export] aexUnderReview › read-only auditor: route loads but action button hidden or disabled (513ms)
  ✓  285 [chromium] › tests/e2e/action-states/action-state-personas.spec.ts:30:11 › Action-state personas — natural persona sees action, read-only does not › [Accounting Export] aexSubmitted › natural persona sees action button (921ms)
  ✓  286 [chromium] › tests/e2e/action-states/action-state-personas.spec.ts:39:11 › Action-state personas — natural persona sees action, read-only does not › [Accounting Export] aexSubmitted › read-only auditor: route loads but action button hidden or disabled (935ms)
  ✓  287 [chromium] › tests/e2e/action-states/action-state-personas.spec.ts:30:11 › Action-state personas — natural persona sees action, read-only does not › [Accounting Export] aexCancelable › natural persona sees action button (1.3s)
  ✓  288 [chromium] › tests/e2e/action-states/action-state-personas.spec.ts:39:11 › Action-state personas — natural persona sees action, read-only does not › [Accounting Export] aexCancelable › read-only auditor: route loads but action button hidden or disabled (1.1s)
  ✓  289 [chromium] › tests/e2e/action-states/action-state-personas.spec.ts:71:9 › Action-state personas — backend denies writes for read-only auditor › [Production] prodDraft: backend denies write as read-only (29ms)
  ✓  290 [chromium] › tests/e2e/action-states/action-state-personas.spec.ts:71:9 › Action-state personas — backend denies writes for read-only auditor › [Settlement] settlementDraft: backend denies write as read-only (30ms)
  ✓  291 [chromium] › tests/e2e/action-states/action-state-personas.spec.ts:71:9 › Action-state personas — backend denies writes for read-only auditor › [Invoice] invoiceApproved: backend denies write as read-only (29ms)
  ✓  292 [chromium] › tests/e2e/action-states/action-state-personas.spec.ts:71:9 › Action-state personas — backend denies writes for read-only auditor › [Accounting Export] aexDraft: backend denies write as read-only (23ms)
  ✓  293 [chromium] › tests/e2e/action-states/action-state-readiness.spec.ts:21:9 › Action-state readiness — route loads, label hydrates, action visible › [Production] prodDraft: route loads and action label visible (1.6s)
  ✓  294 [chromium] › tests/e2e/action-states/action-state-readiness.spec.ts:21:9 › Action-state readiness — route loads, label hydrates, action visible › [Production] prodSubmitted: route loads and action label visible (1.3s)
  ✓  295 [chromium] › tests/e2e/action-states/action-state-readiness.spec.ts:21:9 › Action-state readiness — route loads, label hydrates, action visible › [Production] prodUnderReview: route loads and action label visible (1.5s)
  ✓  296 [chromium] › tests/e2e/action-states/action-state-readiness.spec.ts:21:9 › Action-state readiness — route loads, label hydrates, action visible › [Production] prodCorrectionRequested: route loads and action label visible (1.6s)
  ✓  297 [chromium] › tests/e2e/action-states/action-state-readiness.spec.ts:21:9 › Action-state readiness — route loads, label hydrates, action visible › [Production] prodApprovedNotMarked: route loads and action label visible (1.5s)
  ✓  298 [chromium] › tests/e2e/action-states/action-state-readiness.spec.ts:21:9 › Action-state readiness — route loads, label hydrates, action visible › [Production] prodVoid: route loads and action label visible (2.7s)
  ✓  299 [chromium] › tests/e2e/action-states/action-state-readiness.spec.ts:21:9 › Action-state readiness — route loads, label hydrates, action visible › [QC] qcPending: route loads and action label visible (1.7s)
  ✓  300 [chromium] › tests/e2e/action-states/action-state-readiness.spec.ts:21:9 › Action-state readiness — route loads, label hydrates, action visible › [QC] qcInReview: route loads and action label visible (1.7s)
  ✓  301 [chromium] › tests/e2e/action-states/action-state-readiness.spec.ts:21:9 › Action-state readiness — route loads, label hydrates, action visible › [QC] qcCorrectionRequested: route loads and action label visible (1.8s)
  ✓  302 [chromium] › tests/e2e/action-states/action-state-readiness.spec.ts:21:9 › Action-state readiness — route loads, label hydrates, action visible › [QC] qcVoid: route loads and action label visible (2.1s)
  ✓  303 [chromium] › tests/e2e/action-states/action-state-readiness.spec.ts:21:9 › Action-state readiness — route loads, label hydrates, action visible › [Billable] billableDraft: route loads and action label visible (1.5s)
  ✓  304 [chromium] › tests/e2e/action-states/action-state-readiness.spec.ts:21:9 › Action-state readiness — route loads, label hydrates, action visible › [Billable] billableOnHold: route loads and action label visible (1.4s)
  ✓  305 [chromium] › tests/e2e/action-states/action-state-readiness.spec.ts:21:9 › Action-state readiness — route loads, label hydrates, action visible › [Billable] billableDisputed: route loads and action label visible (1.3s)
  ✓  306 [chromium] › tests/e2e/action-states/action-state-readiness.spec.ts:21:9 › Action-state readiness — route loads, label hydrates, action visible › [Billable] billableVoid: route loads and action label visible (1.4s)
  ✓  307 [chromium] › tests/e2e/action-states/action-state-readiness.spec.ts:21:9 › Action-state readiness — route loads, label hydrates, action visible › [Settlement] settlementDraft: route loads and action label visible (1.3s)
  ✓  308 [chromium] › tests/e2e/action-states/action-state-readiness.spec.ts:21:9 › Action-state readiness — route loads, label hydrates, action visible › [Settlement] settlementItemDraft: route loads and action label visible (1.2s)
  ✓  309 [chromium] › tests/e2e/action-states/action-state-readiness.spec.ts:21:9 › Action-state readiness — route loads, label hydrates, action visible › [Settlement] settlementUnderReview: route loads and action label visible (1.4s)
  ✓  310 [chromium] › tests/e2e/action-states/action-state-readiness.spec.ts:21:9 › Action-state readiness — route loads, label hydrates, action visible › [Settlement] settlementApproved: route loads and action label visible (1.3s)
  ✓  311 [chromium] › tests/e2e/action-states/action-state-readiness.spec.ts:21:9 › Action-state readiness — route loads, label hydrates, action visible › [Settlement] settlementDisputed: route loads and action label visible (1.1s)
  ✓  312 [chromium] › tests/e2e/action-states/action-state-readiness.spec.ts:21:9 › Action-state readiness — route loads, label hydrates, action visible › [Settlement] settlementVoid: route loads and action label visible (1.3s)
  ✓  313 [chromium] › tests/e2e/action-states/action-state-readiness.spec.ts:21:9 › Action-state readiness — route loads, label hydrates, action visible › [Invoice] invoiceDraft: route loads and action label visible (1.1s)
  ✓  314 [chromium] › tests/e2e/action-states/action-state-readiness.spec.ts:21:9 › Action-state readiness — route loads, label hydrates, action visible › [Invoice] invoiceItemDraft: route loads and action label visible (1.2s)
  ✓  315 [chromium] › tests/e2e/action-states/action-state-readiness.spec.ts:21:9 › Action-state readiness — route loads, label hydrates, action visible › [Invoice] invoiceUnderReview: route loads and action label visible (1.4s)
  ✓  316 [chromium] › tests/e2e/action-states/action-state-readiness.spec.ts:21:9 › Action-state readiness — route loads, label hydrates, action visible › [Invoice] invoiceApproved: route loads and action label visible (1.2s)
  ✓  317 [chromium] › tests/e2e/action-states/action-state-readiness.spec.ts:21:9 › Action-state readiness — route loads, label hydrates, action visible › [Invoice] invoiceDisputed: route loads and action label visible (1.5s)
  ✓  318 [chromium] › tests/e2e/action-states/action-state-readiness.spec.ts:21:9 › Action-state readiness — route loads, label hydrates, action visible › [Invoice] invoiceVoid: route loads and action label visible (2.1s)
  ✓  319 [chromium] › tests/e2e/action-states/action-state-readiness.spec.ts:21:9 › Action-state readiness — route loads, label hydrates, action visible › [Cash] cashReceiptUnapplied: route loads and action label visible (1.7s)
  ✓  320 [chromium] › tests/e2e/action-states/action-state-readiness.spec.ts:21:9 › Action-state readiness — route loads, label hydrates, action visible › [Cash] cashReceiptVoidTarget: route loads and action label visible (1.4s)
  ✓  321 [chromium] › tests/e2e/action-states/action-state-readiness.spec.ts:21:9 › Action-state readiness — route loads, label hydrates, action visible › [Cash] cashReceiptVoid: route loads and action label visible (1.9s)
  ✓  322 [chromium] › tests/e2e/action-states/action-state-readiness.spec.ts:21:9 › Action-state readiness — route loads, label hydrates, action visible › [Cash] paymentApplicationApplied: route loads and action label visible (1.8s)
  ✓  323 [chromium] › tests/e2e/action-states/action-state-readiness.spec.ts:21:9 › Action-state readiness — route loads, label hydrates, action visible › [Cash] paymentApplicationVoid: route loads and action label visible (3.2s)
  ✓  324 [chromium] › tests/e2e/action-states/action-state-readiness.spec.ts:21:9 › Action-state readiness — route loads, label hydrates, action visible › [Collections] collectionCaseOpen: route loads and action label visible (2.1s)
  ✓  325 [chromium] › tests/e2e/action-states/action-state-readiness.spec.ts:21:9 › Action-state readiness — route loads, label hydrates, action visible › [Collections] collectionCaseClosed: route loads and action label visible (2.8s)
  ✓  326 [chromium] › tests/e2e/action-states/action-state-readiness.spec.ts:21:9 › Action-state readiness — route loads, label hydrates, action visible › [Collections] collectionActionPlanned: route loads and action label visible (2.7s)
  ✓  327 [chromium] › tests/e2e/action-states/action-state-readiness.spec.ts:21:9 › Action-state readiness — route loads, label hydrates, action visible › [Collections] collectionActionCompleted: route loads and action label visible (2.0s)
  ✓  328 [chromium] › tests/e2e/action-states/action-state-readiness.spec.ts:21:9 › Action-state readiness — route loads, label hydrates, action visible › [Contractor Payable] cpayDraft: route loads and action label visible (2.6s)
  ✓  329 [chromium] › tests/e2e/action-states/action-state-readiness.spec.ts:21:9 › Action-state readiness — route loads, label hydrates, action visible › [Contractor Payable] cpayItemDraft: route loads and action label visible (2.0s)
  ✓  330 [chromium] › tests/e2e/action-states/action-state-readiness.spec.ts:21:9 › Action-state readiness — route loads, label hydrates, action visible › [Contractor Payable] cpayUnderReview: route loads and action label visible (1.6s)
  ✓  331 [chromium] › tests/e2e/action-states/action-state-readiness.spec.ts:21:9 › Action-state readiness — route loads, label hydrates, action visible › [Contractor Payable] cpayApproved: route loads and action label visible (1.7s)
  ✓  332 [chromium] › tests/e2e/action-states/action-state-readiness.spec.ts:21:9 › Action-state readiness — route loads, label hydrates, action visible › [Contractor Payable] cpayDisputed: route loads and action label visible (1.4s)
  ✓  333 [chromium] › tests/e2e/action-states/action-state-readiness.spec.ts:21:9 › Action-state readiness — route loads, label hydrates, action visible › [Contractor Payable] cpayVoid: route loads and action label visible (1.3s)
  ✓  334 [chromium] › tests/e2e/action-states/action-state-readiness.spec.ts:21:9 › Action-state readiness — route loads, label hydrates, action visible › [Payroll] payrollDraft: route loads and action label visible (884ms)
  ✓  335 [chromium] › tests/e2e/action-states/action-state-readiness.spec.ts:21:9 › Action-state readiness — route loads, label hydrates, action visible › [Payroll] payrollItemDraft: route loads and action label visible (981ms)
  ✓  336 [chromium] › tests/e2e/action-states/action-state-readiness.spec.ts:21:9 › Action-state readiness — route loads, label hydrates, action visible › [Payroll] payrollUnderReview: route loads and action label visible (1.5s)
  ✓  337 [chromium] › tests/e2e/action-states/action-state-readiness.spec.ts:21:9 › Action-state readiness — route loads, label hydrates, action visible › [Payroll] payrollApproved: route loads and action label visible (948ms)
  ✓  338 [chromium] › tests/e2e/action-states/action-state-readiness.spec.ts:21:9 › Action-state readiness — route loads, label hydrates, action visible › [Payroll] payrollDisputed: route loads and action label visible (812ms)
  ✓  339 [chromium] › tests/e2e/action-states/action-state-readiness.spec.ts:21:9 › Action-state readiness — route loads, label hydrates, action visible › [Payroll] payrollVoid: route loads and action label visible (1.3s)
  ✓  340 [chromium] › tests/e2e/action-states/action-state-readiness.spec.ts:21:9 › Action-state readiness — route loads, label hydrates, action visible › [Payment Execution] paymentBatchDraft: route loads and action label visible (909ms)
  ✓  341 [chromium] › tests/e2e/action-states/action-state-readiness.spec.ts:21:9 › Action-state readiness — route loads, label hydrates, action visible › [Payment Execution] paymentItemDraft: route loads and action label visible (969ms)
  ✓  342 [chromium] › tests/e2e/action-states/action-state-readiness.spec.ts:21:9 › Action-state readiness — route loads, label hydrates, action visible › [Payment Execution] paymentBatchUnderReview: route loads and action label visible (1.1s)
  ✓  343 [chromium] › tests/e2e/action-states/action-state-readiness.spec.ts:21:9 › Action-state readiness — route loads, label hydrates, action visible › [Payment Execution] paymentBatchApproved: route loads and action label visible (1.1s)
  ✓  344 [chromium] › tests/e2e/action-states/action-state-readiness.spec.ts:21:9 › Action-state readiness — route loads, label hydrates, action visible › [Payment Execution] paymentBatchScheduled: route loads and action label visible (1.1s)
  ✓  345 [chromium] › tests/e2e/action-states/action-state-readiness.spec.ts:21:9 › Action-state readiness — route loads, label hydrates, action visible › [Payment Execution] paymentBatchExecutionSubmitted: route loads and action label visible (1.9s)
  ✓  346 [chromium] › tests/e2e/action-states/action-state-readiness.spec.ts:21:9 › Action-state readiness — route loads, label hydrates, action visible › [Payment Execution] paymentBatchVoidTarget: route loads and action label visible (1.6s)
  ✓  347 [chromium] › tests/e2e/action-states/action-state-readiness.spec.ts:21:9 › Action-state readiness — route loads, label hydrates, action visible › [Payment Execution] paymentBatchVoid: route loads and action label visible (2.0s)
  ✓  348 [chromium] › tests/e2e/action-states/action-state-readiness.spec.ts:21:9 › Action-state readiness — route loads, label hydrates, action visible › [Bank Reconciliation] bankAccountArchivable: route loads and action label visible (1.8s)
  ✓  349 [chromium] › tests/e2e/action-states/action-state-readiness.spec.ts:21:9 › Action-state readiness — route loads, label hydrates, action visible › [Bank Reconciliation] bankTxnUnmatchedDebit: route loads and action label visible (2.6s)
  ✓  350 [chromium] › tests/e2e/action-states/action-state-readiness.spec.ts:21:9 › Action-state readiness — route loads, label hydrates, action visible › [Bank Reconciliation] bankTxnUnmatchedCredit: route loads and action label visible (2.2s)
  ✓  351 [chromium] › tests/e2e/action-states/action-state-readiness.spec.ts:21:9 › Action-state readiness — route loads, label hydrates, action visible › [Bank Reconciliation] bankTxnExceptionNone: route loads and action label visible (2.4s)
  ✓  352 [chromium] › tests/e2e/action-states/action-state-readiness.spec.ts:21:9 › Action-state readiness — route loads, label hydrates, action visible › [Bank Reconciliation] bankTxnExceptionOpen: route loads and action label visible (2.3s)
  ✓  353 [chromium] › tests/e2e/action-states/action-state-readiness.spec.ts:21:9 › Action-state readiness — route loads, label hydrates, action visible › [Bank Reconciliation] bankTxnIgnorable: route loads and action label visible (2.0s)
  ✓  354 [chromium] › tests/e2e/action-states/action-state-readiness.spec.ts:21:9 › Action-state readiness — route loads, label hydrates, action visible › [Bank Reconciliation] reconMatchProposed: route loads and action label visible (1.5s)
  ✓  355 [chromium] › tests/e2e/action-states/action-state-readiness.spec.ts:21:9 › Action-state readiness — route loads, label hydrates, action visible › [Accounting Export] aexDraft: route loads and action label visible (1.5s)
  ✓  356 [chromium] › tests/e2e/action-states/action-state-readiness.spec.ts:21:9 › Action-state readiness — route loads, label hydrates, action visible › [Accounting Export] aexItemDraft: route loads and action label visible (1.4s)
  ✓  357 [chromium] › tests/e2e/action-states/action-state-readiness.spec.ts:21:9 › Action-state readiness — route loads, label hydrates, action visible › [Accounting Export] aexGenerated: route loads and action label visible (1.3s)
  ✓  358 [chromium] › tests/e2e/action-states/action-state-readiness.spec.ts:21:9 › Action-state readiness — route loads, label hydrates, action visible › [Accounting Export] aexUnderReview: route loads and action label visible (1.2s)
  ✓  359 [chromium] › tests/e2e/action-states/action-state-readiness.spec.ts:21:9 › Action-state readiness — route loads, label hydrates, action visible › [Accounting Export] aexSubmitted: route loads and action label visible (1.0s)
  ✓  360 [chromium] › tests/e2e/action-states/action-state-readiness.spec.ts:21:9 › Action-state readiness — route loads, label hydrates, action visible › [Accounting Export] aexCancelable: route loads and action label visible (903ms)
  ✓  361 [chromium] › tests/e2e/action-states/action-state-submit.spec.ts:86:7 › Action-state full submit certification › [Billable] billableDraft: Recalculate Readiness submits without mutation (1.4s)
  ✓  362 [chromium] › tests/e2e/action-states/action-state-submit.spec.ts:97:7 › Action-state full submit certification › [Settlement] settlementItemDraft: Recalculate Readiness submits without mutation (1.4s)
  ✓  363 [chromium] › tests/e2e/action-states/action-state-submit.spec.ts:108:7 › Action-state full submit certification › [Contractor Payable] cpayItemDraft: Recalculate Totals submits without mutation (1.6s)
  ✓  364 [chromium] › tests/e2e/action-states/action-state-submit.spec.ts:119:7 › Action-state full submit certification › [Payroll] payrollItemDraft: Recalculate Totals submits without mutation (1.6s)
  ✓  365 [chromium] › tests/e2e/action-states/action-state-submit.spec.ts:132:7 › Action-state full submit certification › [Production] legacy draft without reviewed safety cannot submit (1.3s)
  ✓  366 [chromium] › tests/e2e/action-states/action-state-submit.spec.ts:147:7 › Action-state full submit certification › [Production] prodSubmitted: Start Review → status=under_review (1.1s)
  ✓  367 [chromium] › tests/e2e/action-states/action-state-submit.spec.ts:160:7 › Action-state full submit certification › [Production] prodUnderReview: Approve → status=approved (1.3s)
  ✓  368 [chromium] › tests/e2e/action-states/action-state-submit.spec.ts:177:7 › Action-state full submit certification › [Production] legacy correction without reviewed safety cannot advance (1.3s)
  ✓  369 [chromium] › tests/e2e/action-states/action-state-submit.spec.ts:193:7 › Action-state full submit certification › [Production] prodApprovedNotMarked: Mark Billable → billable_status=billable (1.8s)
  ✓  370 [chromium] › tests/e2e/action-states/action-state-submit.spec.ts:209:7 › Action-state full submit certification › [Production] prodVoid: Archive → status=archived (2.2s)
  ✓  371 [chromium] › tests/e2e/action-states/action-state-submit.spec.ts:225:7 › Action-state full submit certification › [QC] qcPending: Start Review → review_status=in_review (2.4s)
  ✓  372 [chromium] › tests/e2e/action-states/action-state-submit.spec.ts:238:7 › Action-state full submit certification › [QC] qcInReview: Approve → review_status=approved (3.7s)
  ✓  373 [chromium] › tests/e2e/action-states/action-state-submit.spec.ts:255:7 › Action-state full submit certification › [QC] qcCorrectionRequested: Mark Corrected → review_status=corrected (11.0s)
  ✓  374 [chromium] › tests/e2e/action-states/action-state-submit.spec.ts:269:7 › Action-state full submit certification › [QC] qcVoid: Archive → review_status=archived (3.8s)
  ✓  375 [chromium] › tests/e2e/action-states/action-state-submit.spec.ts:285:7 › Action-state full submit certification › [Billable] billableOnHold: Release Hold → status != held (2.4s)
  ✓  376 [chromium] › tests/e2e/action-states/action-state-submit.spec.ts:299:7 › Action-state full submit certification › [Billable] billableDisputed: Resolve Dispute → status != disputed (1.7s)
  ✓  377 [chromium] › tests/e2e/action-states/action-state-submit.spec.ts:313:7 › Action-state full submit certification › [Billable] billableVoid: Archive → status=archived (1.7s)
  ✓  378 [chromium] › tests/e2e/action-states/action-state-submit.spec.ts:332:7 › Action-state full submit certification › [Bank Recon] bankAccountArchivable: Archive → status=archived (1.4s)
  ✓  379 [chromium] › tests/e2e/action-states/action-state-submit.spec.ts:346:7 › Action-state full submit certification › [Bank Recon] bankTxnUnmatchedDebit: Match Payment Batch → reconciliation_match created (1.4s)
  ✓  380 [chromium] › tests/e2e/action-states/action-state-submit.spec.ts:363:7 › Action-state full submit certification › [Bank Recon] bankTxnUnmatchedCredit: Match Cash Receipt → reconciliation_match created [deferred-fix] (1.2s)
  ✓  381 [chromium] › tests/e2e/action-states/action-state-submit.spec.ts:380:7 › Action-state full submit certification › [Bank Recon] bankTxnExceptionNone: Open Exception → exception_status=open (1.1s)
  ✓  382 [chromium] › tests/e2e/action-states/action-state-submit.spec.ts:394:7 › Action-state full submit certification › [Bank Recon] bankTxnExceptionOpen: Resolve Exception → exception_status != open (1.1s)
  ✓  383 [chromium] › tests/e2e/action-states/action-state-submit.spec.ts:408:7 › Action-state full submit certification › [Bank Recon] bankTxnIgnorable: Ignore → reconciliation_status=ignored (1.1s)
  ✓  384 [chromium] › tests/e2e/action-states/action-state-submit.spec.ts:422:7 › Action-state full submit certification › [Bank Recon] reconMatchProposed: Review → match_status=reviewed (994ms)
  ✓  385 [chromium] › tests/e2e/action-states/action-state-submit.spec.ts:439:7 › Action-state full submit certification › [Cash] cashReceiptUnapplied: Apply To Invoice → payment_application created (1.3s)
  ✓  386 [chromium] › tests/e2e/action-states/action-state-submit.spec.ts:457:7 › Action-state full submit certification › [Cash] cashReceiptVoidTarget: Void → receipt_status=voided (1.8s)
  ✓  387 [chromium] › tests/e2e/action-states/action-state-submit.spec.ts:471:7 › Action-state full submit certification › [Cash] cashReceiptVoid: Archive → receipt_status=archived (1.3s)
  ✓  388 [chromium] › tests/e2e/action-states/action-state-submit.spec.ts:485:7 › Action-state full submit certification › [Cash] paymentApplicationApplied: Void → application_status=voided (1.4s)
  ✓  389 [chromium] › tests/e2e/action-states/action-state-submit.spec.ts:499:7 › Action-state full submit certification › [Cash] paymentApplicationVoid: Archive → application_status=archived (1.8s)
  ✓  390 [chromium] › tests/e2e/action-states/action-state-submit.spec.ts:517:7 › Action-state full submit certification › [Invoice] invoiceDraft: Submit Review → status=ready_for_review (1.8s)
  ✓  391 [chromium] › tests/e2e/action-states/action-state-submit.spec.ts:530:7 › Action-state full submit certification › [Invoice] invoiceItemDraft: Reject → approval_status=rejected (2.2s)
  ✓  392 [chromium] › tests/e2e/action-states/action-state-submit.spec.ts:546:7 › Action-state full submit certification › [Invoice] invoiceUnderReview: Reject → status=rejected (2.4s)
  ✓  393 [chromium] › tests/e2e/action-states/action-state-submit.spec.ts:560:7 › Action-state full submit certification › [Invoice] legacy Mark Sent opens package review and blocks missing approved terms (2.4s)
  ✓  394 [chromium] › tests/e2e/action-states/action-state-submit.spec.ts:575:7 › Action-state full submit certification › [Invoice] invoiceDisputed: Resolve Dispute → status != disputed (2.8s)
  ✓  395 [chromium] › tests/e2e/action-states/action-state-submit.spec.ts:589:7 › Action-state full submit certification › [Invoice] invoiceVoid: Archive → status=archived (2.4s)
  ✓  396 [chromium] › tests/e2e/action-states/action-state-submit.spec.ts:605:7 › Action-state full submit certification › [Settlement] settlementDraft: Submit Review → status=ready_for_review (2.1s)
  ✓  397 [chromium] › tests/e2e/action-states/action-state-submit.spec.ts:618:7 › Action-state full submit certification › [Settlement] settlementUnderReview: Reject → status=rejected (2.0s)
  ✓  398 [chromium] › tests/e2e/action-states/action-state-submit.spec.ts:632:7 › Action-state full submit certification › [Settlement] settlementApproved: Mark Invoice Ready → invoice_ready (1.9s)
  ✓  399 [chromium] › tests/e2e/action-states/action-state-submit.spec.ts:649:7 › Action-state full submit certification › [Settlement] settlementDisputed: Resolve Dispute → status != disputed (1.7s)
  ✓  400 [chromium] › tests/e2e/action-states/action-state-submit.spec.ts:663:7 › Action-state full submit certification › [Settlement] settlementVoid: Archive → status=archived (1.5s)
  ✓  401 [chromium] › tests/e2e/action-states/action-state-submit.spec.ts:679:7 › Action-state full submit certification › [Collections] collectionCaseOpen: Assign Owner → assigned_owner_user_id set (1.3s)
  ✓  402 [chromium] › tests/e2e/action-states/action-state-submit.spec.ts:694:7 › Action-state full submit certification › [Collections] collectionCaseClosed: Archive → case_status=archived (1.1s)
  ✓  403 [chromium] › tests/e2e/action-states/action-state-submit.spec.ts:708:7 › Action-state full submit certification › [Collections] collectionActionPlanned: Complete → action_status=completed (1.1s)
  ✓  404 [chromium] › tests/e2e/action-states/action-state-submit.spec.ts:721:7 › Action-state full submit certification › [Collections] collectionActionCompleted: Archive Action → action_status=archived (1.0s)
  ✓  405 [chromium] › tests/e2e/action-states/action-state-submit.spec.ts:737:7 › Action-state full submit certification › [Contractor Payable] cpayDraft: Submit Review → status=ready_for_review (1.4s)
  ✓  406 [chromium] › tests/e2e/action-states/action-state-submit.spec.ts:750:7 › Action-state full submit certification › [Contractor Payable] cpayUnderReview: missing accepted-work lineage blocks Approve (1.3s)
  ✓  407 [chromium] › tests/e2e/action-states/action-state-submit.spec.ts:766:7 › Action-state full submit certification › [Contractor Payable] cpayApproved: missing accepted-work lineage blocks Mark Payment Ready (1.2s)
  ✓  408 [chromium] › tests/e2e/action-states/action-state-submit.spec.ts:782:7 › Action-state full submit certification › [Contractor Payable] cpayDisputed: Resolve Dispute → status != disputed (1.4s)
  ✓  409 [chromium] › tests/e2e/action-states/action-state-submit.spec.ts:796:7 › Action-state full submit certification › [Contractor Payable] cpayVoid: Archive → status=archived (1.5s)
  ✓  410 [chromium] › tests/e2e/action-states/action-state-submit.spec.ts:812:7 › Action-state full submit certification › [Payroll] payrollDraft: Submit Review → status=ready_for_review (1.5s)
  ✓  411 [chromium] › tests/e2e/action-states/action-state-submit.spec.ts:825:7 › Action-state full submit certification › [Payroll] payrollUnderReview: Approve → status=approved (1.5s)
  ✓  412 [chromium] › tests/e2e/action-states/action-state-submit.spec.ts:839:7 › Action-state full submit certification › [Payroll] payrollApproved: Mark Payroll Ready → payroll_readiness_status=ready_for_payroll (1.6s)
  ✓  413 [chromium] › tests/e2e/action-states/action-state-submit.spec.ts:853:7 › Action-state full submit certification › [Payroll] payrollDisputed: Resolve Dispute → status != disputed (2.2s)
  ✓  414 [chromium] › tests/e2e/action-states/action-state-submit.spec.ts:867:7 › Action-state full submit certification › [Payroll] payrollVoid: Archive → status=archived (1.9s)
  ✓  415 [chromium] › tests/e2e/action-states/action-state-submit.spec.ts:886:7 › Action-state full submit certification › [Payment Execution] paymentBatchDraft: Submit Review → status=ready_for_review (1.9s)
  ✓  416 [chromium] › tests/e2e/action-states/action-state-submit.spec.ts:899:7 › Action-state full submit certification › [Payment Execution] paymentItemDraft: Archive Item → status=archived (1.4s)
  ✓  417 [chromium] › tests/e2e/action-states/action-state-submit.spec.ts:913:7 › Action-state full submit certification › [Payment Execution] paymentBatchUnderReview: missing accepted-work lineage blocks advancement (1.8s)
  ✓  418 [chromium] › tests/e2e/action-states/action-state-submit.spec.ts:929:7 › Action-state full submit certification › [Payment Execution] paymentBatchApproved: missing accepted-work lineage blocks advancement (1.8s)
  ✓  419 [chromium] › tests/e2e/action-states/action-state-submit.spec.ts:945:7 › Action-state full submit certification › [Payment Execution] paymentBatchVoidTarget: Void → status=voided [deferred-fix] (1.9s)
  ✓  420 [chromium] › tests/e2e/action-states/action-state-submit.spec.ts:959:7 › Action-state full submit certification › [Payment Execution] paymentBatchScheduled: missing accepted-work lineage blocks advancement (2.0s)
  ✓  421 [chromium] › tests/e2e/action-states/action-state-submit.spec.ts:975:7 › Action-state full submit certification › [Payment Execution] paymentBatchExecutionSubmitted: missing accepted-work lineage blocks advancement (2.0s)
  ✓  422 [chromium] › tests/e2e/action-states/action-state-submit.spec.ts:992:7 › Action-state full submit certification › [Payment Execution] paymentBatchVoid: Archive → status=archived (1.8s)
  ✓  423 [chromium] › tests/e2e/action-states/action-state-submit.spec.ts:1008:7 › Action-state full submit certification › [Accounting Export] aexDraft: Submit Review → status=ready_for_review (1.9s)
  ✓  424 [chromium] › tests/e2e/action-states/action-state-submit.spec.ts:1021:7 › Action-state full submit certification › [Accounting Export] aexItemDraft: Archive Item → export_status=archived (1.4s)
  ✓  425 [chromium] › tests/e2e/action-states/action-state-submit.spec.ts:1035:7 › Action-state full submit certification › [Accounting Export] aexGenerated: Mark Submitted → export_status=submitted_later (1.7s)
  ✓  426 [chromium] › tests/e2e/action-states/action-state-submit.spec.ts:1049:7 › Action-state full submit certification › [Accounting Export] aexUnderReview: Approve → approval_status=approved (1.9s)
  ✓  427 [chromium] › tests/e2e/action-states/action-state-submit.spec.ts:1063:7 › Action-state full submit certification › [Accounting Export] aexSubmitted: Mark Accepted → export_status=accepted_later (1.8s)
  ✓  428 [chromium] › tests/e2e/action-states/action-state-submit.spec.ts:1077:7 › Action-state full submit certification › [Accounting Export] aexCancelable: Cancel → status=cancelled (1.6s)
  ✓  429 [chromium] › tests/e2e/action-states/application-permission-denials.spec.ts:12:38 › all protected writes deny missing grants for system-admin (135ms)
  ✓  430 [chromium] › tests/e2e/action-states/application-permission-denials.spec.ts:12:38 › all protected writes deny missing grants for growth-operator (5.3s)
  ✓  431 [chromium] › tests/e2e/action-states/application-permission-denials.spec.ts:12:38 › all protected writes deny missing grants for ops-manager (6.7s)
  ✓  432 [chromium] › tests/e2e/action-states/application-permission-denials.spec.ts:12:38 › all protected writes deny missing grants for field-supervisor (8.3s)
  ✓  433 [chromium] › tests/e2e/action-states/application-permission-denials.spec.ts:12:38 › all protected writes deny missing grants for qc-reviewer (6.8s)
  ✓  434 [chromium] › tests/e2e/action-states/application-permission-denials.spec.ts:12:38 › all protected writes deny missing grants for finance-user (6.1s)
  ✓  435 [chromium] › tests/e2e/action-states/application-permission-denials.spec.ts:12:38 › all protected writes deny missing grants for collections-specialist (5.4s)
  ✓  436 [chromium] › tests/e2e/action-states/application-permission-denials.spec.ts:12:38 › all protected writes deny missing grants for payables-payroll-admin (5.9s)
  ✓  437 [chromium] › tests/e2e/action-states/application-permission-denials.spec.ts:12:38 › all protected writes deny missing grants for accounting-manager (8.4s)
  ✓  438 [chromium] › tests/e2e/action-states/application-permission-denials.spec.ts:12:38 › all protected writes deny missing grants for read-only-auditor (11.5s)
  ✓  439 [chromium] › tests/e2e/action-states/application-permission-denials.spec.ts:12:38 › all protected writes deny missing grants for qc-manager (4.6s)
  ✓  440 [chromium] › tests/e2e/action-states/application-permission-denials.spec.ts:12:38 › all protected writes deny missing grants for billing-manager (3.5s)
  ✓  441 [chromium] › tests/e2e/auth.spec.ts:8:7 › E2E auth storage state foundation › system admin storage state is generated and can open the app shell (574ms)
  ✓  442 [chromium] › tests/e2e/bank-match-permission.spec.ts:12:7 › bank match tabs honor read-only access and lifecycle (726ms)
  ✓  443 [chromium] › tests/e2e/bank-match-permission.spec.ts:12:7 › bank match tabs honor authorized access and lifecycle (1.1s)
  ✓  444 [chromium] › tests/e2e/bank-match-permission.spec.ts:12:7 › bank match tabs honor archived access and lifecycle (716ms)
  ✓  445 [chromium] › tests/e2e/boundaries/boundary-copy.spec.ts:31:9 › Boundary placeholder and copy certification › Production boundary copy is visible (927ms)
  ✓  446 [chromium] › tests/e2e/boundaries/boundary-copy.spec.ts:31:9 › Boundary placeholder and copy certification › QC boundary copy is visible (1.2s)
  ✓  447 [chromium] › tests/e2e/boundaries/boundary-copy.spec.ts:31:9 › Boundary placeholder and copy certification › Billable boundary copy is visible (1.1s)
  ✓  448 [chromium] › tests/e2e/boundaries/boundary-copy.spec.ts:31:9 › Boundary placeholder and copy certification › Settlement boundary copy is visible (1.1s)
  ✓  449 [chromium] › tests/e2e/boundaries/boundary-copy.spec.ts:31:9 › Boundary placeholder and copy certification › Invoice boundary copy is visible (1.1s)
  ✓  450 [chromium] › tests/e2e/boundaries/boundary-copy.spec.ts:31:9 › Boundary placeholder and copy certification › Cash boundary copy is visible (1.1s)
  ✓  451 [chromium] › tests/e2e/boundaries/boundary-copy.spec.ts:31:9 › Boundary placeholder and copy certification › Collection boundary copy is visible (907ms)
  ✓  452 [chromium] › tests/e2e/boundaries/boundary-copy.spec.ts:31:9 › Boundary placeholder and copy certification › Contractor boundary copy is visible (1.1s)
  ✓  453 [chromium] › tests/e2e/boundaries/boundary-copy.spec.ts:31:9 › Boundary placeholder and copy certification › Payroll boundary copy is visible (1.1s)
  ✓  454 [chromium] › tests/e2e/boundaries/boundary-copy.spec.ts:31:9 › Boundary placeholder and copy certification › Payment boundary copy is visible (1.0s)
  ✓  455 [chromium] › tests/e2e/boundaries/boundary-copy.spec.ts:31:9 › Boundary placeholder and copy certification › Bank boundary copy is visible (1.0s)
  ✓  456 [chromium] › tests/e2e/boundaries/boundary-copy.spec.ts:31:9 › Boundary placeholder and copy certification › Accounting boundary copy is visible (1.2s)
  ✓  457 [chromium] › tests/e2e/boundaries/downstream-creation.spec.ts:32:9 › Forbidden downstream creation boundaries › production inspection creates no forbidden downstream objects (701ms)
  ✓  458 [chromium] › tests/e2e/boundaries/downstream-creation.spec.ts:32:9 › Forbidden downstream creation boundaries › invoice inspection creates no forbidden downstream objects (773ms)
  ✓  459 [chromium] › tests/e2e/boundaries/downstream-creation.spec.ts:32:9 › Forbidden downstream creation boundaries › cash receipt inspection creates no forbidden downstream objects (820ms)
  ✓  460 [chromium] › tests/e2e/boundaries/downstream-creation.spec.ts:32:9 › Forbidden downstream creation boundaries › collections inspection creates no forbidden downstream objects (734ms)
  ✓  461 [chromium] › tests/e2e/boundaries/downstream-creation.spec.ts:32:9 › Forbidden downstream creation boundaries › payment execution inspection creates no forbidden downstream objects (1.0s)
  ✓  462 [chromium] › tests/e2e/boundaries/downstream-creation.spec.ts:32:9 › Forbidden downstream creation boundaries › bank reconciliation inspection creates no forbidden downstream objects (955ms)
  ✓  463 [chromium] › tests/e2e/boundaries/downstream-creation.spec.ts:32:9 › Forbidden downstream creation boundaries › accounting export inspection creates no forbidden downstream objects (1.2s)
  ✓  464 [chromium] › tests/e2e/boundaries/source-mutation.spec.ts:12:7 › Source mutation boundaries › bank reconciliation inspection does not alter invoice balance fields (963ms)
  ✓  465 [chromium] › tests/e2e/boundaries/source-mutation.spec.ts:19:7 › Source mutation boundaries › accounting export inspection does not alter source invoice or payment batch status (917ms)
  ✓  466 [chromium] › tests/e2e/boundaries/source-mutation.spec.ts:26:7 › Source mutation boundaries › collections inspection does not alter invoice balance fields (903ms)
  ✓  467 [chromium] › tests/e2e/boundary-assertions.spec.ts:16:7 › Boundary assertion foundation › Payment Execution route inspection does not create bank transactions (926ms)
  ✓  468 [chromium] › tests/e2e/boundary-assertions.spec.ts:22:7 › Boundary assertion foundation › Bank Reconciliation route inspection does not create accounting exports (1.2s)
  ✓  469 [chromium] › tests/e2e/boundary-assertions.spec.ts:28:7 › Boundary assertion foundation › Accounting Export route inspection does not mutate source financial records (967ms)
  ✓  470 [chromium] › tests/e2e/coil-policy-organization-choice.spec.ts:11:5 › policy counterparty uses organization names and preserves the nullable default (1.6s)
  ✓  471 [chromium] › tests/e2e/coil-policy-organization-choice.spec.ts:35:5 › policy writers without organization read never load or display organization choices (1.2s)
  ✓  472 [chromium] › tests/e2e/coil-policy-organization-choice.spec.ts:45:5 › separate production item uses named choices and a failed save preserves the policy draft (1.1s)
  ✓  473 [chromium] › tests/e2e/dashboard-access.spec.ts:7:5 › a resource reader cannot open a dashboard or request its metrics (715ms)
  ✓  474 [chromium] › tests/e2e/dashboard-access.spec.ts:17:5 › dashboard requests use the signed-in identity and preserve successful metrics (908ms)
  ✓  475 [chromium] › tests/e2e/dashboard-access.spec.ts:31:7 › / reports failed data instead of a zero dashboard (1.2s)
  ✓  476 [chromium] › tests/e2e/dashboard-access.spec.ts:31:7 › /executive reports failed data instead of a zero dashboard (810ms)
  ✓  477 [chromium] › tests/e2e/dashboard-access.spec.ts:31:7 › /operations reports failed data instead of a zero dashboard (837ms)
  ✓  478 [chromium] › tests/e2e/dashboard-access.spec.ts:31:7 › /finance reports failed data instead of a zero dashboard (731ms)
  ✓  479 [chromium] › tests/e2e/dashboard-access.spec.ts:31:7 › /growth reports failed data instead of a zero dashboard (697ms)
  ✓  480 [chromium] › tests/e2e/dashboard-access.spec.ts:31:7 › /constraints-center reports failed data instead of a zero dashboard (651ms)
  ✓  481 [chromium] › tests/e2e/dashboard-access.spec.ts:31:7 › /recommendations-center reports failed data instead of a zero dashboard (781ms)
  ✓  482 [chromium] › tests/e2e/dashboard-access.spec.ts:31:7 › /kpis-center reports failed data instead of a zero dashboard (701ms)
  ✓  483 [chromium] › tests/e2e/dashboard-access.spec.ts:31:7 › /workflows-center reports failed data instead of a zero dashboard (713ms)
  ✓  484 [chromium] › tests/e2e/dashboard-access.spec.ts:41:5 › unauthenticated requests never receive server-rendered dashboard metrics (533ms)
  ✓  485 [chromium] › tests/e2e/dashboard-access.spec.ts:53:5 › login falls back to the permitted queue when the suggested dashboard is not authorized (1.0s)
  ✓  486 [chromium] › tests/e2e/detail-hydration/checkpoint-details.spec.ts:11:9 › Seeded detail hydration › Signal detail renders seeded checkpoint data (757ms)
  ✓  487 [chromium] › tests/e2e/detail-hydration/checkpoint-details.spec.ts:11:9 › Seeded detail hydration › Organization detail renders seeded checkpoint data (822ms)
  ✓  488 [chromium] › tests/e2e/detail-hydration/checkpoint-details.spec.ts:11:9 › Seeded detail hydration › Contact detail renders seeded checkpoint data (921ms)
  ✓  489 [chromium] › tests/e2e/detail-hydration/checkpoint-details.spec.ts:11:9 › Seeded detail hydration › Relationship Map detail renders seeded checkpoint data (820ms)
  ✓  490 [chromium] › tests/e2e/detail-hydration/checkpoint-details.spec.ts:11:9 › Seeded detail hydration › Opportunity Candidate detail renders seeded checkpoint data (709ms)
  ✓  491 [chromium] › tests/e2e/detail-hydration/checkpoint-details.spec.ts:11:9 › Seeded detail hydration › Opportunity detail renders seeded checkpoint data (774ms)
  ✓  492 [chromium] › tests/e2e/detail-hydration/checkpoint-details.spec.ts:11:9 › Seeded detail hydration › Coverage Plan detail renders seeded checkpoint data (869ms)
  ✓  493 [chromium] › tests/e2e/detail-hydration/checkpoint-details.spec.ts:11:9 › Seeded detail hydration › Project detail renders seeded checkpoint data (1.1s)
  ✓  494 [chromium] › tests/e2e/detail-hydration/checkpoint-details.spec.ts:11:9 › Seeded detail hydration › Work Order detail renders seeded checkpoint data (907ms)
  ✓  495 [chromium] › tests/e2e/detail-hydration/checkpoint-details.spec.ts:11:9 › Seeded detail hydration › Production Record detail renders seeded checkpoint data (1.6s)
  ✓  496 [chromium] › tests/e2e/detail-hydration/checkpoint-details.spec.ts:11:9 › Seeded detail hydration › QC Review detail renders seeded checkpoint data (1.1s)
  ✓  497 [chromium] › tests/e2e/detail-hydration/checkpoint-details.spec.ts:11:9 › Seeded detail hydration › Billable Item detail renders seeded checkpoint data (1.8s)
  ✓  498 [chromium] › tests/e2e/detail-hydration/checkpoint-details.spec.ts:11:9 › Seeded detail hydration › Settlement detail renders seeded checkpoint data (1.4s)
  ✓  499 [chromium] › tests/e2e/detail-hydration/checkpoint-details.spec.ts:11:9 › Seeded detail hydration › Invoice detail renders seeded checkpoint data (2.4s)
  ✓  500 [chromium] › tests/e2e/detail-hydration/checkpoint-details.spec.ts:11:9 › Seeded detail hydration › Cash Receipt detail renders seeded checkpoint data (6.2s)
  ✓  501 [chromium] › tests/e2e/detail-hydration/checkpoint-details.spec.ts:11:9 › Seeded detail hydration › Payment Application detail renders seeded checkpoint data (5.2s)
  ✓  502 [chromium] › tests/e2e/detail-hydration/checkpoint-details.spec.ts:11:9 › Seeded detail hydration › Collection Case detail renders seeded checkpoint data (1.9s)
  ✓  503 [chromium] › tests/e2e/detail-hydration/checkpoint-details.spec.ts:11:9 › Seeded detail hydration › Collection Action detail renders seeded checkpoint data (1.5s)
  ✓  504 [chromium] › tests/e2e/detail-hydration/checkpoint-details.spec.ts:11:9 › Seeded detail hydration › Contractor Payable detail renders seeded checkpoint data (1.3s)
  ✓  505 [chromium] › tests/e2e/detail-hydration/checkpoint-details.spec.ts:11:9 › Seeded detail hydration › Payroll Run detail renders seeded checkpoint data (1.0s)
  ✓  506 [chromium] › tests/e2e/detail-hydration/checkpoint-details.spec.ts:11:9 › Seeded detail hydration › Payment Batch detail renders seeded checkpoint data (1.4s)
  ✓  507 [chromium] › tests/e2e/detail-hydration/checkpoint-details.spec.ts:11:9 › Seeded detail hydration › Payment Item detail renders seeded checkpoint data (1.3s)
  ✓  508 [chromium] › tests/e2e/detail-hydration/checkpoint-details.spec.ts:11:9 › Seeded detail hydration › Bank Account detail renders seeded checkpoint data (919ms)
  ✓  509 [chromium] › tests/e2e/detail-hydration/checkpoint-details.spec.ts:11:9 › Seeded detail hydration › Bank Transaction detail renders seeded checkpoint data (987ms)
  ✓  510 [chromium] › tests/e2e/detail-hydration/checkpoint-details.spec.ts:11:9 › Seeded detail hydration › Reconciliation Match detail renders seeded checkpoint data (800ms)
  ✓  511 [chromium] › tests/e2e/detail-hydration/checkpoint-details.spec.ts:11:9 › Seeded detail hydration › Accounting Export Batch detail renders seeded checkpoint data (863ms)
  ✓  512 [chromium] › tests/e2e/detail-hydration/checkpoint-details.spec.ts:11:9 › Seeded detail hydration › Accounting Export Item detail renders seeded checkpoint data (857ms)
  ✓  513 [chromium] › tests/e2e/executive-command-throughput.spec.ts:33:7 › P16 Executive Command Center throughput and daily decision support › authorized executive can open Command Center; Partner and cross-tenant users are denied (804ms)
  ✓  514 [chromium] › tests/e2e/executive-command-throughput.spec.ts:49:7 › P16 Executive Command Center throughput and daily decision support › growth and capacity KPIs consume P15/P14 without mutating opportunities or assignments (30ms)
  ✓  515 [chromium] › tests/e2e/executive-command-throughput.spec.ts:63:7 › P16 Executive Command Center throughput and daily decision support › production and Customer QC KPIs are unit-aware and separate Customer delay from Partner correction (20ms)
  ✓  516 [chromium] › tests/e2e/executive-command-throughput.spec.ts:76:7 › P16 Executive Command Center throughput and daily decision support › finance KPIs preserve Customer revenue and Partner payable chain separation (23ms)
  ✓  517 [chromium] › tests/e2e/executive-command-throughput.spec.ts:90:7 › P16 Executive Command Center throughput and daily decision support › daily actions are deterministic, deduped, routed, and do not execute source actions (45ms)
  ✓  518 [chromium] › tests/e2e/executive-command-throughput.spec.ts:104:7 › P16 Executive Command Center throughput and daily decision support › scheduled scan is locked and idempotent; no rates, secrets, Worker PII, or auto-actions leak (139ms)
  ✓  519 [chromium] › tests/e2e/history-search-and-admin.spec.ts:4:5 › record history search is usable, scoped and recoverable (1.3s)
  ✓  520 [chromium] › tests/e2e/history-search-and-admin.spec.ts:9:5 › administration uses member search and hides unauthorized controls (1.0s)
  ✓  521 [chromium] › tests/e2e/history-search-and-admin.spec.ts:13:5 › unconfigured sign-in alternatives stay unavailable (1.3s)
  ✓  522 [chromium] › tests/e2e/history-search-and-admin.spec.ts:14:5 › global search returns readable records and recovers from an empty search (1.3s)
{"timestamp":"2026-10-06T20:43:15.548Z","category":"Event","message":"event_created","tenantId":"90b3e7ac-f833-42f0-be91-e7850f49010b","actorUserId":"dad0e364-0476-46c8-8117-3ade5d68f47c","eventId":"eb327420-a4c5-42d3-a521-5fd7d2f2060c","eventType":"prime_delivery.destination_approved","aggregateType":"invoice","aggregateId":"6729f401-064b-41dd-a3c9-ee356b1f24d6"}
{"timestamp":"2026-10-06T20:43:15.557Z","category":"Audit","message":"audit_log_created","tenantId":"90b3e7ac-f833-42f0-be91-e7850f49010b","actorUserId":"dad0e364-0476-46c8-8117-3ade5d68f47c","action":"prime_delivery.destination_approved","entityType":"prime_delivery_destination","entityId":"6729f401-064b-41dd-a3c9-ee356b1f24d6"}
{"timestamp":"2026-10-06T20:43:15.714Z","category":"Event","message":"event_created","tenantId":"90b3e7ac-f833-42f0-be91-e7850f49010b","actorUserId":"dad0e364-0476-46c8-8117-3ade5d68f47c","eventId":"e5befdd7-444c-4d52-8dcf-f4ce967dd63a","eventType":"prime_delivery.queued","aggregateType":"invoice","aggregateId":"1ad6df2a-3a24-4519-a5a7-92558e5d9b4c"}
{"timestamp":"2026-10-06T20:43:15.716Z","category":"Audit","message":"audit_log_created","tenantId":"90b3e7ac-f833-42f0-be91-e7850f49010b","actorUserId":"dad0e364-0476-46c8-8117-3ade5d68f47c","action":"prime_delivery.queued","entityType":"prime_delivery_job","entityId":"1ad6df2a-3a24-4519-a5a7-92558e5d9b4c"}
{"timestamp":"2026-10-06T20:43:15.868Z","category":"Event","message":"event_created","tenantId":"90b3e7ac-f833-42f0-be91-e7850f49010b","actorUserId":"dad0e364-0476-46c8-8117-3ade5d68f47c","eventId":"ed87856e-45f9-47aa-8d94-ef1cde3ff96a","eventType":"prime_delivery.cancelled","aggregateType":"invoice","aggregateId":"1ad6df2a-3a24-4519-a5a7-92558e5d9b4c"}
{"timestamp":"2026-10-06T20:43:15.871Z","category":"Audit","message":"audit_log_created","tenantId":"90b3e7ac-f833-42f0-be91-e7850f49010b","actorUserId":"dad0e364-0476-46c8-8117-3ade5d68f47c","action":"prime_delivery.cancelled","entityType":"prime_delivery_job","entityId":"1ad6df2a-3a24-4519-a5a7-92558e5d9b4c"}
{"timestamp":"2026-10-06T20:43:16.079Z","category":"Event","message":"event_created","tenantId":"90b3e7ac-f833-42f0-be91-e7850f49010b","actorUserId":"dad0e364-0476-46c8-8117-3ade5d68f47c","eventId":"8666f5fe-0000-4fe4-a367-d9a713c430ea","eventType":"prime_delivery.queued","aggregateType":"invoice","aggregateId":"07cbfe0a-98a2-4015-97ce-45ad7bb5b3ff"}
{"timestamp":"2026-10-06T20:43:16.083Z","category":"Audit","message":"audit_log_created","tenantId":"90b3e7ac-f833-42f0-be91-e7850f49010b","actorUserId":"dad0e364-0476-46c8-8117-3ade5d68f47c","action":"prime_delivery.queued","entityType":"prime_delivery_job","entityId":"07cbfe0a-98a2-4015-97ce-45ad7bb5b3ff"}
{"timestamp":"2026-10-06T20:43:16.223Z","category":"Event","message":"event_created","tenantId":"90b3e7ac-f833-42f0-be91-e7850f49010b","actorUserId":"dad0e364-0476-46c8-8117-3ade5d68f47c","eventId":"c13ef532-71d1-4fe3-8634-d6cc807ac380","eventType":"prime_delivery.review_resolved","aggregateType":"invoice","aggregateId":"07cbfe0a-98a2-4015-97ce-45ad7bb5b3ff"}
{"timestamp":"2026-10-06T20:43:16.226Z","category":"Audit","message":"audit_log_created","tenantId":"90b3e7ac-f833-42f0-be91-e7850f49010b","actorUserId":"dad0e364-0476-46c8-8117-3ade5d68f47c","action":"prime_delivery.review_resolved","entityType":"prime_delivery_job","entityId":"07cbfe0a-98a2-4015-97ce-45ad7bb5b3ff"}
{"timestamp":"2026-10-06T20:43:16.298Z","category":"Event","message":"event_created","tenantId":"90b3e7ac-f833-42f0-be91-e7850f49010b","actorUserId":"dad0e364-0476-46c8-8117-3ade5d68f47c","eventId":"b618d5cf-6fc8-499a-b11c-24102063b3eb","eventType":"prime_delivery.queued","aggregateType":"invoice","aggregateId":"d20f5755-e487-491e-a891-df60c067fc91"}
{"timestamp":"2026-10-06T20:43:16.300Z","category":"Audit","message":"audit_log_created","tenantId":"90b3e7ac-f833-42f0-be91-e7850f49010b","actorUserId":"dad0e364-0476-46c8-8117-3ade5d68f47c","action":"prime_delivery.queued","entityType":"prime_delivery_job","entityId":"d20f5755-e487-491e-a891-df60c067fc91"}
{"timestamp":"2026-10-06T20:43:16.626Z","category":"Event","message":"event_created","tenantId":"90b3e7ac-f833-42f0-be91-e7850f49010b","actorUserId":"dad0e364-0476-46c8-8117-3ade5d68f47c","eventId":"355ee0b8-d95c-4d16-86f6-a0bcb18026ad","eventType":"invoice_package.delivered","aggregateType":"invoice","aggregateId":"234b5cbc-f5d2-4b3f-8513-df937018da71"}
{"timestamp":"2026-10-06T20:43:16.628Z","category":"Audit","message":"audit_log_created","tenantId":"90b3e7ac-f833-42f0-be91-e7850f49010b","actorUserId":"dad0e364-0476-46c8-8117-3ade5d68f47c","action":"invoice_package.delivered","entityType":"invoice_delivery_event","entityId":"234b5cbc-f5d2-4b3f-8513-df937018da71"}
{"timestamp":"2026-10-06T20:43:16.657Z","category":"Event","message":"event_created","tenantId":"90b3e7ac-f833-42f0-be91-e7850f49010b","actorUserId":"dad0e364-0476-46c8-8117-3ade5d68f47c","eventId":"998230e5-733a-4a2c-be3a-4e97819e8cca","eventType":"prime_delivery.destination_revoked","aggregateType":"invoice","aggregateId":"6729f401-064b-41dd-a3c9-ee356b1f24d6"}
{"timestamp":"2026-10-06T20:43:16.659Z","category":"Audit","message":"audit_log_created","tenantId":"90b3e7ac-f833-42f0-be91-e7850f49010b","actorUserId":"dad0e364-0476-46c8-8117-3ade5d68f47c","action":"prime_delivery.destination_revoked","entityType":"prime_delivery_destination","entityId":"6729f401-064b-41dd-a3c9-ee356b1f24d6"}
  ✓  523 [chromium] › tests/e2e/internal-workforce.spec.ts:10:5 › Sync management provisions a real internal crew through field production with strict readiness and access boundaries (11.1s)
  ✓  524 [chromium] › tests/e2e/lifecycle/high-risk-modals.spec.ts:12:9 › High-risk lifecycle modal certification › Payment Execution: /Mark Executed/i modal opens with required fields and boundary copy (3.6s)
  ✓  525 [chromium] › tests/e2e/lifecycle/high-risk-modals.spec.ts:12:9 › High-risk lifecycle modal certification › Bank Reconciliation: /Open Exception/i modal opens with required fields and boundary copy (4.6s)
  ✓  526 [chromium] › tests/e2e/lifecycle/high-risk-modals.spec.ts:12:9 › High-risk lifecycle modal certification › Accounting Export: /Generate/i modal opens with required fields and boundary copy (3.1s)
  ✓  527 [chromium] › tests/e2e/lifecycle/high-risk-modals.spec.ts:12:9 › High-risk lifecycle modal certification › Accounting Export: /Mark Submitted/i modal opens with required fields and boundary copy (3.0s)
  ✓  528 [chromium] › tests/e2e/login-accessibility.spec.ts:5:5 › login submits with Enter and announces a failed attempt (1.2s)
  ✓  529 [chromium] › tests/e2e/login-accessibility.spec.ts:22:5 › login validates required fields before sending credentials (975ms)
  ✓  530 [chromium] › tests/e2e/operator-phase10.spec.ts:26:7 › Operator UI Phase 10 mobile, accessibility, and UAT readiness › mobile shell renders without accidental horizontal overflow (1.9s)
  ✓  531 [chromium] › tests/e2e/operator-phase10.spec.ts:40:7 › Operator UI Phase 10 mobile, accessibility, and UAT readiness › tablet workbenches keep titles, queues, and controls visible (3.0s)
  ✓  532 [chromium] › tests/e2e/operator-phase10.spec.ts:62:7 › Operator UI Phase 10 mobile, accessibility, and UAT readiness › mobile Create Signal modal keeps title and actions in viewport (1.4s)
  ✓  533 [chromium] › tests/e2e/operator-phase10.spec.ts:83:7 › Operator UI Phase 10 mobile, accessibility, and UAT readiness › keyboard focus reaches navigation, queue controls, and modal controls (1.2s)
  ✓  534 [chromium] › tests/e2e/operator-phase10.spec.ts:103:7 › Operator UI Phase 10 mobile, accessibility, and UAT readiness › representative accessibility semantics are present (1.5s)
  ✓  535 [chromium] › tests/e2e/operator-phase10.spec.ts:119:7 › Operator UI Phase 10 mobile, accessibility, and UAT readiness › read-only detail still explains view-only state on tablet (1.3s)
  ✓  536 [chromium] › tests/e2e/operator-phase11.spec.ts:13:7 › Operator UI Phase 11 account onboarding workbench › renders the account onboarding pipeline and boundary copy (1.1s)
  ✓  537 [chromium] › tests/e2e/operator-phase11.spec.ts:31:7 › Operator UI Phase 11 account onboarding workbench › stage tabs and account lanes are interactive (1.4s)
  ✓  538 [chromium] › tests/e2e/operator-phase11.spec.ts:51:7 › Operator UI Phase 11 account onboarding workbench › shows contract-backed prime onboarding fields instead of hardcoded UI data (1.2s)
  ✓  539 [chromium] › tests/e2e/operator-phase3.spec.ts:6:7 › Operator UI Phase 3 command surfaces › Command Center renders daily priorities instead of redirect-only shell (1.1s)
  ✓  540 [chromium] › tests/e2e/operator-phase3.spec.ts:24:7 › Operator UI Phase 3 command surfaces › Executive Command Center leads with decisions and risk queues (1.4s)
  ✓  541 [chromium] › tests/e2e/operator-phase3.spec.ts:41:7 › Operator UI Phase 3 command surfaces › Operations Board renders workflow-first execution lanes (1.2s)
  ✓  542 [chromium] › tests/e2e/operator-phase3.spec.ts:60:7 › Operator UI Phase 3 command surfaces › operations users retain execution oversight without QC mutation authority (2.5s)
  ✓  543 [chromium] › tests/e2e/operator-phase4.spec.ts:6:7 › Operator UI Phase 4 execution queues › Work Orders page renders operator queue (2.0s)
  ✓  544 [chromium] › tests/e2e/operator-phase4.spec.ts:24:7 › Operator UI Phase 4 execution queues › Production Board renders operator queue (2.1s)
  ✓  545 [chromium] › tests/e2e/operator-phase4.spec.ts:41:7 › Operator UI Phase 4 execution queues › field supervisor retains production creation without approval or financial authority (2.7s)
  ✓  546 [chromium] › tests/e2e/operator-phase4.spec.ts:54:7 › Operator UI Phase 4 execution queues › QC Review Queue renders operator queue (2.2s)
  ✓  547 [chromium] › tests/e2e/operator-phase4.spec.ts:70:7 › Operator UI Phase 4 execution queues › developer session UI is hidden by default on execution pages (2.1s)
  ✓  548 [chromium] › tests/e2e/operator-phase4.spec.ts:84:7 › Operator UI Phase 4 execution queues › read-only auditor can view execution queue without mutation controls (2.1s)
  ✓  549 [chromium] › tests/e2e/operator-phase4.spec.ts:97:7 › Operator UI Phase 4 execution queues › queue tabs can be selected on execution pages (4.0s)
  ✓  550 [chromium] › tests/e2e/operator-phase5.spec.ts:6:7 › Operator UI Phase 5 finance workbenches › Billable Workbench renders operator queue (1.2s)
  ✓  551 [chromium] › tests/e2e/operator-phase5.spec.ts:23:7 › Operator UI Phase 5 finance workbenches › Settlement Workbench renders operator queue (1.3s)
  ✓  552 [chromium] › tests/e2e/operator-phase5.spec.ts:39:7 › Operator UI Phase 5 finance workbenches › Invoice Workbench renders operator queue (1.2s)
  ✓  553 [chromium] › tests/e2e/operator-phase5.spec.ts:55:7 › Operator UI Phase 5 finance workbenches › developer session UI is hidden by default on finance workbenches (1.4s)
  ✓  554 [chromium] › tests/e2e/operator-phase5.spec.ts:69:7 › Operator UI Phase 5 finance workbenches › financial boundary copy appears on finance workbenches (1.3s)
  ✓  555 [chromium] › tests/e2e/operator-phase5.spec.ts:86:7 › Operator UI Phase 5 finance workbenches › queue tabs can be selected on finance workbenches (2.3s)
  ✓  556 [chromium] › tests/e2e/operator-phase5.spec.ts:109:7 › Operator UI Phase 5 finance workbenches › read-only auditor can view finance workbench without mutation controls (1.2s)
  ✓  557 [chromium] › tests/e2e/operator-phase6.spec.ts:6:7 › Operator UI Phase 6 cash and collections workbenches › Cash Application Workbench renders operator queue (1.1s)
  ✓  558 [chromium] › tests/e2e/operator-phase6.spec.ts:23:7 › Operator UI Phase 6 cash and collections workbenches › Collections Workbench renders operator queue (1.0s)
  ✓  559 [chromium] › tests/e2e/operator-phase6.spec.ts:40:7 › Operator UI Phase 6 cash and collections workbenches › developer session UI is hidden by default on cash and collections pages (2.6s)
  ✓  560 [chromium] › tests/e2e/operator-phase6.spec.ts:66:7 › Operator UI Phase 6 cash and collections workbenches › cash boundary copy appears (1.1s)
  ✓  561 [chromium] › tests/e2e/operator-phase6.spec.ts:77:7 › Operator UI Phase 6 cash and collections workbenches › collections boundary copy appears (1.2s)
  ✓  562 [chromium] › tests/e2e/operator-phase6.spec.ts:88:7 › Operator UI Phase 6 cash and collections workbenches › queue tabs can be selected on cash and collections workbenches (3.6s)
  ✓  563 [chromium] › tests/e2e/operator-phase6.spec.ts:112:7 › Operator UI Phase 6 cash and collections workbenches › read-only auditor can view cash workbench without create access (1.8s)
  ✓  564 [chromium] › tests/e2e/operator-phase7.spec.ts:6:7 › Operator UI Phase 7 payout workbenches › Contractor Payables Workbench renders operator queue (2.1s)
  ✓  565 [chromium] › tests/e2e/operator-phase7.spec.ts:23:7 › Operator UI Phase 7 payout workbenches › Payroll Readiness Workbench renders operator queue (1.7s)
  ✓  566 [chromium] › tests/e2e/operator-phase7.spec.ts:40:7 › Operator UI Phase 7 payout workbenches › Payment Execution Workbench renders operator queue (1.9s)
  ✓  567 [chromium] › tests/e2e/operator-phase7.spec.ts:57:7 › Operator UI Phase 7 payout workbenches › developer session UI is hidden by default on payout pages (2.7s)
  ✓  568 [chromium] › tests/e2e/operator-phase7.spec.ts:71:7 › Operator UI Phase 7 payout workbenches › payout boundary copy appears (1.8s)
  ✓  569 [chromium] › tests/e2e/operator-phase7.spec.ts:88:7 › Operator UI Phase 7 payout workbenches › queue tabs can be selected on payout workbenches (2.3s)
  ✓  570 [chromium] › tests/e2e/operator-phase7.spec.ts:111:7 › Operator UI Phase 7 payout workbenches › read-only auditor can view contractor payables without create access (1.4s)
  ✓  571 [chromium] › tests/e2e/operator-phase8.spec.ts:6:7 › Operator UI Phase 8 finance control workbenches › Bank Reconciliation Workbench renders operator queue (1.3s)
  ✓  572 [chromium] › tests/e2e/operator-phase8.spec.ts:23:7 › Operator UI Phase 8 finance control workbenches › Accounting Export Workbench renders operator queue (1.3s)
  ✓  573 [chromium] › tests/e2e/operator-phase8.spec.ts:40:7 › Operator UI Phase 8 finance control workbenches › developer session UI is hidden by default on finance control pages (1.7s)
  ✓  574 [chromium] › tests/e2e/operator-phase8.spec.ts:54:7 › Operator UI Phase 8 finance control workbenches › finance control boundary copy appears (1.4s)
  ✓  575 [chromium] › tests/e2e/operator-phase8.spec.ts:68:7 › Operator UI Phase 8 finance control workbenches › queue tabs can be selected on finance control workbenches (1.7s)
  ✓  576 [chromium] › tests/e2e/operator-phase8.spec.ts:86:7 › Operator UI Phase 8 finance control workbenches › read-only auditor can view bank reconciliation without create access (1.2s)
  ✓  577 [chromium] › tests/e2e/operator-phase9.spec.ts:16:7 › Operator UI Phase 9 detail and form standards › representative operational detail shows next action and boundary copy (1.8s)
  ✓  578 [chromium] › tests/e2e/operator-phase9.spec.ts:31:7 › Operator UI Phase 9 detail and form standards › representative finance detail shows boundary and danger separation (1.4s)
  ✓  579 [chromium] › tests/e2e/operator-phase9.spec.ts:47:7 › Operator UI Phase 9 detail and form standards › read-only auditor sees record context without lifecycle guidance or mutation controls (1.4s)
  ✓  580 [chromium] › tests/e2e/operator-phase9.spec.ts:64:7 › Operator UI Phase 9 detail and form standards › representative create form has purpose header and boundary notice (1.1s)
  ✓  581 [chromium] › tests/e2e/operator-phase9.spec.ts:79:7 › Operator UI Phase 9 detail and form standards › signal detail hides developer controls and shows conversion boundary (1.3s)
  ✓  582 [chromium] › tests/e2e/operator-phase9.spec.ts:93:7 › Operator UI Phase 9 detail and form standards › accounting export detail shows handoff next-action guidance (1.5s)
  ✓  583 [chromium] › tests/e2e/operator-shell.spec.ts:8:7 › Operator shell and page templates › operator shell renders compact workspace navigation (2.1s)
  ✓  584 [chromium] › tests/e2e/operator-shell.spec.ts:35:7 › Operator shell and page templates › workspace subnavigation follows the active workspace (2.2s)
  ✓  585 [chromium] › tests/e2e/operator-shell.spec.ts:57:7 › Operator shell and page templates › Signal Feed uses the shared queue page pattern (2.0s)
  ✓  586 [chromium] › tests/e2e/operator-shell.spec.ts:74:7 › Operator shell and page templates › production/default UI hides developer session controls on operator pages (2.0s)
  ✓  587 [chromium] › tests/e2e/operator-shell.spec.ts:89:7 › Operator shell and page templates › read-only auditor can view Signal Feed without mutation actions (2.1s)
  ✓  588 [chromium] › tests/e2e/operator-shell.spec.ts:102:7 › Operator shell and page templates › ActionButton disabled reason appears for blocked Verify action (2.6s)
  ✓  589 [chromium] › tests/e2e/operator-shell.spec.ts:117:7 › Operator shell and page templates › queue tabs expose active state changes (2.3s)
  ✓  590 [chromium] › tests/e2e/opportunity-capacity-matching.spec.ts:38:7 › P15 Opportunity capacity matching and recommendation intelligence › structured requirements are versioned and missing requirements are not guessed (100ms)
  ✓  591 [chromium] › tests/e2e/opportunity-capacity-matching.spec.ts:51:7 › P15 Opportunity capacity matching and recommendation intelligence › hard blockers override high scores and partner score remains distinct from match score (191ms)
  ✓  592 [chromium] › tests/e2e/opportunity-capacity-matching.spec.ts:67:7 › P15 Opportunity capacity matching and recommendation intelligence › capacity gap and multi-Partner coverage are explainable and do not assign work (55ms)
  ✓  593 [chromium] › tests/e2e/opportunity-capacity-matching.spec.ts:82:7 › P15 Opportunity capacity matching and recommendation intelligence › mandatory equipment blocks coverage where canonical equipment fit is missing (172ms)
  ✓  594 [chromium] › tests/e2e/opportunity-capacity-matching.spec.ts:91:7 › P15 Opportunity capacity matching and recommendation intelligence › shortlist and human decision are audited decision support, not assignment (84ms)
  ✓  595 [chromium] › tests/e2e/opportunity-capacity-matching.spec.ts:102:7 › P15 Opportunity capacity matching and recommendation intelligence › scheduled scan is locked and idempotent; Partner and cross-tenant access are denied (302ms)
  ✓  596 [chromium] › tests/e2e/partner-admin-invitations.spec.ts:47:7 › P18 Partner inquiry, invitation, and onboarding controls › public inquiry creates only a low-confidence inquiry and requires human qualification before invite (137ms)
  ✓  597 [chromium] › tests/e2e/partner-admin-invitations.spec.ts:95:7 › P18 Partner inquiry, invitation, and onboarding controls › Partner Admin invitation token lifecycle is hash-only, single-use, scoped, and race-safe (557ms)
  ✓  598 [chromium] › tests/e2e/partner-admin-invitations.spec.ts:170:7 › P18 Partner inquiry, invitation, and onboarding controls › Foreman invitation binds exact Worker/Crew assignment and rejects changed relationships (215ms)
  ✓  599 [chromium] › tests/e2e/partner-admin-invitations.spec.ts:212:7 › P18 Partner inquiry, invitation, and onboarding controls › onboarding workspace, approval boundary, analytics, and token-leak controls stay internal (104ms)
  ✓  600 [chromium] › tests/e2e/partner-admin-invitations.spec.ts:239:7 › P18 Partner inquiry, invitation, and onboarding controls › authenticated routing context is safe, server-trusted, and persona-aware (150ms)
  ✓  601 [chromium] › tests/e2e/partner-admin-invitations.spec.ts:276:7 › P18 Partner inquiry, invitation, and onboarding controls › production login uses email and password, then routes by server-trusted persona (833ms)
  ✓  602 [chromium] › tests/e2e/partner-admin-invitations.spec.ts:337:7 › P18 Partner inquiry, invitation, and onboarding controls › Partner Network workspace remains internal-only and preserves the human gate (126ms)
  ✓  603 [chromium] › tests/e2e/partner-admin-invitations.spec.ts:367:7 › P18 Partner inquiry, invitation, and onboarding controls › focused UI files encode login simplification, nav fail-closed, and Foreman Today route (17ms)
  ✓  604 [chromium] › tests/e2e/partner-agreements-work-orders-vehicles.spec.ts:47:7 › P5 Partner agreements, work orders, rates, and vehicles › internal user creates an MSA, enforces signer rules, and Partner can read only own safe view (408ms)
  ✓  605 [chromium] › tests/e2e/partner-agreements-work-orders-vehicles.spec.ts:137:7 › P5 Partner agreements, work orders, rates, and vehicles › Work Order activation preserves Partner rate isolation and cannot be managed by Partner users (260ms)
  ✓  606 [chromium] › tests/e2e/partner-agreements-work-orders-vehicles.spec.ts:182:7 › P5 Partner agreements, work orders, rates, and vehicles › vehicle custody, operators, condition, and allocation are tenant and Partner safe (197ms)
  ✓  607 [chromium] › tests/e2e/partner-agreements-work-orders-vehicles.spec.ts:233:7 › P5 Partner agreements, work orders, rates, and vehicles › vehicle agreement artifacts are restricted and Foreman sees only safe operational summary (238ms)
  ✓  608 [chromium] › tests/e2e/partner-agreements-work-orders-vehicles.spec.ts:256:7 › P5 Partner agreements, work orders, rates, and vehicles › events and audit omit restricted legal bytes, storage keys, internal rates, and internal notes (111ms)
  ✓  609 [chromium] › tests/e2e/partner-compliance-onboarding.spec.ts:38:7 › P3 Partner compliance onboarding foundation › setup declarations are scoped, idempotent, reviewable, and do not change readiness (247ms)
  ✓  610 [chromium] › tests/e2e/partner-compliance-onboarding.spec.ts:58:7 › P3 Partner compliance onboarding foundation › empty Partner compliance summary is organization scoped and Foreman safe (79ms)
  ✓  611 [chromium] › tests/e2e/partner-compliance-onboarding.spec.ts:77:7 › P3 Partner compliance onboarding foundation › Partner Admin submits own profile, W-9, payment readiness, and insurance without broadening scope (770ms)
  ✓  612 [chromium] › tests/e2e/partner-compliance-onboarding.spec.ts:156:7 › P3 Partner compliance onboarding foundation › restricted evidence is never public and remains tenant and Partner scoped (107ms)
  ✓  613 [chromium] › tests/e2e/partner-compliance-onboarding.spec.ts:173:7 › P3 Partner compliance onboarding foundation › internal reviewer verifies records, Partner users cannot self-approve, and compliance becomes ready (469ms)
  ✓  614 [chromium] › tests/e2e/partner-compliance-onboarding.spec.ts:208:7 › P3 Partner compliance onboarding foundation › insurance limit and expiration changes recalculate blockers and preserve version history (96ms)
  ✓  615 [chromium] › tests/e2e/partner-compliance-reviewer-download.spec.ts:6:5 › authenticated Partner Admin uploads canonical Partner Compliance evidence @reviewer-fixture-upload (12ms)
  ✓  616 [chromium] › tests/e2e/partner-compliance-reviewer-download.spec.ts:7:5 › authenticated reviewer downloads exact evidence-linked binary artifact @authenticated-reviewer (47ms)
  ✓  617 [chromium] › tests/e2e/partner-compliance-reviewer-download.spec.ts:8:5 › authenticated Partner Admin downloads own-company artifact through Partner route @authenticated-reviewer (34ms)
  ✓  618 [chromium] › tests/e2e/partner-compliance-reviewer-download.spec.ts:9:5 › authenticated Partner Admin is denied from internal reviewer route @authenticated-reviewer (20ms)
  ✓  619 [chromium] › tests/e2e/partner-compliance-reviewer-download.spec.ts:10:5 › route registration smoke (17ms)
  ✓  620 [chromium] › tests/e2e/partner-compliance-reviewer-download.spec.ts:11:5 › unauthenticated guard smoke (12ms)
  ✓  621 [chromium] › tests/e2e/partner-compliance-reviewer-download.spec.ts:12:5 › invalid organization-ID validation (11ms)
  ✓  622 [chromium] › tests/e2e/partner-compliance-reviewer-download.spec.ts:13:5 › invalid evidence-ID validation (16ms)
  ✓  623 [chromium] › tests/e2e/partner-domain-scope.spec.ts:41:7 › P1 Partner domain organization scope › organization-scoped list and detail are limited to the scoped Partner Organization (49ms)
  ✓  624 [chromium] › tests/e2e/partner-domain-scope.spec.ts:52:7 › P1 Partner domain organization scope › organization-scoped mutations revalidate scope server-side (50ms)
  ✓  625 [chromium] › tests/e2e/partner-domain-scope.spec.ts:69:7 › P1 Partner domain organization scope › guessed capacity provider and mismatched child records are denied (36ms)
  ✓  626 [chromium] › tests/e2e/partner-domain-scope.spec.ts:99:7 › P1 Partner domain organization scope › client-supplied scope inputs cannot broaden access (36ms)
  ✓  627 [chromium] › tests/e2e/partner-domain-scope.spec.ts:119:7 › P1 Partner domain organization scope › tenant-scoped internal access still works and unauthorized internal roles stay denied (52ms)
  ✓  628 [chromium] › tests/e2e/partner-domain-scope.spec.ts:131:7 › P1 Partner domain organization scope › cross-tenant Partner Organization access is denied (33ms)
  ✓  629 [chromium] › tests/e2e/partner-domain-scope.spec.ts:139:7 › P1 Partner domain organization scope › classification is provider-type constrained, idempotent, and audited only for creation (71ms)
  ✓  630 [chromium] › tests/e2e/partner-domain-scope.spec.ts:176:7 › P1 Partner domain organization scope › near-concurrent classification does not create duplicate active linkage (28ms)
  ✓  631 [chromium] › tests/e2e/partner-mobilization-readiness.spec.ts:56:7 › P6 Partner mobilization readiness and Notice to Proceed › evaluates canonical assignment context and blocks on missing source readiness (103ms)
  ✓  632 [chromium] › tests/e2e/partner-mobilization-readiness.spec.ts:73:7 › P6 Partner mobilization readiness and Notice to Proceed › enforces override governance and clears only overrideable administrative blockers (102ms)
  ✓  633 [chromium] › tests/e2e/partner-mobilization-readiness.spec.ts:99:7 › P6 Partner mobilization readiness and Notice to Proceed › approves mobilization, issues structured Notice, and keeps production start separate from QC and settlement (124ms)
  ✓  634 [chromium] › tests/e2e/partner-mobilization-readiness.spec.ts:126:7 › P6 Partner mobilization readiness and Notice to Proceed › Partner Admin and Foreman see only safe own Notice/readiness and acknowledgment is receipt-only (126ms)
  ✓  635 [chromium] › tests/e2e/partner-mobilization-readiness.spec.ts:153:7 › P6 Partner mobilization readiness and Notice to Proceed › canonical source mutations automatically invalidate readiness and hold authorization without restricted payload leaks (3.5s)
  ✓  636 [chromium] › tests/e2e/partner-mobilization-readiness.spec.ts:217:7 › P6 Partner mobilization readiness and Notice to Proceed › canonical P3/P4/P5 source events automatically invalidate ready authorization (1.5s)
{"timestamp":"2026-10-06T20:45:35.996Z","category":"Event","message":"event_created","tenantId":"09fb741d-dd37-4a73-81e3-dae1166450d0","actorUserId":"ea2c5da2-260f-473a-b3c8-89600c2aabb4","eventId":"6f229f64-a791-49ae-97a8-954af09a6e4a","eventType":"partner_insurance_policy.expired","aggregateType":"partner_insurance_policy","aggregateId":"2cb488b5-ab8a-45ff-aa74-d4d2a67b654e"}
{"timestamp":"2026-10-06T20:45:35.998Z","category":"Audit","message":"audit_log_created","tenantId":"09fb741d-dd37-4a73-81e3-dae1166450d0","actorUserId":"ea2c5da2-260f-473a-b3c8-89600c2aabb4","action":"mobilization_expiration.scan","entityType":"partner_insurance_policy","entityId":"2cb488b5-ab8a-45ff-aa74-d4d2a67b654e"}
{"timestamp":"2026-10-06T20:45:36.011Z","category":"Event","message":"event_created","tenantId":"09fb741d-dd37-4a73-81e3-dae1166450d0","actorUserId":"ea2c5da2-260f-473a-b3c8-89600c2aabb4","eventId":"69713271-a04c-4acd-b4a1-7e484c12ecd6","eventType":"mobilization_readiness.changed","aggregateType":"mobilization_readiness","aggregateId":"572c7cd0-ef87-41fa-a99b-bbd856fc6106"}
{"timestamp":"2026-10-06T20:45:36.012Z","category":"Audit","message":"audit_log_created","tenantId":"09fb741d-dd37-4a73-81e3-dae1166450d0","actorUserId":"ea2c5da2-260f-473a-b3c8-89600c2aabb4","action":"mobilization_readiness.source_event_invalidate","entityType":"mobilization_readiness","entityId":"572c7cd0-ef87-41fa-a99b-bbd856fc6106"}
{"timestamp":"2026-10-06T20:45:36.017Z","category":"Event","message":"event_created","tenantId":"09fb741d-dd37-4a73-81e3-dae1166450d0","actorUserId":"ea2c5da2-260f-473a-b3c8-89600c2aabb4","eventId":"0af93946-d5e9-4f0f-9a08-d29b48017535","eventType":"mobilization.held","aggregateType":"mobilization_decision","aggregateId":"3961e8f6-9acf-48d3-95dd-bac8aca0c79b"}
{"timestamp":"2026-10-06T20:45:36.018Z","category":"Audit","message":"audit_log_created","tenantId":"09fb741d-dd37-4a73-81e3-dae1166450d0","actorUserId":"ea2c5da2-260f-473a-b3c8-89600c2aabb4","action":"mobilization.source_event_hold","entityType":"mobilization_decision","entityId":"3961e8f6-9acf-48d3-95dd-bac8aca0c79b"}
{"timestamp":"2026-10-06T20:45:36.021Z","category":"Event","message":"event_created","tenantId":"09fb741d-dd37-4a73-81e3-dae1166450d0","actorUserId":"ea2c5da2-260f-473a-b3c8-89600c2aabb4","eventId":"ab572b19-7380-4373-aae4-7305facdd56e","eventType":"notice_to_proceed.held","aggregateType":"notice_to_proceed","aggregateId":"157d30d1-c3f2-4680-8457-12018c6c3f8f"}
{"timestamp":"2026-10-06T20:45:36.022Z","category":"Audit","message":"audit_log_created","tenantId":"09fb741d-dd37-4a73-81e3-dae1166450d0","actorUserId":"ea2c5da2-260f-473a-b3c8-89600c2aabb4","action":"notice_to_proceed.source_event_hold","entityType":"notice_to_proceed","entityId":"157d30d1-c3f2-4680-8457-12018c6c3f8f"}
{"timestamp":"2026-10-06T20:45:36.023Z","category":"Event","message":"event_created","tenantId":"09fb741d-dd37-4a73-81e3-dae1166450d0","actorUserId":"ea2c5da2-260f-473a-b3c8-89600c2aabb4","eventId":"7c10d4ac-4aa3-4753-98f5-836d57be249c","eventType":"production_start.held","aggregateType":"production_start","aggregateId":"5f9d9daf-7778-4da7-8fab-3406b8bbdc7d"}
{"timestamp":"2026-10-06T20:45:36.024Z","category":"Audit","message":"audit_log_created","tenantId":"09fb741d-dd37-4a73-81e3-dae1166450d0","actorUserId":"ea2c5da2-260f-473a-b3c8-89600c2aabb4","action":"production_start.source_event_hold","entityType":"production_start_authorization","entityId":"5f9d9daf-7778-4da7-8fab-3406b8bbdc7d"}
{"timestamp":"2026-10-06T20:45:36.027Z","category":"Event","message":"event_created","tenantId":"21eaac8d-0c0a-4af9-ac01-997570f704d3","actorUserId":"590244af-afa7-4761-ad46-4f5609c2809d","eventId":"7b0b6fc4-94aa-4c8d-8523-b25f443a7a1f","eventType":"partner_insurance_policy.expired","aggregateType":"partner_insurance_policy","aggregateId":"1b6fcde4-8c6a-476c-a94b-cd3c49de7070"}
{"timestamp":"2026-10-06T20:45:36.028Z","category":"Audit","message":"audit_log_created","tenantId":"21eaac8d-0c0a-4af9-ac01-997570f704d3","actorUserId":"590244af-afa7-4761-ad46-4f5609c2809d","action":"mobilization_expiration.scan","entityType":"partner_insurance_policy","entityId":"1b6fcde4-8c6a-476c-a94b-cd3c49de7070"}
{"timestamp":"2026-10-06T20:45:36.032Z","category":"Event","message":"event_created","tenantId":"3cb54c3c-ea20-44f6-84f5-69d31f14f16e","actorUserId":"1961e2e7-8001-47bf-b9e3-6daff4cff5e0","eventId":"e56c4b42-e645-42d4-9bc4-2e94d3fbdc5c","eventType":"partner_insurance_policy.expired","aggregateType":"partner_insurance_policy","aggregateId":"bac3cb2c-2255-4103-bf56-ec3f6582d775"}
{"timestamp":"2026-10-06T20:45:36.032Z","category":"Audit","message":"audit_log_created","tenantId":"3cb54c3c-ea20-44f6-84f5-69d31f14f16e","actorUserId":"1961e2e7-8001-47bf-b9e3-6daff4cff5e0","action":"mobilization_expiration.scan","entityType":"partner_insurance_policy","entityId":"bac3cb2c-2255-4103-bf56-ec3f6582d775"}
{"timestamp":"2026-10-06T20:45:36.036Z","category":"Event","message":"event_created","tenantId":"09fb741d-dd37-4a73-81e3-dae1166450d0","actorUserId":"ea2c5da2-260f-473a-b3c8-89600c2aabb4","eventId":"4398d556-284b-464c-91a3-647449632639","eventType":"worker_credential.expired","aggregateType":"worker_credential","aggregateId":"547e3fb9-905d-4b04-9094-537ff6569109"}
{"timestamp":"2026-10-06T20:45:36.037Z","category":"Audit","message":"audit_log_created","tenantId":"09fb741d-dd37-4a73-81e3-dae1166450d0","actorUserId":"ea2c5da2-260f-473a-b3c8-89600c2aabb4","action":"mobilization_expiration.scan","entityType":"worker_credential","entityId":"547e3fb9-905d-4b04-9094-537ff6569109"}
{"timestamp":"2026-10-06T20:45:36.046Z","category":"Event","message":"event_created","tenantId":"09fb741d-dd37-4a73-81e3-dae1166450d0","actorUserId":"ea2c5da2-260f-473a-b3c8-89600c2aabb4","eventId":"1f27eb29-ddde-481b-8928-0d6ad81f659f","eventType":"mobilization_readiness.changed","aggregateType":"mobilization_readiness","aggregateId":"ee299a35-ecb5-405d-b2d8-bde24bea3dc4"}
{"timestamp":"2026-10-06T20:45:36.046Z","category":"Audit","message":"audit_log_created","tenantId":"09fb741d-dd37-4a73-81e3-dae1166450d0","actorUserId":"ea2c5da2-260f-473a-b3c8-89600c2aabb4","action":"mobilization_readiness.source_event_invalidate","entityType":"mobilization_readiness","entityId":"ee299a35-ecb5-405d-b2d8-bde24bea3dc4"}
{"timestamp":"2026-10-06T20:45:36.050Z","category":"Event","message":"event_created","tenantId":"21eaac8d-0c0a-4af9-ac01-997570f704d3","actorUserId":"590244af-afa7-4761-ad46-4f5609c2809d","eventId":"36a2238c-9908-4a0c-a816-2aed945829ed","eventType":"worker_credential.expired","aggregateType":"worker_credential","aggregateId":"7e72b15b-9ec3-4036-83de-7df9706f9da6"}
{"timestamp":"2026-10-06T20:45:36.050Z","category":"Audit","message":"audit_log_created","tenantId":"21eaac8d-0c0a-4af9-ac01-997570f704d3","actorUserId":"590244af-afa7-4761-ad46-4f5609c2809d","action":"mobilization_expiration.scan","entityType":"worker_credential","entityId":"7e72b15b-9ec3-4036-83de-7df9706f9da6"}
{"timestamp":"2026-10-06T20:45:36.054Z","category":"Event","message":"event_created","tenantId":"3cb54c3c-ea20-44f6-84f5-69d31f14f16e","actorUserId":"1961e2e7-8001-47bf-b9e3-6daff4cff5e0","eventId":"c74c324b-3a8f-4d08-aac1-ae675251eb76","eventType":"worker_credential.expired","aggregateType":"worker_credential","aggregateId":"b180c191-fff2-4992-8138-adeeddfd5570"}
{"timestamp":"2026-10-06T20:45:36.055Z","category":"Audit","message":"audit_log_created","tenantId":"3cb54c3c-ea20-44f6-84f5-69d31f14f16e","actorUserId":"1961e2e7-8001-47bf-b9e3-6daff4cff5e0","action":"mobilization_expiration.scan","entityType":"worker_credential","entityId":"b180c191-fff2-4992-8138-adeeddfd5570"}
{"timestamp":"2026-10-06T20:45:36.059Z","category":"Event","message":"event_created","tenantId":"09fb741d-dd37-4a73-81e3-dae1166450d0","actorUserId":"ea2c5da2-260f-473a-b3c8-89600c2aabb4","eventId":"7db2cf40-b82f-4dbc-bd6c-66304f01d155","eventType":"worker_credential.expired","aggregateType":"worker_credential","aggregateId":"547e3fb9-905d-4b04-9094-537ff6569109"}
{"timestamp":"2026-10-06T20:45:36.061Z","category":"Audit","message":"audit_log_created","tenantId":"09fb741d-dd37-4a73-81e3-dae1166450d0","actorUserId":"ea2c5da2-260f-473a-b3c8-89600c2aabb4","action":"mobilization_expiration.scan","entityType":"worker_credential","entityId":"547e3fb9-905d-4b04-9094-537ff6569109"}
{"timestamp":"2026-10-06T20:45:36.065Z","category":"Event","message":"event_created","tenantId":"21eaac8d-0c0a-4af9-ac01-997570f704d3","actorUserId":"590244af-afa7-4761-ad46-4f5609c2809d","eventId":"571a5b4f-62c1-44ad-bec8-572aa8462f3e","eventType":"worker_credential.expired","aggregateType":"worker_credential","aggregateId":"7e72b15b-9ec3-4036-83de-7df9706f9da6"}
{"timestamp":"2026-10-06T20:45:36.065Z","category":"Audit","message":"audit_log_created","tenantId":"21eaac8d-0c0a-4af9-ac01-997570f704d3","actorUserId":"590244af-afa7-4761-ad46-4f5609c2809d","action":"mobilization_expiration.scan","entityType":"worker_credential","entityId":"7e72b15b-9ec3-4036-83de-7df9706f9da6"}
{"timestamp":"2026-10-06T20:45:36.069Z","category":"Event","message":"event_created","tenantId":"3cb54c3c-ea20-44f6-84f5-69d31f14f16e","actorUserId":"1961e2e7-8001-47bf-b9e3-6daff4cff5e0","eventId":"6ac3f141-f971-4ff6-982f-c6d27220ead3","eventType":"worker_credential.expired","aggregateType":"worker_credential","aggregateId":"b180c191-fff2-4992-8138-adeeddfd5570"}
{"timestamp":"2026-10-06T20:45:36.070Z","category":"Audit","message":"audit_log_created","tenantId":"3cb54c3c-ea20-44f6-84f5-69d31f14f16e","actorUserId":"1961e2e7-8001-47bf-b9e3-6daff4cff5e0","action":"mobilization_expiration.scan","entityType":"worker_credential","entityId":"b180c191-fff2-4992-8138-adeeddfd5570"}
{"timestamp":"2026-10-06T20:45:36.075Z","category":"Event","message":"event_created","tenantId":"09fb741d-dd37-4a73-81e3-dae1166450d0","actorUserId":"ea2c5da2-260f-473a-b3c8-89600c2aabb4","eventId":"fa9dde40-a20b-4591-99b1-f0cfaf361c11","eventType":"vehicle_assignment.inspection_expired","aggregateType":"vehicle_assignment","aggregateId":"4275b070-a91c-429d-9ff5-4a18dd9b3fba"}
{"timestamp":"2026-10-06T20:45:36.075Z","category":"Audit","message":"audit_log_created","tenantId":"09fb741d-dd37-4a73-81e3-dae1166450d0","actorUserId":"ea2c5da2-260f-473a-b3c8-89600c2aabb4","action":"mobilization_expiration.scan","entityType":"vehicle_assignment","entityId":"4275b070-a91c-429d-9ff5-4a18dd9b3fba"}
{"timestamp":"2026-10-06T20:45:36.083Z","category":"Event","message":"event_created","tenantId":"09fb741d-dd37-4a73-81e3-dae1166450d0","actorUserId":"ea2c5da2-260f-473a-b3c8-89600c2aabb4","eventId":"72dd90fa-5c70-4339-beb4-158671540e53","eventType":"mobilization_readiness.changed","aggregateType":"mobilization_readiness","aggregateId":"518e21d4-bd77-4a5c-a79c-f352c5c5c1e5"}
{"timestamp":"2026-10-06T20:45:36.084Z","category":"Audit","message":"audit_log_created","tenantId":"09fb741d-dd37-4a73-81e3-dae1166450d0","actorUserId":"ea2c5da2-260f-473a-b3c8-89600c2aabb4","action":"mobilization_readiness.source_event_invalidate","entityType":"mobilization_readiness","entityId":"518e21d4-bd77-4a5c-a79c-f352c5c5c1e5"}
{"timestamp":"2026-10-06T20:45:36.087Z","category":"Event","message":"event_created","tenantId":"21eaac8d-0c0a-4af9-ac01-997570f704d3","actorUserId":"590244af-afa7-4761-ad46-4f5609c2809d","eventId":"65be5729-d635-4718-9e5e-3d008464b362","eventType":"vehicle_assignment.inspection_expired","aggregateType":"vehicle_assignment","aggregateId":"c47eea8d-89fd-49e3-90c3-30a126bfb069"}
{"timestamp":"2026-10-06T20:45:36.088Z","category":"Audit","message":"audit_log_created","tenantId":"21eaac8d-0c0a-4af9-ac01-997570f704d3","actorUserId":"590244af-afa7-4761-ad46-4f5609c2809d","action":"mobilization_expiration.scan","entityType":"vehicle_assignment","entityId":"c47eea8d-89fd-49e3-90c3-30a126bfb069"}
{"timestamp":"2026-10-06T20:45:36.092Z","category":"Event","message":"event_created","tenantId":"3cb54c3c-ea20-44f6-84f5-69d31f14f16e","actorUserId":"1961e2e7-8001-47bf-b9e3-6daff4cff5e0","eventId":"91a15984-84f4-4c60-ae8c-cbe4fb4fc9f1","eventType":"vehicle_assignment.inspection_expired","aggregateType":"vehicle_assignment","aggregateId":"84e3f87c-4d2a-430e-ae49-1214c83f9360"}
{"timestamp":"2026-10-06T20:45:36.093Z","category":"Audit","message":"audit_log_created","tenantId":"3cb54c3c-ea20-44f6-84f5-69d31f14f16e","actorUserId":"1961e2e7-8001-47bf-b9e3-6daff4cff5e0","action":"mobilization_expiration.scan","entityType":"vehicle_assignment","entityId":"84e3f87c-4d2a-430e-ae49-1214c83f9360"}
{"timestamp":"2026-10-06T20:45:36.097Z","category":"Event","message":"event_created","tenantId":"09fb741d-dd37-4a73-81e3-dae1166450d0","actorUserId":"ea2c5da2-260f-473a-b3c8-89600c2aabb4","eventId":"ba09627f-9efb-4cf6-b009-c8b6df355fc0","eventType":"mobilization_override.expired","aggregateType":"mobilization_override","aggregateId":"00331e54-95c2-4e3a-96d9-86a13a3dcfbf"}
{"timestamp":"2026-10-06T20:45:36.098Z","category":"Audit","message":"audit_log_created","tenantId":"09fb741d-dd37-4a73-81e3-dae1166450d0","actorUserId":"ea2c5da2-260f-473a-b3c8-89600c2aabb4","action":"mobilization_expiration.scan","entityType":"mobilization_override","entityId":"00331e54-95c2-4e3a-96d9-86a13a3dcfbf"}
{"timestamp":"2026-10-06T20:45:36.104Z","category":"Event","message":"event_created","tenantId":"09fb741d-dd37-4a73-81e3-dae1166450d0","actorUserId":"ea2c5da2-260f-473a-b3c8-89600c2aabb4","eventId":"b98106cc-4e54-4186-853f-6b104f5ebd70","eventType":"mobilization_readiness.changed","aggregateType":"mobilization_readiness","aggregateId":"7e7be754-86ed-4daa-981d-d0d660dc766a"}
{"timestamp":"2026-10-06T20:45:36.105Z","category":"Audit","message":"audit_log_created","tenantId":"09fb741d-dd37-4a73-81e3-dae1166450d0","actorUserId":"ea2c5da2-260f-473a-b3c8-89600c2aabb4","action":"mobilization_readiness.source_event_invalidate","entityType":"mobilization_readiness","entityId":"7e7be754-86ed-4daa-981d-d0d660dc766a"}
{"timestamp":"2026-10-06T20:45:36.108Z","category":"Event","message":"event_created","tenantId":"09fb741d-dd37-4a73-81e3-dae1166450d0","actorUserId":"ea2c5da2-260f-473a-b3c8-89600c2aabb4","eventId":"7535ad97-1d3a-44fd-b7b8-51cf1f0ee106","eventType":"mobilization_decision.expired","aggregateType":"mobilization_decision","aggregateId":"69f88a57-9020-4278-9fc5-47af18bbd4a0"}
{"timestamp":"2026-10-06T20:45:36.109Z","category":"Audit","message":"audit_log_created","tenantId":"09fb741d-dd37-4a73-81e3-dae1166450d0","actorUserId":"ea2c5da2-260f-473a-b3c8-89600c2aabb4","action":"mobilization_expiration.scan","entityType":"mobilization_decision","entityId":"69f88a57-9020-4278-9fc5-47af18bbd4a0"}
{"timestamp":"2026-10-06T20:45:36.115Z","category":"Event","message":"event_created","tenantId":"09fb741d-dd37-4a73-81e3-dae1166450d0","actorUserId":"ea2c5da2-260f-473a-b3c8-89600c2aabb4","eventId":"340eaef2-83b1-4a81-8a0e-b034f74c51b0","eventType":"mobilization_readiness.changed","aggregateType":"mobilization_readiness","aggregateId":"55cc7ef1-325b-47de-8f96-631a213ede7e"}
{"timestamp":"2026-10-06T20:45:36.116Z","category":"Audit","message":"audit_log_created","tenantId":"09fb741d-dd37-4a73-81e3-dae1166450d0","actorUserId":"ea2c5da2-260f-473a-b3c8-89600c2aabb4","action":"mobilization_readiness.source_event_invalidate","entityType":"mobilization_readiness","entityId":"55cc7ef1-325b-47de-8f96-631a213ede7e"}
{"timestamp":"2026-10-06T20:45:36.140Z","category":"Event","message":"event_created","tenantId":"09fb741d-dd37-4a73-81e3-dae1166450d0","actorUserId":"ea2c5da2-260f-473a-b3c8-89600c2aabb4","eventId":"8d2dbb0c-fe00-4d64-a54f-82deb18a0eb0","eventType":"partner_insurance_policy.expired","aggregateType":"partner_insurance_policy","aggregateId":"2cb488b5-ab8a-45ff-aa74-d4d2a67b654e"}
{"timestamp":"2026-10-06T20:45:36.142Z","category":"Audit","message":"audit_log_created","tenantId":"09fb741d-dd37-4a73-81e3-dae1166450d0","actorUserId":"ea2c5da2-260f-473a-b3c8-89600c2aabb4","action":"mobilization_expiration.scan","entityType":"partner_insurance_policy","entityId":"2cb488b5-ab8a-45ff-aa74-d4d2a67b654e"}
{"timestamp":"2026-10-06T20:45:36.146Z","category":"Event","message":"event_created","tenantId":"21eaac8d-0c0a-4af9-ac01-997570f704d3","actorUserId":"590244af-afa7-4761-ad46-4f5609c2809d","eventId":"4bb900fa-1e2e-4219-a95a-806abe4a997b","eventType":"partner_insurance_policy.expired","aggregateType":"partner_insurance_policy","aggregateId":"1b6fcde4-8c6a-476c-a94b-cd3c49de7070"}
{"timestamp":"2026-10-06T20:45:36.147Z","category":"Audit","message":"audit_log_created","tenantId":"21eaac8d-0c0a-4af9-ac01-997570f704d3","actorUserId":"590244af-afa7-4761-ad46-4f5609c2809d","action":"mobilization_expiration.scan","entityType":"partner_insurance_policy","entityId":"1b6fcde4-8c6a-476c-a94b-cd3c49de7070"}
{"timestamp":"2026-10-06T20:45:36.151Z","category":"Event","message":"event_created","tenantId":"3cb54c3c-ea20-44f6-84f5-69d31f14f16e","actorUserId":"1961e2e7-8001-47bf-b9e3-6daff4cff5e0","eventId":"50560560-244b-4801-a8b5-399875270a85","eventType":"partner_insurance_policy.expired","aggregateType":"partner_insurance_policy","aggregateId":"bac3cb2c-2255-4103-bf56-ec3f6582d775"}
{"timestamp":"2026-10-06T20:45:36.152Z","category":"Audit","message":"audit_log_created","tenantId":"3cb54c3c-ea20-44f6-84f5-69d31f14f16e","actorUserId":"1961e2e7-8001-47bf-b9e3-6daff4cff5e0","action":"mobilization_expiration.scan","entityType":"partner_insurance_policy","entityId":"bac3cb2c-2255-4103-bf56-ec3f6582d775"}
{"timestamp":"2026-10-06T20:45:36.155Z","category":"Event","message":"event_created","tenantId":"09fb741d-dd37-4a73-81e3-dae1166450d0","actorUserId":"ea2c5da2-260f-473a-b3c8-89600c2aabb4","eventId":"aceea14a-e9a9-4592-abd2-eb97d0a18658","eventType":"worker_credential.expired","aggregateType":"worker_credential","aggregateId":"547e3fb9-905d-4b04-9094-537ff6569109"}
{"timestamp":"2026-10-06T20:45:36.156Z","category":"Audit","message":"audit_log_created","tenantId":"09fb741d-dd37-4a73-81e3-dae1166450d0","actorUserId":"ea2c5da2-260f-473a-b3c8-89600c2aabb4","action":"mobilization_expiration.scan","entityType":"worker_credential","entityId":"547e3fb9-905d-4b04-9094-537ff6569109"}
{"timestamp":"2026-10-06T20:45:36.160Z","category":"Event","message":"event_created","tenantId":"21eaac8d-0c0a-4af9-ac01-997570f704d3","actorUserId":"590244af-afa7-4761-ad46-4f5609c2809d","eventId":"384dae2d-033a-473e-9968-50cdc941ee94","eventType":"worker_credential.expired","aggregateType":"worker_credential","aggregateId":"7e72b15b-9ec3-4036-83de-7df9706f9da6"}
{"timestamp":"2026-10-06T20:45:36.161Z","category":"Audit","message":"audit_log_created","tenantId":"21eaac8d-0c0a-4af9-ac01-997570f704d3","actorUserId":"590244af-afa7-4761-ad46-4f5609c2809d","action":"mobilization_expiration.scan","entityType":"worker_credential","entityId":"7e72b15b-9ec3-4036-83de-7df9706f9da6"}
{"timestamp":"2026-10-06T20:45:36.165Z","category":"Event","message":"event_created","tenantId":"3cb54c3c-ea20-44f6-84f5-69d31f14f16e","actorUserId":"1961e2e7-8001-47bf-b9e3-6daff4cff5e0","eventId":"a6204dc2-cdd9-450e-8d73-d8f0d88837c8","eventType":"worker_credential.expired","aggregateType":"worker_credential","aggregateId":"b180c191-fff2-4992-8138-adeeddfd5570"}
{"timestamp":"2026-10-06T20:45:36.165Z","category":"Audit","message":"audit_log_created","tenantId":"3cb54c3c-ea20-44f6-84f5-69d31f14f16e","actorUserId":"1961e2e7-8001-47bf-b9e3-6daff4cff5e0","action":"mobilization_expiration.scan","entityType":"worker_credential","entityId":"b180c191-fff2-4992-8138-adeeddfd5570"}
{"timestamp":"2026-10-06T20:45:36.169Z","category":"Event","message":"event_created","tenantId":"09fb741d-dd37-4a73-81e3-dae1166450d0","actorUserId":"ea2c5da2-260f-473a-b3c8-89600c2aabb4","eventId":"0895ce35-70c9-42c0-b32b-94a06c26aeef","eventType":"worker_credential.expired","aggregateType":"worker_credential","aggregateId":"547e3fb9-905d-4b04-9094-537ff6569109"}
{"timestamp":"2026-10-06T20:45:36.169Z","category":"Audit","message":"audit_log_created","tenantId":"09fb741d-dd37-4a73-81e3-dae1166450d0","actorUserId":"ea2c5da2-260f-473a-b3c8-89600c2aabb4","action":"mobilization_expiration.scan","entityType":"worker_credential","entityId":"547e3fb9-905d-4b04-9094-537ff6569109"}
{"timestamp":"2026-10-06T20:45:36.174Z","category":"Event","message":"event_created","tenantId":"21eaac8d-0c0a-4af9-ac01-997570f704d3","actorUserId":"590244af-afa7-4761-ad46-4f5609c2809d","eventId":"38daa49b-eec4-45d2-90c8-6987dc5c9873","eventType":"worker_credential.expired","aggregateType":"worker_credential","aggregateId":"7e72b15b-9ec3-4036-83de-7df9706f9da6"}
{"timestamp":"2026-10-06T20:45:36.174Z","category":"Audit","message":"audit_log_created","tenantId":"21eaac8d-0c0a-4af9-ac01-997570f704d3","actorUserId":"590244af-afa7-4761-ad46-4f5609c2809d","action":"mobilization_expiration.scan","entityType":"worker_credential","entityId":"7e72b15b-9ec3-4036-83de-7df9706f9da6"}
{"timestamp":"2026-10-06T20:45:36.179Z","category":"Event","message":"event_created","tenantId":"3cb54c3c-ea20-44f6-84f5-69d31f14f16e","actorUserId":"1961e2e7-8001-47bf-b9e3-6daff4cff5e0","eventId":"52cd266f-9723-48b0-a859-787921669c78","eventType":"worker_credential.expired","aggregateType":"worker_credential","aggregateId":"b180c191-fff2-4992-8138-adeeddfd5570"}
{"timestamp":"2026-10-06T20:45:36.180Z","category":"Audit","message":"audit_log_created","tenantId":"3cb54c3c-ea20-44f6-84f5-69d31f14f16e","actorUserId":"1961e2e7-8001-47bf-b9e3-6daff4cff5e0","action":"mobilization_expiration.scan","entityType":"worker_credential","entityId":"b180c191-fff2-4992-8138-adeeddfd5570"}
{"timestamp":"2026-10-06T20:45:36.184Z","category":"Event","message":"event_created","tenantId":"09fb741d-dd37-4a73-81e3-dae1166450d0","actorUserId":"ea2c5da2-260f-473a-b3c8-89600c2aabb4","eventId":"ef33c49e-9ac1-4938-9ba0-d4db62c3fcbd","eventType":"vehicle_assignment.inspection_expired","aggregateType":"vehicle_assignment","aggregateId":"4275b070-a91c-429d-9ff5-4a18dd9b3fba"}
{"timestamp":"2026-10-06T20:45:36.184Z","category":"Audit","message":"audit_log_created","tenantId":"09fb741d-dd37-4a73-81e3-dae1166450d0","actorUserId":"ea2c5da2-260f-473a-b3c8-89600c2aabb4","action":"mobilization_expiration.scan","entityType":"vehicle_assignment","entityId":"4275b070-a91c-429d-9ff5-4a18dd9b3fba"}
{"timestamp":"2026-10-06T20:45:36.188Z","category":"Event","message":"event_created","tenantId":"21eaac8d-0c0a-4af9-ac01-997570f704d3","actorUserId":"590244af-afa7-4761-ad46-4f5609c2809d","eventId":"2549a2ef-956f-4e33-bff1-77054507652f","eventType":"vehicle_assignment.inspection_expired","aggregateType":"vehicle_assignment","aggregateId":"c47eea8d-89fd-49e3-90c3-30a126bfb069"}
{"timestamp":"2026-10-06T20:45:36.189Z","category":"Audit","message":"audit_log_created","tenantId":"21eaac8d-0c0a-4af9-ac01-997570f704d3","actorUserId":"590244af-afa7-4761-ad46-4f5609c2809d","action":"mobilization_expiration.scan","entityType":"vehicle_assignment","entityId":"c47eea8d-89fd-49e3-90c3-30a126bfb069"}
{"timestamp":"2026-10-06T20:45:36.193Z","category":"Event","message":"event_created","tenantId":"3cb54c3c-ea20-44f6-84f5-69d31f14f16e","actorUserId":"1961e2e7-8001-47bf-b9e3-6daff4cff5e0","eventId":"9bdf628b-e35c-4dd0-9746-a7b78ccc0f8c","eventType":"vehicle_assignment.inspection_expired","aggregateType":"vehicle_assignment","aggregateId":"84e3f87c-4d2a-430e-ae49-1214c83f9360"}
{"timestamp":"2026-10-06T20:45:36.194Z","category":"Audit","message":"audit_log_created","tenantId":"3cb54c3c-ea20-44f6-84f5-69d31f14f16e","actorUserId":"1961e2e7-8001-47bf-b9e3-6daff4cff5e0","action":"mobilization_expiration.scan","entityType":"vehicle_assignment","entityId":"84e3f87c-4d2a-430e-ae49-1214c83f9360"}
  ✓  637 [chromium] › tests/e2e/partner-mobilization-readiness.spec.ts:291:7 › P6 Partner mobilization readiness and Notice to Proceed › scheduled expiration scan invalidates time-based sources and is idempotent (438ms)
  ✓  638 [chromium] › tests/e2e/partner-mobilization-readiness.spec.ts:335:7 › P6 Partner mobilization readiness and Notice to Proceed › duplicate and older source-event replay does not duplicate or restore authorization (202ms)
  ✓  639 [chromium] › tests/e2e/partner-performance-capacity.spec.ts:34:7 › P14 Partner performance, reputation, and capacity intelligence › recalculation creates one explainable versioned score snapshot and is idempotent (77ms)
  ✓  640 [chromium] › tests/e2e/partner-performance-capacity.spec.ts:50:7 › P14 Partner performance, reputation, and capacity intelligence › Daily Report timeliness uses operational timezone and leaves missing timezone unevaluated (286ms)
  ✓  641 [chromium] › tests/e2e/partner-performance-capacity.spec.ts:77:7 › P14 Partner performance, reputation, and capacity intelligence › quality, sample size, mixed units, and critical risk stay separate and explainable (55ms)
  ✓  642 [chromium] › tests/e2e/partner-performance-capacity.spec.ts:97:7 › P14 Partner performance, reputation, and capacity intelligence › capacity intelligence distinguishes verified ready capacity from unverified stated capacity (150ms)
  ✓  643 [chromium] › tests/e2e/partner-performance-capacity.spec.ts:115:7 › P14 Partner performance, reputation, and capacity intelligence › run-once scheduled scan is locked, idempotent, and time-sensitive for capacity horizons and critical risk (102ms)
  ✓  644 [chromium] › tests/e2e/partner-performance-capacity.spec.ts:135:7 › P14 Partner performance, reputation, and capacity intelligence › Partner Admin sees only own safe scorecard; Foreman and cross-tenant access are denied (35ms)
  ✓  645 [chromium] › tests/e2e/partner-personas-permissions.spec.ts:48:7 › P2 Partner personas, permissions, and route visibility › authentication and role gates deny unauthenticated, inactive membership, and no-role users (27ms)
  ✓  646 [chromium] › tests/e2e/partner-personas-permissions.spec.ts:76:7 › P2 Partner personas, permissions, and route visibility › authorized internal user assigns Partner Admin and Partner Foreman only to Partner Organizations (117ms)
  ✓  647 [chromium] › tests/e2e/partner-personas-permissions.spec.ts:133:7 › P2 Partner personas, permissions, and route visibility › Partner context resolves safe persona, organization, actions, and route visibility (66ms)
  ✓  648 [chromium] › tests/e2e/partner-personas-permissions.spec.ts:155:7 › P2 Partner personas, permissions, and route visibility › Partner users cannot broaden organization scope through headers, query, body, or guessed IDs (42ms)
  ✓  649 [chromium] › tests/e2e/partner-personas-permissions.spec.ts:175:7 › P2 Partner personas, permissions, and route visibility › Partner users cannot access internal routes or P1 classification mutation (33ms)
  ✓  650 [chromium] › tests/e2e/partner-personas-permissions.spec.ts:190:7 › P2 Partner personas, permissions, and route visibility › cross-tenant Partner users and capacity-provider guesses are denied (15ms)
  ✓  651 [chromium] › tests/e2e/partner-personas-permissions.spec.ts:203:7 › P2 Partner personas, permissions, and route visibility › role revocation and tenant membership deactivation revoke Partner context immediately (55ms)
  ✓  652 [chromium] › tests/e2e/partner-personas-permissions.spec.ts:228:7 › P2 Partner personas, permissions, and route visibility › multiple active Partner organization scopes are blocked instead of selectable (29ms)
  ✓  653 [chromium] › tests/e2e/partner-portal-shell.spec.ts:43:7 › P7 Partner Portal shell › Partner Admin enters dashboard with safe P1-P6 operational summary (958ms)
  ✓  654 [chromium] › tests/e2e/partner-portal-shell.spec.ts:79:7 › P7 Partner Portal shell › Partner Admin workspaces expose safe company, workforce, agreement, vehicle, and mobilization views (2.5s)
  ✓  655 [chromium] › tests/e2e/partner-portal-shell.spec.ts:120:7 › P7 Partner Portal shell › Partner Foreman receives field-focused navigation and no company-sensitive workspaces (1.4s)
  ✓  656 [chromium] › tests/e2e/partner-portal-shell.spec.ts:153:7 › P7 Partner Portal shell › guessed IDs and cross-Partner scope do not broaden Partner Portal access (1.5s)
  ✓  657 [chromium] › tests/e2e/partner-portal-shell.spec.ts:172:7 › P7 Partner Portal shell › Partner and SyncField shells reach terminal UI states without browser dialogs or client organization scope (1.6s)
  ✓  658 [chromium] › tests/e2e/partner-workforce-credentials.spec.ts:38:7 › P4 Partner crews, workers, credentials, and secure headshots › Partner Admin creates own Workers but cannot cross Partner scope or self-approve (152ms)
  ✓  659 [chromium] › tests/e2e/partner-workforce-credentials.spec.ts:72:7 › P4 Partner crews, workers, credentials, and secure headshots › Headshot upload stores actual bytes and enforces tenant, Partner, and persona authorization (196ms)
  ✓  660 [chromium] › tests/e2e/partner-workforce-credentials.spec.ts:110:7 › P4 Partner crews, workers, credentials, and secure headshots › Credentials are Partner-scoped, review-only internally, and readiness blocks on unverified or expired required credentials (278ms)
  ✓  661 [chromium] › tests/e2e/partner-workforce-credentials.spec.ts:142:7 › P4 Partner crews, workers, credentials, and secure headshots › Crews preserve membership history, foreman links gate Foreman roster/headshot access, and readiness is derived (691ms)
  ✓  662 [chromium] › tests/e2e/partner-workforce-credentials.spec.ts:183:7 › P4 Partner crews, workers, credentials, and secure headshots › events and audit payloads omit restricted PII and file storage details (467ms)
{"timestamp":"2026-10-06T20:45:48.549Z","category":"Event","message":"event_created","tenantId":"5559f5f8-724d-4717-9d20-2ed5c27d1e6e","actorUserId":"88182e1a-bdf8-4858-aa9e-d3819b63bcf0","eventId":"878f4a86-d8cb-47f5-b0ba-5e35f5c74e6d","eventType":"contractor_payable.eligibility_changed","aggregateType":"contractor_payable","aggregateId":"ce14db45-b0fd-4d77-bafd-84e2720d3c83"}
{"timestamp":"2026-10-06T20:45:48.552Z","category":"Audit","message":"audit_log_created","tenantId":"5559f5f8-724d-4717-9d20-2ed5c27d1e6e","actorUserId":"88182e1a-bdf8-4858-aa9e-d3819b63bcf0","action":"contractor_payable.eligibility_changed","entityType":"contractor_payable","entityId":"ce14db45-b0fd-4d77-bafd-84e2720d3c83"}
  ✓  663 [chromium] › tests/e2e/payment-retainage-adjustments.spec.ts:39:7 › P13 payment, retainage, and controlled financial adjustments › eligible Contractor Payable creates, submits, and confirms one Partner payment instruction (323ms)
  ✓  664 [chromium] › tests/e2e/payment-retainage-adjustments.spec.ts:79:7 › P13 payment, retainage, and controlled financial adjustments › failed provider attempt preserves history and releases in-flight amount for retry (152ms)
  ✓  665 [chromium] › tests/e2e/payment-retainage-adjustments.spec.ts:97:7 › P13 payment, retainage, and controlled financial adjustments › retainage release creates separate payable and preserves original retained history (420ms)
  ✓  666 [chromium] › tests/e2e/payment-retainage-adjustments.spec.ts:143:7 › P13 payment, retainage, and controlled financial adjustments › controlled adjustment preserves issued invoice and Partner payment view remains scoped and redacted (77ms)
{"timestamp":"2026-10-06T20:45:49.963Z","category":"Event","message":"event_created","tenantId":"773e38a4-cacf-405e-99d6-5797889d8482","actorUserId":"2b018718-3783-40ba-ac91-4df7b3a1e770","eventId":"011efe9a-710d-4b10-bc05-ba6f5d0456a9","eventType":"contractor_payable.eligibility_changed","aggregateType":"contractor_payable","aggregateId":"bd3f69b6-dc59-4f93-9d40-21837b351471"}
{"timestamp":"2026-10-06T20:45:49.965Z","category":"Audit","message":"audit_log_created","tenantId":"773e38a4-cacf-405e-99d6-5797889d8482","actorUserId":"2b018718-3783-40ba-ac91-4df7b3a1e770","action":"contractor_payable.eligibility_changed","entityType":"contractor_payable","entityId":"bd3f69b6-dc59-4f93-9d40-21837b351471"}
  ✓  667 [chromium] › tests/e2e/payment-retainage-adjustments.spec.ts:307:5 › external payment records are idempotent, evidence-backed, and serialized against concurrent overpayment (608ms)
{"timestamp":"2026-10-06T20:45:50.599Z","category":"Event","message":"event_created","tenantId":"bd490861-1e96-4186-bcd7-09cd7fcf97b4","actorUserId":"3674b97d-a781-41d6-bee4-9451574db4a5","eventId":"e402ef1e-9f9d-4c42-8e50-3a9c547e8cad","eventType":"contractor_payable.eligibility_changed","aggregateType":"contractor_payable","aggregateId":"07241141-3a3d-41c4-b3d8-df35c1ca0f67"}
{"timestamp":"2026-10-06T20:45:50.602Z","category":"Audit","message":"audit_log_created","tenantId":"bd490861-1e96-4186-bcd7-09cd7fcf97b4","actorUserId":"3674b97d-a781-41d6-bee4-9451574db4a5","action":"contractor_payable.eligibility_changed","entityType":"contractor_payable","entityId":"07241141-3a3d-41c4-b3d8-df35c1ca0f67"}
  ✓  668 [chromium] › tests/e2e/payment-retainage-adjustments.spec.ts:345:5 › competing pending retainage authorizations cannot exceed the remaining balance (750ms)
{"timestamp":"2026-10-06T20:45:51.390Z","category":"Event","message":"event_created","tenantId":"74ddc5fe-b606-438c-8cd7-450cda2572cd","actorUserId":"50470b93-ded3-4f79-afc9-f80f8340206b","eventId":"ea9dad89-ee42-4041-9fa0-d79f72914613","eventType":"contractor_payable.eligibility_changed","aggregateType":"contractor_payable","aggregateId":"917d4a13-eb35-41b2-910e-e41ca56da081"}
{"timestamp":"2026-10-06T20:45:51.394Z","category":"Audit","message":"audit_log_created","tenantId":"74ddc5fe-b606-438c-8cd7-450cda2572cd","actorUserId":"50470b93-ded3-4f79-afc9-f80f8340206b","action":"contractor_payable.eligibility_changed","entityType":"contractor_payable","entityId":"917d4a13-eb35-41b2-910e-e41ca56da081"}
  ✓  669 [chromium] › tests/e2e/payment-retainage-adjustments.spec.ts:366:5 › payment advancement rejects unverified agreements and duplicate payable exposure (471ms)
{"timestamp":"2026-10-06T20:45:52.043Z","category":"Event","message":"event_created","tenantId":"7f714113-0f23-4a24-a0ea-e9121cbeb000","actorUserId":"803dc277-55a3-40a8-b168-d9f6e4f133a0","eventId":"7ee2fca5-57ec-4b03-bb58-c80510e2cdad","eventType":"contractor_payable.eligibility_changed","aggregateType":"contractor_payable","aggregateId":"8fe6f589-5bce-4394-9a71-4e4dca3730e1"}
{"timestamp":"2026-10-06T20:45:52.047Z","category":"Audit","message":"audit_log_created","tenantId":"7f714113-0f23-4a24-a0ea-e9121cbeb000","actorUserId":"803dc277-55a3-40a8-b168-d9f6e4f133a0","action":"contractor_payable.eligibility_changed","entityType":"contractor_payable","entityId":"8fe6f589-5bce-4394-9a71-4e4dca3730e1"}
  ✓  670 [chromium] › tests/e2e/payment-retainage-adjustments.spec.ts:383:5 › finance review UI retains unmatched observations without posting payments and hides controls from foremen (1.8s)
{"timestamp":"2026-10-06T20:45:53.717Z","category":"Event","message":"event_created","tenantId":"e3b36031-f2c2-47d0-9404-453a604bfcf2","actorUserId":"f657ec20-0d2f-40e0-9775-42d0d67c4a7c","eventId":"02558fb9-269c-4f80-b3d7-60b0a88000b7","eventType":"contractor_payable.eligibility_changed","aggregateType":"contractor_payable","aggregateId":"84ef6d14-e3a2-453a-943b-0850bff77626"}
{"timestamp":"2026-10-06T20:45:53.721Z","category":"Audit","message":"audit_log_created","tenantId":"e3b36031-f2c2-47d0-9404-453a604bfcf2","actorUserId":"f657ec20-0d2f-40e0-9775-42d0d67c4a7c","action":"contractor_payable.eligibility_changed","entityType":"contractor_payable","entityId":"84ef6d14-e3a2-453a-943b-0850bff77626"}
{"timestamp":"2026-10-06T20:45:53.762Z","category":"Event","message":"event_created","tenantId":"e3b36031-f2c2-47d0-9404-453a604bfcf2","actorUserId":"f657ec20-0d2f-40e0-9775-42d0d67c4a7c","eventId":"8de383ef-8b1c-48fb-bad0-a04bd6d299f3","eventType":"passport.posting_rehearsed","aggregateType":"passport","aggregateId":"fac462b7-ef70-43a0-afea-e75921905fe9"}
{"timestamp":"2026-10-06T20:45:53.766Z","category":"Audit","message":"audit_log_created","tenantId":"e3b36031-f2c2-47d0-9404-453a604bfcf2","actorUserId":"f657ec20-0d2f-40e0-9775-42d0d67c4a7c","action":"passport.posting_rehearsed","entityType":"passport_connection","entityId":"fac462b7-ef70-43a0-afea-e75921905fe9"}
{"timestamp":"2026-10-06T20:45:53.892Z","category":"Event","message":"event_created","tenantId":"e3b36031-f2c2-47d0-9404-453a604bfcf2","actorUserId":"f657ec20-0d2f-40e0-9775-42d0d67c4a7c","eventId":"1a990d4e-d7e0-478c-a3f0-f1f24f302efd","eventType":"passport.posting_rehearsed","aggregateType":"passport","aggregateId":"fac462b7-ef70-43a0-afea-e75921905fe9"}
{"timestamp":"2026-10-06T20:45:53.893Z","category":"Audit","message":"audit_log_created","tenantId":"e3b36031-f2c2-47d0-9404-453a604bfcf2","actorUserId":"f657ec20-0d2f-40e0-9775-42d0d67c4a7c","action":"passport.posting_rehearsed","entityType":"passport_connection","entityId":"fac462b7-ef70-43a0-afea-e75921905fe9"}
{"timestamp":"2026-10-06T20:45:53.894Z","category":"Event","message":"event_created","tenantId":"e3b36031-f2c2-47d0-9404-453a604bfcf2","actorUserId":"f657ec20-0d2f-40e0-9775-42d0d67c4a7c","eventId":"60509c14-c245-4d13-852f-43ac30942c26","eventType":"partner_payment.external_recorded","aggregateType":"external_partner_payment","aggregateId":"a152d65a-f111-4e97-835e-56a36f0e7b73"}
{"timestamp":"2026-10-06T20:45:53.896Z","category":"Audit","message":"audit_log_created","tenantId":"e3b36031-f2c2-47d0-9404-453a604bfcf2","actorUserId":"f657ec20-0d2f-40e0-9775-42d0d67c4a7c","action":"partner_payment.external_recorded","entityType":"external_partner_payment","entityId":"a152d65a-f111-4e97-835e-56a36f0e7b73"}
{"timestamp":"2026-10-06T20:45:53.917Z","category":"Event","message":"event_created","tenantId":"e3b36031-f2c2-47d0-9404-453a604bfcf2","actorUserId":"f657ec20-0d2f-40e0-9775-42d0d67c4a7c","eventId":"1ed03522-107a-492b-a857-2344e6a5ed83","eventType":"passport.posting_rehearsed","aggregateType":"passport","aggregateId":"fac462b7-ef70-43a0-afea-e75921905fe9"}
{"timestamp":"2026-10-06T20:45:53.920Z","category":"Audit","message":"audit_log_created","tenantId":"e3b36031-f2c2-47d0-9404-453a604bfcf2","actorUserId":"f657ec20-0d2f-40e0-9775-42d0d67c4a7c","action":"passport.posting_rehearsed","entityType":"passport_connection","entityId":"fac462b7-ef70-43a0-afea-e75921905fe9"}
{"timestamp":"2026-10-06T20:45:53.927Z","category":"Event","message":"event_created","tenantId":"e3b36031-f2c2-47d0-9404-453a604bfcf2","actorUserId":"f657ec20-0d2f-40e0-9775-42d0d67c4a7c","eventId":"1b741f20-c393-4c83-a71c-54693196c41f","eventType":"passport.posting_rehearsed","aggregateType":"passport","aggregateId":"fac462b7-ef70-43a0-afea-e75921905fe9"}
{"timestamp":"2026-10-06T20:45:53.928Z","category":"Audit","message":"audit_log_created","tenantId":"e3b36031-f2c2-47d0-9404-453a604bfcf2","actorUserId":"f657ec20-0d2f-40e0-9775-42d0d67c4a7c","action":"passport.posting_rehearsed","entityType":"passport_connection","entityId":"fac462b7-ef70-43a0-afea-e75921905fe9"}
{"timestamp":"2026-10-06T20:45:54.046Z","category":"Event","message":"event_created","tenantId":"e3b36031-f2c2-47d0-9404-453a604bfcf2","actorUserId":"f657ec20-0d2f-40e0-9775-42d0d67c4a7c","eventId":"48b030a5-c5e4-460d-898c-85e3c16b11c9","eventType":"passport.posting_rehearsed","aggregateType":"passport","aggregateId":"fac462b7-ef70-43a0-afea-e75921905fe9"}
{"timestamp":"2026-10-06T20:45:54.048Z","category":"Audit","message":"audit_log_created","tenantId":"e3b36031-f2c2-47d0-9404-453a604bfcf2","actorUserId":"f657ec20-0d2f-40e0-9775-42d0d67c4a7c","action":"passport.posting_rehearsed","entityType":"passport_connection","entityId":"fac462b7-ef70-43a0-afea-e75921905fe9"}
{"timestamp":"2026-10-06T20:45:54.048Z","category":"Event","message":"event_created","tenantId":"e3b36031-f2c2-47d0-9404-453a604bfcf2","actorUserId":"f657ec20-0d2f-40e0-9775-42d0d67c4a7c","eventId":"9e2baa80-e28c-430c-bfb1-568f9fbb5bf0","eventType":"partner_payment.external_recorded","aggregateType":"external_partner_payment","aggregateId":"f8b16635-5561-49a9-a7d6-91c157b8e912"}
{"timestamp":"2026-10-06T20:45:54.050Z","category":"Audit","message":"audit_log_created","tenantId":"e3b36031-f2c2-47d0-9404-453a604bfcf2","actorUserId":"f657ec20-0d2f-40e0-9775-42d0d67c4a7c","action":"partner_payment.external_recorded","entityType":"external_partner_payment","entityId":"f8b16635-5561-49a9-a7d6-91c157b8e912"}
{"timestamp":"2026-10-06T20:45:54.362Z","category":"Event","message":"event_created","tenantId":"cd5d8fa6-de2f-4615-b04e-d162cae612cd","actorUserId":"2c1bc187-ab36-4518-8db6-07ac2039f91c","eventId":"6b4a8c3c-136e-4c82-b689-e7849efb4567","eventType":"contractor_payable.eligibility_changed","aggregateType":"contractor_payable","aggregateId":"60a56d53-d48a-4e22-8372-6ff1041c7529"}
{"timestamp":"2026-10-06T20:45:54.366Z","category":"Audit","message":"audit_log_created","tenantId":"cd5d8fa6-de2f-4615-b04e-d162cae612cd","actorUserId":"2c1bc187-ab36-4518-8db6-07ac2039f91c","action":"contractor_payable.eligibility_changed","entityType":"contractor_payable","entityId":"60a56d53-d48a-4e22-8372-6ff1041c7529"}
{"timestamp":"2026-10-06T20:45:54.478Z","category":"Event","message":"event_created","tenantId":"cd5d8fa6-de2f-4615-b04e-d162cae612cd","actorUserId":"2c1bc187-ab36-4518-8db6-07ac2039f91c","eventId":"7efb4db0-38a9-45d2-9fd1-03eb8fe533c7","eventType":"passport.posting_rehearsed","aggregateType":"passport","aggregateId":"b44cf1a6-197e-4f5f-bca9-71bf4312c412"}
{"timestamp":"2026-10-06T20:45:54.480Z","category":"Audit","message":"audit_log_created","tenantId":"cd5d8fa6-de2f-4615-b04e-d162cae612cd","actorUserId":"2c1bc187-ab36-4518-8db6-07ac2039f91c","action":"passport.posting_rehearsed","entityType":"passport_connection","entityId":"b44cf1a6-197e-4f5f-bca9-71bf4312c412"}
{"timestamp":"2026-10-06T20:45:54.481Z","category":"Event","message":"event_created","tenantId":"cd5d8fa6-de2f-4615-b04e-d162cae612cd","actorUserId":"2c1bc187-ab36-4518-8db6-07ac2039f91c","eventId":"8b026510-ded0-4bde-a8cd-bbadba94bb85","eventType":"partner_payment.external_recorded","aggregateType":"external_partner_payment","aggregateId":"ec399ff2-9e2b-412b-a5a9-4189c6805cc5"}
{"timestamp":"2026-10-06T20:45:54.483Z","category":"Audit","message":"audit_log_created","tenantId":"cd5d8fa6-de2f-4615-b04e-d162cae612cd","actorUserId":"2c1bc187-ab36-4518-8db6-07ac2039f91c","action":"partner_payment.external_recorded","entityType":"external_partner_payment","entityId":"ec399ff2-9e2b-412b-a5a9-4189c6805cc5"}
{"timestamp":"2026-10-06T20:45:54.499Z","category":"Event","message":"event_created","tenantId":"cd5d8fa6-de2f-4615-b04e-d162cae612cd","actorUserId":"2c1bc187-ab36-4518-8db6-07ac2039f91c","eventId":"d51352fe-5277-43b5-9bf3-7179a9fdc696","eventType":"passport.posting_rehearsed","aggregateType":"passport","aggregateId":"b44cf1a6-197e-4f5f-bca9-71bf4312c412"}
{"timestamp":"2026-10-06T20:45:54.500Z","category":"Audit","message":"audit_log_created","tenantId":"cd5d8fa6-de2f-4615-b04e-d162cae612cd","actorUserId":"2c1bc187-ab36-4518-8db6-07ac2039f91c","action":"passport.posting_rehearsed","entityType":"passport_connection","entityId":"b44cf1a6-197e-4f5f-bca9-71bf4312c412"}
  ✓  671 [chromium] › tests/e2e/payment-retainage-adjustments.spec.ts:410:5 › prepared normalized posting persists partials once and retains exceptions without rewriting payments (1.2s)
  ✓  672 [chromium] › tests/e2e/persona-visibility.spec.ts:6:7 › Persona visibility smoke › system admin can see major governed navigation areas (1.4s)
  ✓  673 [chromium] › tests/e2e/persona-visibility.spec.ts:14:7 › Persona visibility smoke › finance user can open finance workspaces (1.3s)
  ✓  674 [chromium] › tests/e2e/persona-visibility.spec.ts:24:7 › Persona visibility smoke › operations user can open execution workspaces (1.6s)
  ✓  675 [chromium] › tests/e2e/persona-visibility.spec.ts:34:7 › Persona visibility smoke › read-only auditor does not receive create permissions in stored persona state (1.2s)
  ✓  676 [chromium] › tests/e2e/personas/minimum-personas.spec.ts:17:7 › Minimum persona permission certification › system admin has broad workspace and action visibility (4.1s)
  ✓  677 [chromium] › tests/e2e/personas/minimum-personas.spec.ts:30:7 › Minimum persona permission certification › operations manager can read execution but backend denies finance mutation (1.5s)
  ✓  678 [chromium] › tests/e2e/personas/minimum-personas.spec.ts:41:7 › Minimum persona permission certification › finance user can read finance workspaces and lacks production mutation permissions (2.2s)
  ✓  679 [chromium] › tests/e2e/personas/minimum-personas.spec.ts:54:7 › Minimum persona permission certification › read-only auditor can read but cannot create or mutate (1.5s)
  ✓  680 [chromium] › tests/e2e/production-readiness.spec.ts:42:7 › P17 production readiness release-candidate acceptance › onboarding to mobilization facts are scoped and canonical (8ms)
  ✓  681 [chromium] › tests/e2e/production-readiness.spec.ts:58:7 › P17 production readiness release-candidate acceptance › field-day and offline operating envelope preserve submitted production exactly once (9ms)
  ✓  682 [chromium] › tests/e2e/production-readiness.spec.ts:68:7 › P17 production readiness release-candidate acceptance › Customer QC, correction, reinspection, and accepted quantity remain lineage-safe (9ms)
  ✓  683 [chromium] › tests/e2e/production-readiness.spec.ts:90:7 › P17 production readiness release-candidate acceptance › billing, cash, payable, and executive finance KPIs keep Customer AR separate from Partner AP (152ms)
  ✓  684 [chromium] › tests/e2e/production-readiness.spec.ts:100:7 › P17 production readiness release-candidate acceptance › historical payable without accepted-work settlement items cannot advance to payment (40ms)
  ✓  685 [chromium] › tests/e2e/production-readiness.spec.ts:109:7 › P17 production readiness release-candidate acceptance › performance, opportunity matching, and command intelligence are recommendation-only (248ms)
  ✓  686 [chromium] › tests/e2e/production-readiness.spec.ts:121:7 › P17 production readiness release-candidate acceptance › generic-route bypass and cross-tenant attacks are denied (158ms)
  ✓  687 [chromium] › tests/e2e/production-readiness.spec.ts:137:7 › P17 production readiness release-candidate acceptance › Partner Foreman has no finance, ranking, Command Center, or sensitive data access (83ms)
  ✓  688 [chromium] › tests/e2e/production-readiness.spec.ts:147:7 › P17 production readiness release-candidate acceptance › Partner Admin cannot see competitor intelligence or internal command data (59ms)
  ✓  689 [chromium] › tests/e2e/production-readiness.spec.ts:156:7 › P17 production readiness release-candidate acceptance › critical drill-through routes enforce each internal release user's permissions (2.1s)
  ✓  690 [chromium] › tests/e2e/production-readiness.spec.ts:181:7 › P17 production readiness release-candidate acceptance › scheduler/idempotency and sensitive-payload release checks hold (188ms)
  ✓  691 [chromium] › tests/e2e/qc-create-capabilities.spec.ts:36:7 › QC create supported advanced capabilities › named selections and structured reasons persist without approving the review (1.7s)
  ✓  692 [chromium] › tests/e2e/qc-create-capabilities.spec.ts:93:7 › QC create supported advanced capabilities › QC Manager findings request corrections without accepting or billing production (1.5s)
  ✓  693 [chromium] › tests/e2e/qc-create-capabilities.spec.ts:130:7 › QC create supported advanced capabilities › read-only actor cannot enumerate create choices or create a review (38ms)
  ✓  694 [chromium] › tests/e2e/route-matrix.spec.ts:11:9 › Browser E2E route matrix › Growth / Intelligence: /intelligence (1.0s)
  ✓  695 [chromium] › tests/e2e/route-matrix.spec.ts:11:9 › Browser E2E route matrix › Growth / Intelligence: /intelligence/signals (831ms)
  ✓  696 [chromium] › tests/e2e/route-matrix.spec.ts:11:9 › Browser E2E route matrix › Growth / Intelligence: /intelligence/signals/a0d4da94-a197-538f-ba6c-371154494228 (845ms)
  ✓  697 [chromium] › tests/e2e/route-matrix.spec.ts:11:9 › Browser E2E route matrix › Growth / Intelligence: /intelligence/account-onboarding (828ms)
  ✓  698 [chromium] › tests/e2e/route-matrix.spec.ts:11:9 › Browser E2E route matrix › Growth / Intelligence: /intelligence/organizations (836ms)
  ✓  699 [chromium] › tests/e2e/route-matrix.spec.ts:11:9 › Browser E2E route matrix › Growth / Intelligence: /intelligence/organizations/new (949ms)
  ✓  700 [chromium] › tests/e2e/route-matrix.spec.ts:11:9 › Browser E2E route matrix › Growth / Intelligence: /intelligence/organizations/432e658f-4058-51e2-bd24-f0b644f431a5 (797ms)
  ✓  701 [chromium] › tests/e2e/route-matrix.spec.ts:11:9 › Browser E2E route matrix › Growth / Intelligence: /intelligence/organizations/432e658f-4058-51e2-bd24-f0b644f431a5/edit (862ms)
  ✓  702 [chromium] › tests/e2e/route-matrix.spec.ts:11:9 › Browser E2E route matrix › Growth / Intelligence: /intelligence/contacts (819ms)
  ✓  703 [chromium] › tests/e2e/route-matrix.spec.ts:11:9 › Browser E2E route matrix › Growth / Intelligence: /intelligence/contacts/new (840ms)
  ✓  704 [chromium] › tests/e2e/route-matrix.spec.ts:11:9 › Browser E2E route matrix › Growth / Intelligence: /intelligence/contacts/44210d51-0251-5c85-a581-5149f269f21a (845ms)
  ✓  705 [chromium] › tests/e2e/route-matrix.spec.ts:11:9 › Browser E2E route matrix › Growth / Intelligence: /intelligence/contacts/44210d51-0251-5c85-a581-5149f269f21a/edit (952ms)
  ✓  706 [chromium] › tests/e2e/route-matrix.spec.ts:11:9 › Browser E2E route matrix › Growth / Intelligence: /intelligence/relationship-maps (1.1s)
  ✓  707 [chromium] › tests/e2e/route-matrix.spec.ts:11:9 › Browser E2E route matrix › Growth / Intelligence: /intelligence/relationship-maps/new (1.1s)
  ✓  708 [chromium] › tests/e2e/route-matrix.spec.ts:11:9 › Browser E2E route matrix › Growth / Intelligence: /intelligence/relationship-maps/b7edc55d-4170-508a-8867-088de5d63bb7 (1.2s)
  ✓  709 [chromium] › tests/e2e/route-matrix.spec.ts:11:9 › Browser E2E route matrix › Growth / Intelligence: /intelligence/relationship-maps/b7edc55d-4170-508a-8867-088de5d63bb7/edit (2.9s)
  ✓  710 [chromium] › tests/e2e/route-matrix.spec.ts:11:9 › Browser E2E route matrix › Opportunity / Coverage: /opportunities (2.7s)
  ✓  711 [chromium] › tests/e2e/route-matrix.spec.ts:11:9 › Browser E2E route matrix › Opportunity / Coverage: /opportunities/candidates (2.0s)
  ✓  712 [chromium] › tests/e2e/route-matrix.spec.ts:11:9 › Browser E2E route matrix › Opportunity / Coverage: /opportunities/candidates/new (2.3s)
  ✓  713 [chromium] › tests/e2e/route-matrix.spec.ts:11:9 › Browser E2E route matrix › Opportunity / Coverage: /opportunities/candidates/6ac46226-5759-5192-98d2-47dbaea00b12 (1.9s)
  ✓  714 [chromium] › tests/e2e/route-matrix.spec.ts:11:9 › Browser E2E route matrix › Opportunity / Coverage: /opportunities/candidates/6ac46226-5759-5192-98d2-47dbaea00b12/edit (2.0s)
  ✓  715 [chromium] › tests/e2e/route-matrix.spec.ts:11:9 › Browser E2E route matrix › Opportunity / Coverage: /opportunities/pipeline (1.5s)
  ✓  716 [chromium] › tests/e2e/route-matrix.spec.ts:11:9 › Browser E2E route matrix › Opportunity / Coverage: /opportunities/new (1.7s)
  ✓  717 [chromium] › tests/e2e/route-matrix.spec.ts:11:9 › Browser E2E route matrix › Opportunity / Coverage: /opportunities/4cd11c9f-64e0-519e-9a00-248720684e97 (1.1s)
  ✓  718 [chromium] › tests/e2e/route-matrix.spec.ts:11:9 › Browser E2E route matrix › Opportunity / Coverage: /opportunities/4cd11c9f-64e0-519e-9a00-248720684e97/edit (1.4s)
  ✓  719 [chromium] › tests/e2e/route-matrix.spec.ts:11:9 › Browser E2E route matrix › Opportunity / Coverage: /opportunities/coverage (1.1s)
  ✓  720 [chromium] › tests/e2e/route-matrix.spec.ts:11:9 › Browser E2E route matrix › Opportunity / Coverage: /opportunities/coverage/new (974ms)
  ✓  721 [chromium] › tests/e2e/route-matrix.spec.ts:11:9 › Browser E2E route matrix › Opportunity / Coverage: /opportunities/coverage/6c2adb9e-689f-5924-87d2-7fa46c416165 (1.2s)
  ✓  722 [chromium] › tests/e2e/route-matrix.spec.ts:11:9 › Browser E2E route matrix › Opportunity / Coverage: /opportunities/coverage/6c2adb9e-689f-5924-87d2-7fa46c416165/edit (948ms)
  ✓  723 [chromium] › tests/e2e/route-matrix.spec.ts:11:9 › Browser E2E route matrix › Execution: /projects (1.2s)
  ✓  724 [chromium] › tests/e2e/route-matrix.spec.ts:11:9 › Browser E2E route matrix › Execution: /projects/3e8fdeb8-dece-5285-833d-db832a5180fd (1.2s)
  ✓  725 [chromium] › tests/e2e/route-matrix.spec.ts:11:9 › Browser E2E route matrix › Execution: /projects/3e8fdeb8-dece-5285-833d-db832a5180fd/edit (977ms)
  ✓  726 [chromium] › tests/e2e/route-matrix.spec.ts:11:9 › Browser E2E route matrix › Execution: /work-orders (967ms)
  ✓  727 [chromium] › tests/e2e/route-matrix.spec.ts:11:9 › Browser E2E route matrix › Execution: /work-orders/new (1.0s)
  ✓  728 [chromium] › tests/e2e/route-matrix.spec.ts:11:9 › Browser E2E route matrix › Execution: /work-orders/6059ac12-783a-5172-a229-0213f1569b13 (965ms)
  ✓  729 [chromium] › tests/e2e/route-matrix.spec.ts:11:9 › Browser E2E route matrix › Execution: /work-orders/6059ac12-783a-5172-a229-0213f1569b13/edit (1.2s)
  ✓  730 [chromium] › tests/e2e/route-matrix.spec.ts:11:9 › Browser E2E route matrix › Execution: /production (1.1s)
  ✓  731 [chromium] › tests/e2e/route-matrix.spec.ts:11:9 › Browser E2E route matrix › Execution: /production/new (1.2s)
  ✓  732 [chromium] › tests/e2e/route-matrix.spec.ts:11:9 › Browser E2E route matrix › Execution: /production/d07f0f37-b932-50c0-a3c2-f007b62be454 (1.1s)
  ✓  733 [chromium] › tests/e2e/route-matrix.spec.ts:11:9 › Browser E2E route matrix › Execution: /production/d07f0f37-b932-50c0-a3c2-f007b62be454/edit (1.6s)
  ✓  734 [chromium] › tests/e2e/route-matrix.spec.ts:11:9 › Browser E2E route matrix › Execution: /qc (1.5s)
  ✓  735 [chromium] › tests/e2e/route-matrix.spec.ts:11:9 › Browser E2E route matrix › Execution: /qc/new (1.8s)
  ✓  736 [chromium] › tests/e2e/route-matrix.spec.ts:11:9 › Browser E2E route matrix › Execution: /qc/6d64587a-51d3-5b2b-b7c2-10eacd7b7789 (1.6s)
  ✓  737 [chromium] › tests/e2e/route-matrix.spec.ts:11:9 › Browser E2E route matrix › Execution: /qc/6d64587a-51d3-5b2b-b7c2-10eacd7b7789/edit (1.6s)
  ✓  738 [chromium] › tests/e2e/route-matrix.spec.ts:11:9 › Browser E2E route matrix › Revenue: /billable (1.8s)
  ✓  739 [chromium] › tests/e2e/route-matrix.spec.ts:11:9 › Browser E2E route matrix › Revenue: /billable/new (1.7s)
  ✓  740 [chromium] › tests/e2e/route-matrix.spec.ts:11:9 › Browser E2E route matrix › Revenue: /billable/c8ec8491-f179-579d-b19e-7428149abf97 (1.8s)
  ✓  741 [chromium] › tests/e2e/route-matrix.spec.ts:11:9 › Browser E2E route matrix › Revenue: /billable/c8ec8491-f179-579d-b19e-7428149abf97/edit (1.4s)
  ✓  742 [chromium] › tests/e2e/route-matrix.spec.ts:11:9 › Browser E2E route matrix › Revenue: /settlements (1.3s)
  ✓  743 [chromium] › tests/e2e/route-matrix.spec.ts:11:9 › Browser E2E route matrix › Revenue: /settlements/new (1.1s)
  ✓  744 [chromium] › tests/e2e/route-matrix.spec.ts:11:9 › Browser E2E route matrix › Revenue: /settlements/0899699c-1cb9-5955-b337-cdfb99e94538 (1.1s)
  ✓  745 [chromium] › tests/e2e/route-matrix.spec.ts:11:9 › Browser E2E route matrix › Revenue: /settlements/0899699c-1cb9-5955-b337-cdfb99e94538/edit (967ms)
  ✓  746 [chromium] › tests/e2e/route-matrix.spec.ts:11:9 › Browser E2E route matrix › Revenue: /invoices (1.0s)
  ✓  747 [chromium] › tests/e2e/route-matrix.spec.ts:11:9 › Browser E2E route matrix › Revenue: /invoices/new (1.0s)
  ✓  748 [chromium] › tests/e2e/route-matrix.spec.ts:11:9 › Browser E2E route matrix › Revenue: /invoices/c8c9233d-8c96-55d9-a920-04dd928234ef (854ms)
  ✓  749 [chromium] › tests/e2e/route-matrix.spec.ts:11:9 › Browser E2E route matrix › Revenue: /invoices/c8c9233d-8c96-55d9-a920-04dd928234ef/edit (906ms)
  ✓  750 [chromium] › tests/e2e/route-matrix.spec.ts:11:9 › Browser E2E route matrix › Revenue: /cash (843ms)
  ✓  751 [chromium] › tests/e2e/route-matrix.spec.ts:11:9 › Browser E2E route matrix › Revenue: /cash/receipts/new (944ms)
  ✓  752 [chromium] › tests/e2e/route-matrix.spec.ts:11:9 › Browser E2E route matrix › Revenue: /cash/receipts/9602b2c7-be2a-5abe-bb15-24dba6ef722f (911ms)
  ✓  753 [chromium] › tests/e2e/route-matrix.spec.ts:11:9 › Browser E2E route matrix › Revenue: /cash/receipts/9602b2c7-be2a-5abe-bb15-24dba6ef722f/edit (940ms)
  ✓  754 [chromium] › tests/e2e/route-matrix.spec.ts:11:9 › Browser E2E route matrix › Revenue: /payment-applications (864ms)
  ✓  755 [chromium] › tests/e2e/route-matrix.spec.ts:11:9 › Browser E2E route matrix › Revenue: /payment-applications/15a8aea5-78eb-5183-82d8-35820df26cc3 (872ms)
  ✓  756 [chromium] › tests/e2e/route-matrix.spec.ts:11:9 › Browser E2E route matrix › Revenue: /collections (961ms)
  ✓  757 [chromium] › tests/e2e/route-matrix.spec.ts:11:9 › Browser E2E route matrix › Revenue: /collections/new (1.0s)
  ✓  758 [chromium] › tests/e2e/route-matrix.spec.ts:11:9 › Browser E2E route matrix › Revenue: /collections/eea202fc-fbf1-53e0-a1ee-c0c62fe22cf0 (1.0s)
  ✓  759 [chromium] › tests/e2e/route-matrix.spec.ts:11:9 › Browser E2E route matrix › Revenue: /collections/eea202fc-fbf1-53e0-a1ee-c0c62fe22cf0/edit (1.0s)
  ✓  760 [chromium] › tests/e2e/route-matrix.spec.ts:11:9 › Browser E2E route matrix › Revenue: /collection-actions (1.2s)
  ✓  761 [chromium] › tests/e2e/route-matrix.spec.ts:11:9 › Browser E2E route matrix › Revenue: /collection-actions/4f84f07c-4653-5a25-92b6-ff1bfcf04c0e (1.1s)
  ✓  762 [chromium] › tests/e2e/route-matrix.spec.ts:11:9 › Browser E2E route matrix › Cost / Labor: /contractor-payables (1.3s)
  ✓  763 [chromium] › tests/e2e/route-matrix.spec.ts:11:9 › Browser E2E route matrix › Cost / Labor: /contractor-payables/new (1.5s)
  ✓  764 [chromium] › tests/e2e/route-matrix.spec.ts:11:9 › Browser E2E route matrix › Cost / Labor: /contractor-payables/0532f1ae-3ea9-5722-a17d-1ef59c055c60 (1.5s)
  ✓  765 [chromium] › tests/e2e/route-matrix.spec.ts:11:9 › Browser E2E route matrix › Cost / Labor: /contractor-payables/0532f1ae-3ea9-5722-a17d-1ef59c055c60/edit (1.5s)
  ✓  766 [chromium] › tests/e2e/route-matrix.spec.ts:11:9 › Browser E2E route matrix › Cost / Labor: /payroll (1.6s)
  ✓  767 [chromium] › tests/e2e/route-matrix.spec.ts:11:9 › Browser E2E route matrix › Cost / Labor: /payroll/new (1.6s)
  ✓  768 [chromium] › tests/e2e/route-matrix.spec.ts:11:9 › Browser E2E route matrix › Cost / Labor: /payroll/9a5e24b3-f800-5af8-9ae3-ca1f5d42bfb6 (1.5s)
  ✓  769 [chromium] › tests/e2e/route-matrix.spec.ts:11:9 › Browser E2E route matrix › Cost / Labor: /payroll/9a5e24b3-f800-5af8-9ae3-ca1f5d42bfb6/edit (1.6s)
  ✓  770 [chromium] › tests/e2e/route-matrix.spec.ts:11:9 › Browser E2E route matrix › Cost / Labor: /payments (2.0s)
  ✓  771 [chromium] › tests/e2e/route-matrix.spec.ts:11:9 › Browser E2E route matrix › Cost / Labor: /payments/new (1.3s)
  ✓  772 [chromium] › tests/e2e/route-matrix.spec.ts:11:9 › Browser E2E route matrix › Cost / Labor: /payments/7123d00c-09b2-5bce-bc4a-ccffe41f0639 (1.2s)
  ✓  773 [chromium] › tests/e2e/route-matrix.spec.ts:11:9 › Browser E2E route matrix › Cost / Labor: /payments/7123d00c-09b2-5bce-bc4a-ccffe41f0639/edit (1.1s)
  ✓  774 [chromium] › tests/e2e/route-matrix.spec.ts:11:9 › Browser E2E route matrix › Cost / Labor: /payment-items/6a46faba-f5a3-521e-aac6-4a334c104f9e (969ms)
  ✓  775 [chromium] › tests/e2e/route-matrix.spec.ts:11:9 › Browser E2E route matrix › Verification / Accounting: /bank-reconciliation (1.0s)
  ✓  776 [chromium] › tests/e2e/route-matrix.spec.ts:11:9 › Browser E2E route matrix › Verification / Accounting: /bank-reconciliation/accounts/new (930ms)
  ✓  777 [chromium] › tests/e2e/route-matrix.spec.ts:11:9 › Browser E2E route matrix › Verification / Accounting: /bank-reconciliation/accounts/46166eca-ccc1-5390-b5da-05c5d36d613f (927ms)
  ✓  778 [chromium] › tests/e2e/route-matrix.spec.ts:11:9 › Browser E2E route matrix › Verification / Accounting: /bank-reconciliation/accounts/46166eca-ccc1-5390-b5da-05c5d36d613f/edit (884ms)
  ✓  779 [chromium] › tests/e2e/route-matrix.spec.ts:11:9 › Browser E2E route matrix › Verification / Accounting: /bank-reconciliation/transactions/new (900ms)
  ✓  780 [chromium] › tests/e2e/route-matrix.spec.ts:11:9 › Browser E2E route matrix › Verification / Accounting: /bank-reconciliation/transactions/157b1af5-9bb3-5ad9-9305-1d12b7b364dd (959ms)
  ✓  781 [chromium] › tests/e2e/route-matrix.spec.ts:11:9 › Browser E2E route matrix › Verification / Accounting: /bank-reconciliation/transactions/157b1af5-9bb3-5ad9-9305-1d12b7b364dd/edit (895ms)
  ✓  782 [chromium] › tests/e2e/route-matrix.spec.ts:11:9 › Browser E2E route matrix › Verification / Accounting: /reconciliation-matches/e8e8852f-fb54-5dfa-8fc0-aa8cae22c42e (896ms)
  ✓  783 [chromium] › tests/e2e/route-matrix.spec.ts:11:9 › Browser E2E route matrix › Verification / Accounting: /accounting-exports (909ms)
  ✓  784 [chromium] › tests/e2e/route-matrix.spec.ts:11:9 › Browser E2E route matrix › Verification / Accounting: /accounting-exports/new (937ms)
  ✓  785 [chromium] › tests/e2e/route-matrix.spec.ts:11:9 › Browser E2E route matrix › Verification / Accounting: /accounting-exports/b82c2439-08d3-5f49-8bf0-5b5538884df6 (968ms)
  ✓  786 [chromium] › tests/e2e/route-matrix.spec.ts:11:9 › Browser E2E route matrix › Verification / Accounting: /accounting-exports/b82c2439-08d3-5f49-8bf0-5b5538884df6/edit (962ms)
  ✓  787 [chromium] › tests/e2e/route-matrix.spec.ts:11:9 › Browser E2E route matrix › Verification / Accounting: /accounting-export-items/012a13a5-3f55-5523-a45c-d5f79a5367e0 (1.1s)
  ✓  788 [chromium] › tests/e2e/scope-financial-handoffs.spec.ts:38:7 › Scope preservation: financial role handoffs › accepted partner quantity passes billing, cash and payables roles to one evidence-backed external payment (1.3s)
  ✓  789 [chromium] › tests/e2e/scope-financial-handoffs.spec.ts:111:7 › Scope preservation: financial role handoffs › accepted employee source remains customer billable but cannot create partner debt (344ms)
  ✓  790 [chromium] › tests/e2e/scope-production-roles.spec.ts:14:7 › ops-manager creates, edits and submits production while approval and money remain forbidden (4.7s)
  ✓  791 [chromium] › tests/e2e/scope-production-roles.spec.ts:14:7 › field-supervisor creates, edits and submits production while approval and money remain forbidden (5.2s)
  ✓  792 [chromium] › tests/e2e/signal-feed-operator.spec.ts:8:7 › Signal Feed operator hardening › production/default mode hides developer session controls (2.0s)
  ✓  793 [chromium] › tests/e2e/signal-feed-operator.spec.ts:24:7 › Signal Feed operator hardening › unauthenticated state uses production-safe copy (914ms)
  ✓  794 [chromium] › tests/e2e/signal-feed-operator.spec.ts:39:7 › Signal Feed operator hardening › authenticated Signal Feed renders priorities, tabs, and collapsed filters (2.1s)
  ✓  795 [chromium] › tests/e2e/signal-feed-operator.spec.ts:57:7 › Signal Feed operator hardening › Create Signal opens an operator modal with modal standards (3.0s)
  ✓  796 [chromium] › tests/e2e/signal-feed-operator.spec.ts:76:7 › Signal Feed operator hardening › Categorize opens modal, submits, and refreshes (2.2s)
  ✓  797 [chromium] › tests/e2e/signal-feed-operator.spec.ts:91:7 › Signal Feed operator hardening › Score opens modal, submits, and refreshes (2.3s)
  ✓  798 [chromium] › tests/e2e/signal-feed-operator.spec.ts:105:7 › Signal Feed operator hardening › Verify disabled reason appears when evidence is missing (1.9s)
  ✓  799 [chromium] › tests/e2e/signal-feed-operator.spec.ts:114:7 › Signal Feed operator hardening › Archive opens danger modal and requires reason (2.5s)
  ✓  800 [chromium] › tests/e2e/signal-feed-operator.spec.ts:129:7 › Signal Feed operator hardening › read-only auditor can view but cannot mutate (2.5s)
  ✓  801 [chromium] › tests/e2e/syncfield-customer-qc.spec.ts:56:7 › P10 Customer QC intake, correction relay, and reinspection › production gate, Work Order codes, and field UI hydrate without rates (1.7s)
  ✓  802 [chromium] › tests/e2e/syncfield-customer-qc.spec.ts:85:7 › P10 Customer QC intake, correction relay, and reinspection › browser offline queue persists and automatically replays Asset, Route, and Daily production exactly once (3.1s)
  ✓  803 [chromium] › tests/e2e/syncfield-customer-qc.spec.ts:122:7 › P10 Customer QC intake, correction relay, and reinspection › offline replay revalidates lost production-start authorization and keeps failed work traceable (1.7s)
  ✓  804 [chromium] › tests/e2e/syncfield-customer-qc.spec.ts:146:7 › P10 Customer QC intake, correction relay, and reinspection › Asset, Route, and Daily production create authoritative records with subordinate annotations and idempotency (346ms)
  ✓  805 [chromium] › tests/e2e/syncfield-customer-qc.spec.ts:170:7 › P10 Customer QC intake, correction relay, and reinspection › submission creates immutable revision snapshot and blocks ordinary edits without QC or finance (1.3s)
  ✓  806 [chromium] › tests/e2e/syncfield-customer-qc.spec.ts:204:7 › P10 Customer QC intake, correction relay, and reinspection › field evidence is scoped, idempotent, readable by QC and rejects disguised files; incidents persist (1.2s)
  ✓  807 [chromium] › tests/e2e/syncfield-customer-qc.spec.ts:218:7 › P10 Customer QC intake, correction relay, and reinspection › Customer QC intake preserves reported quantities and creates Partner-safe correction history without finance (2.2s)
  ✓  808 [chromium] › tests/e2e/syncfield-customer-qc.spec.ts:303:7 › P10 Customer QC intake, correction relay, and reinspection › prime policy derives deadlines from original receipt and preserves scheduled dates across revisions (2.1s)
  ✓  809 [chromium] › tests/e2e/syncfield-customer-qc.spec.ts:343:7 › P10 Customer QC intake, correction relay, and reinspection › Partner correction resubmission creates Revision 2 and Customer reinspection cycle without reopening Revision 1 (2.1s)
  ✓  810 [chromium] › tests/e2e/syncfield-customer-qc.spec.ts:404:7 › P10 Customer QC intake, correction relay, and reinspection › submitted-report offline conflict does not reopen the report or create production (2.0s)
  ✓  811 [chromium] › tests/e2e/syncfield-customer-qc.spec.ts:419:7 › P10 Customer QC intake, correction relay, and reinspection › Partner-local queue isolation hides pending field work after account switch (2.7s)
  ✓  812 [chromium] › tests/e2e/syncfield-customer-qc.spec.ts:432:7 › P10 Customer QC intake, correction relay, and reinspection › Partner Admin receives safe read-only report and duplicate submitted work requires traceability (2.6s)
  ✓  813 [chromium] › tests/e2e/syncfield-customer-qc.spec.ts:452:7 › P10 Customer QC intake, correction relay, and reinspection › extended correction keeps authorized code, map and evidence in immutable revision and rejects unrelated references (3.0s)
{"timestamp":"2026-10-06T20:49:15.518Z","category":"Event","message":"event_created","tenantId":"c7f0b890-23ad-45bc-a24b-456787d661cc","actorUserId":"5e522718-f462-4967-a9ca-93c0cc388ade","eventId":"63f3684d-e342-4c77-a034-6f19f2f5b3f1","eventType":"prime_delivery.destination_approved","aggregateType":"invoice","aggregateId":"efeb897c-9c9c-4ae5-94bd-8baab37820fb"}
{"timestamp":"2026-10-06T20:49:15.533Z","category":"Audit","message":"audit_log_created","tenantId":"c7f0b890-23ad-45bc-a24b-456787d661cc","actorUserId":"5e522718-f462-4967-a9ca-93c0cc388ade","action":"prime_delivery.destination_approved","entityType":"prime_delivery_destination","entityId":"efeb897c-9c9c-4ae5-94bd-8baab37820fb"}
{"timestamp":"2026-10-06T20:49:15.775Z","category":"Event","message":"event_created","tenantId":"c7f0b890-23ad-45bc-a24b-456787d661cc","actorUserId":"5e522718-f462-4967-a9ca-93c0cc388ade","eventId":"82074857-3e6d-45f2-8756-ffad1b5dfd45","eventType":"prime_delivery.queued","aggregateType":"invoice","aggregateId":"bf8cb2e6-fac3-4ba9-ae7b-a156d58fc5b2"}
{"timestamp":"2026-10-06T20:49:15.780Z","category":"Audit","message":"audit_log_created","tenantId":"c7f0b890-23ad-45bc-a24b-456787d661cc","actorUserId":"5e522718-f462-4967-a9ca-93c0cc388ade","action":"prime_delivery.queued","entityType":"prime_delivery_job","entityId":"bf8cb2e6-fac3-4ba9-ae7b-a156d58fc5b2"}
{"timestamp":"2026-10-06T20:49:16.035Z","category":"Event","message":"event_created","tenantId":"c7f0b890-23ad-45bc-a24b-456787d661cc","actorUserId":"5e522718-f462-4967-a9ca-93c0cc388ade","eventId":"cc3483de-8c17-4227-a544-e3f3dde8df91","eventType":"prime_delivery.cancelled","aggregateType":"invoice","aggregateId":"bf8cb2e6-fac3-4ba9-ae7b-a156d58fc5b2"}
{"timestamp":"2026-10-06T20:49:16.037Z","category":"Audit","message":"audit_log_created","tenantId":"c7f0b890-23ad-45bc-a24b-456787d661cc","actorUserId":"5e522718-f462-4967-a9ca-93c0cc388ade","action":"prime_delivery.cancelled","entityType":"prime_delivery_job","entityId":"bf8cb2e6-fac3-4ba9-ae7b-a156d58fc5b2"}
{"timestamp":"2026-10-06T20:49:16.113Z","category":"Event","message":"event_created","tenantId":"c7f0b890-23ad-45bc-a24b-456787d661cc","actorUserId":"5e522718-f462-4967-a9ca-93c0cc388ade","eventId":"ea1de525-12f6-42ff-b2fb-ecbbe52f8c6a","eventType":"prime_delivery.queued","aggregateType":"invoice","aggregateId":"39ae3c04-6038-4758-a252-257e6b8ab174"}
{"timestamp":"2026-10-06T20:49:16.116Z","category":"Audit","message":"audit_log_created","tenantId":"c7f0b890-23ad-45bc-a24b-456787d661cc","actorUserId":"5e522718-f462-4967-a9ca-93c0cc388ade","action":"prime_delivery.queued","entityType":"prime_delivery_job","entityId":"39ae3c04-6038-4758-a252-257e6b8ab174"}
{"timestamp":"2026-10-06T20:49:16.340Z","category":"Event","message":"event_created","tenantId":"c7f0b890-23ad-45bc-a24b-456787d661cc","actorUserId":"5e522718-f462-4967-a9ca-93c0cc388ade","eventId":"b9c56848-696a-4641-b4bb-cf6d58256386","eventType":"prime_delivery.review_resolved","aggregateType":"invoice","aggregateId":"39ae3c04-6038-4758-a252-257e6b8ab174"}
{"timestamp":"2026-10-06T20:49:16.344Z","category":"Audit","message":"audit_log_created","tenantId":"c7f0b890-23ad-45bc-a24b-456787d661cc","actorUserId":"5e522718-f462-4967-a9ca-93c0cc388ade","action":"prime_delivery.review_resolved","entityType":"prime_delivery_job","entityId":"39ae3c04-6038-4758-a252-257e6b8ab174"}
{"timestamp":"2026-10-06T20:49:16.433Z","category":"Event","message":"event_created","tenantId":"c7f0b890-23ad-45bc-a24b-456787d661cc","actorUserId":"5e522718-f462-4967-a9ca-93c0cc388ade","eventId":"39a740f0-fb40-4d1a-adb9-472ef6a808f2","eventType":"prime_delivery.queued","aggregateType":"invoice","aggregateId":"bea0cc48-78e9-4cb1-b080-b1aa76808457"}
{"timestamp":"2026-10-06T20:49:16.436Z","category":"Audit","message":"audit_log_created","tenantId":"c7f0b890-23ad-45bc-a24b-456787d661cc","actorUserId":"5e522718-f462-4967-a9ca-93c0cc388ade","action":"prime_delivery.queued","entityType":"prime_delivery_job","entityId":"bea0cc48-78e9-4cb1-b080-b1aa76808457"}
{"timestamp":"2026-10-06T20:49:16.884Z","category":"Event","message":"event_created","tenantId":"c7f0b890-23ad-45bc-a24b-456787d661cc","actorUserId":"5e522718-f462-4967-a9ca-93c0cc388ade","eventId":"d60de5bd-aeb7-4a19-8100-14a5a522b568","eventType":"invoice_package.delivered","aggregateType":"invoice","aggregateId":"f029d49d-5597-4892-9855-e86f5e423442"}
{"timestamp":"2026-10-06T20:49:16.886Z","category":"Audit","message":"audit_log_created","tenantId":"c7f0b890-23ad-45bc-a24b-456787d661cc","actorUserId":"5e522718-f462-4967-a9ca-93c0cc388ade","action":"invoice_package.delivered","entityType":"invoice_delivery_event","entityId":"f029d49d-5597-4892-9855-e86f5e423442"}
{"timestamp":"2026-10-06T20:49:16.905Z","category":"Event","message":"event_created","tenantId":"c7f0b890-23ad-45bc-a24b-456787d661cc","actorUserId":"5e522718-f462-4967-a9ca-93c0cc388ade","eventId":"99af934e-11b5-43bc-ad70-b52b41c94bd8","eventType":"prime_delivery.destination_revoked","aggregateType":"invoice","aggregateId":"efeb897c-9c9c-4ae5-94bd-8baab37820fb"}
{"timestamp":"2026-10-06T20:49:16.907Z","category":"Audit","message":"audit_log_created","tenantId":"c7f0b890-23ad-45bc-a24b-456787d661cc","actorUserId":"5e522718-f462-4967-a9ca-93c0cc388ade","action":"prime_delivery.destination_revoked","entityType":"prime_delivery_destination","entityId":"efeb897c-9c9c-4ae5-94bd-8baab37820fb"}
  ✓  814 [chromium] › tests/e2e/syncfield-customer-qc.spec.ts:494:7 › P10 Customer QC intake, correction relay, and reinspection › the same Partner field work reaches accepted billing, funded payable and one external payment (4.1s)
  ✓  815 [chromium] › tests/e2e/syncfield-daily-production.spec.ts:61:7 › P9 SyncField Daily Production, map annotation, offline queue, and submission › production gate, Work Order codes, and field UI hydrate without rates (1.8s)
  ✓  816 [chromium] › tests/e2e/syncfield-daily-production.spec.ts:95:7 › P9 SyncField Daily Production, map annotation, offline queue, and submission › changed safety conditions preserve the signed revision and block production until renewed review (458ms)
  ✓  817 [chromium] › tests/e2e/syncfield-daily-production.spec.ts:111:7 › P9 SyncField Daily Production, map annotation, offline queue, and submission › partner crew independently acknowledges, obtains pre-bore approval and completes ordered utility-strike restart (1.8s)
  ✓  818 [chromium] › tests/e2e/syncfield-daily-production.spec.ts:115:7 › P9 SyncField Daily Production, map annotation, offline queue, and submission › evidence survives lost responses, reload and offline capture without duplicate uploads (3.6s)
  ✓  819 [chromium] › tests/e2e/syncfield-daily-production.spec.ts:151:7 › P9 SyncField Daily Production, map annotation, offline queue, and submission › large evidence resumes received chunks after reload and stores one original (2.9s)
  ✓  820 [chromium] › tests/e2e/syncfield-daily-production.spec.ts:159:7 › P9 SyncField Daily Production, map annotation, offline queue, and submission › incident device draft survives disconnect and lost response without duplicate records or audit (2.1s)
  ✓  821 [chromium] › tests/e2e/syncfield-daily-production.spec.ts:184:7 › P9 SyncField Daily Production, map annotation, offline queue, and submission › browser offline queue persists and automatically replays Asset, Route, and Daily production exactly once (2.1s)
  ✓  822 [chromium] › tests/e2e/syncfield-daily-production.spec.ts:225:7 › P9 SyncField Daily Production, map annotation, offline queue, and submission › offline replay revalidates lost production-start authorization and keeps failed work traceable (1.3s)
  ✓  823 [chromium] › tests/e2e/syncfield-daily-production.spec.ts:249:7 › P9 SyncField Daily Production, map annotation, offline queue, and submission › Asset, Route, and Daily production create authoritative records with subordinate annotations and idempotency (332ms)
  ✓  824 [chromium] › tests/e2e/syncfield-daily-production.spec.ts:291:7 › P9 SyncField Daily Production, map annotation, offline queue, and submission › a crew work shutdown blocks new records and requires authorized release (251ms)
  ✓  825 [chromium] › tests/e2e/syncfield-daily-production.spec.ts:319:7 › P9 SyncField Daily Production, map annotation, offline queue, and submission › DesignSegment, pole observations, and redline completion preserve design, ticks, authority, and idempotency (1.3s)
  ✓  826 [chromium] › tests/e2e/syncfield-daily-production.spec.ts:597:7 › P9 SyncField Daily Production, map annotation, offline queue, and submission › submission creates immutable revision snapshot and blocks ordinary edits without QC or finance (1.5s)
  ✓  827 [chromium] › tests/e2e/syncfield-daily-production.spec.ts:669:7 › P9 SyncField Daily Production, map annotation, offline queue, and submission › submitted-report offline conflict does not reopen the report or create production (1.2s)
  ✓  828 [chromium] › tests/e2e/syncfield-daily-production.spec.ts:684:7 › P9 SyncField Daily Production, map annotation, offline queue, and submission › Partner-local queue isolation hides pending field work after account switch (1.6s)
  ✓  829 [chromium] › tests/e2e/syncfield-daily-production.spec.ts:697:7 › P9 SyncField Daily Production, map annotation, offline queue, and submission › Partner Admin receives safe read-only report and duplicate submitted work requires traceability (1.1s)
  ✓  830 [chromium] › tests/e2e/syncfield-daily-production.spec.ts:721:7 › P9 SyncField Daily Production, map annotation, offline queue, and submission › required evidence blocks missing and unreadable handoffs, preserves originals and pins approved requirements (2.4s)
  ✓  831 [chromium] › tests/e2e/syncfield-daily-production.spec.ts:784:7 › P9 SyncField Daily Production, map annotation, offline queue, and submission › quantity reconciliation excludes rock subsets and overlapping summaries and protects stable work identities (567ms)
  ✓  832 [chromium] › tests/e2e/syncfield-daily-production.spec.ts:1096:5 › company field oversight is scoped and delegation needs an explicit grant (501ms)
{"scenario":"concurrent offline report replay","requests":16,"records":1,"elapsedMs":229}
  ✓  833 [chromium] › tests/e2e/syncfield-daily-production.spec.ts:1117:5 › cold-offline report replay preserves notes, checks map and assignment, and serializes retries (878ms)
  ✓  834 [chromium] › tests/e2e/syncfield-daily-production.spec.ts:1132:5 › company material discrepancy retries preserve custody and only inventory operators resolve them (403ms)
  ✓  835 [chromium] › tests/e2e/syncfield-map-jsa.spec.ts:46:7 › P8 SyncField map foundation and Daily JSA › internal Manager creates immutable private Map Version, Work Zones, and active assignment (166ms)
  ✓  836 [chromium] › tests/e2e/syncfield-map-jsa.spec.ts:127:7 › P8 SyncField map foundation and Daily JSA › assigned forms preserve retries and stop revoked or cross-company access (193ms)
  ✓  837 [chromium] › tests/e2e/syncfield-map-jsa.spec.ts:151:7 › P8 SyncField map foundation and Daily JSA › Partner Foreman opens read-only field map and cannot cross scope or see storage internals (1.5s)
  ✓  838 [chromium] › tests/e2e/syncfield-map-jsa.spec.ts:194:7 › P8 SyncField map foundation and Daily JSA › Crew participation buttons identify the worker and announce the saved state (1.2s)
  ✓  839 [chromium] › tests/e2e/syncfield-map-jsa.spec.ts:206:7 › P8 SyncField map foundation and Daily JSA › Foreman completes one Daily JSA for own Crew without changing mobilization or downstream records (1.3s)
  ✓  840 [chromium] › tests/e2e/syncfield-map-jsa.spec.ts:244:7 › P8 SyncField map foundation and Daily JSA › Partner Admin sees safe JSA history and P9-era field navigation remains QC-safe (1.1s)
  ✓  841 [chromium] › tests/e2e/syncfield-production-exports-dashboard.spec.ts:38:7 › P11 accepted production exports, dashboard, and operational closeout › dashboards aggregate reported vs Customer Accepted without double counting or rates (216ms)
  ✓  842 [chromium] › tests/e2e/syncfield-production-exports-dashboard.spec.ts:59:7 › P11 accepted production exports, dashboard, and operational closeout › CSV export is private, formula-safe, idempotent, and financially inert (162ms)
  ✓  843 [chromium] › tests/e2e/syncfield-production-exports-dashboard.spec.ts:95:7 › P11 accepted production exports, dashboard, and operational closeout › annotated and daily PDFs preserve original map file and include coordinate/report proof (141ms)
  ✓  844 [chromium] › tests/e2e/syncfield-production-exports-dashboard.spec.ts:129:7 › P11 accepted production exports, dashboard, and operational closeout › operational closeout distinguishes open QC/corrections and creates no financial records (251ms)
  ✓  845 [chromium] › tests/e2e/timeline-audit/representative-events.spec.ts:9:7 › Representative timeline and audit certification › system admin can read representative timelines (73ms)
  ✓  846 [chromium] › tests/e2e/timeline-audit/representative-events.spec.ts:16:7 › Representative timeline and audit certification › audit is visible to system admin and denied to read-only auditor where not granted (83ms)
  ✓  847 [chromium] › tests/e2e/ui-feedback-audit.spec.ts:6:7 › Honest queue feedback › QC failure never presents unavailable counts as an empty queue (769ms)
  ✓  848 [chromium] › tests/e2e/ui-feedback-audit.spec.ts:13:7 › Honest queue feedback › invoice summary agrees with a nonempty queue (769ms)
  ✓  849 [chromium] › tests/e2e/ui-feedback-audit.spec.ts:20:7 › Honest queue feedback › production shows the actual mobilization blocker instead of a project-status error (1.1s)
  ✓  850 [chromium] › tests/e2e/ui-feedback-audit.spec.ts:35:7 › Honest queue feedback › QC creation uses supported choices and no raw override JSON (798ms)
  ✓  851 [chromium] › tests/e2e/ui-feedback-audit.spec.ts:46:7 › Correction owner choices › authorized choices expose names rather than private user profiles (119ms)
  ✓  852 [chromium] › tests/e2e/ui-feedback-audit.spec.ts:54:7 › Correction owner choices › read-only user cannot load correction assignment choices (21ms)
  ✓  853 [chromium] › tests/e2e/ui-permission-visibility.spec.ts:12:5 › QC read-only access hides create links and keeps the QC workspace active (972ms)
  ✓  854 [chromium] › tests/e2e/ui-permission-visibility.spec.ts:24:5 › stored fake grants cannot grant access when the server returns no permissions (554ms)
  ✓  855 [chromium] › tests/e2e/ui-permission-visibility.spec.ts:35:5 › unverified identity fails closed with a recovery control (577ms)
  ✓  856 [chromium] › tests/e2e/ui-permission-visibility.spec.ts:43:5 › revoked create access is removed on focus without revoking the read queue (683ms)
  ✓  857 [chromium] › tests/e2e/ui-permission-visibility.spec.ts:55:5 › Operations Manager can inspect QC but cannot create reviews through direct URLs (772ms)
  ✓  858 [chromium] › tests/e2e/ui-permission-visibility.spec.ts:71:5 › finance staff without approval authority cannot see invoice submission or approval (762ms)
  ✓  859 [chromium] › tests/e2e/workflows/accounting-export.spec.ts:12:7 › Critical skeleton: Accounting Export › opens Cedar Ridge accounting export records (762ms)
  ✓  860 [chromium] › tests/e2e/workflows/bank-reconciliation.spec.ts:12:7 › Critical skeleton: Bank Reconciliation › opens Cedar Ridge bank reconciliation records (984ms)
  ✓  861 [chromium] › tests/e2e/workflows/cost-labor-payment.spec.ts:12:7 › Critical skeleton: Cost, labor, and payment execution › opens Cedar Ridge payable, payroll, and payment records (1.1s)
  ✓  862 [chromium] › tests/e2e/workflows/growth-to-opportunity.spec.ts:20:9 › Critical skeleton: Growth to Opportunity › opens Cedar Ridge Signal record (728ms)
  ✓  863 [chromium] › tests/e2e/workflows/growth-to-opportunity.spec.ts:20:9 › Critical skeleton: Growth to Opportunity › opens Cedar Ridge Organization record (660ms)
  ✓  864 [chromium] › tests/e2e/workflows/growth-to-opportunity.spec.ts:20:9 › Critical skeleton: Growth to Opportunity › opens Cedar Ridge Contact record (682ms)
  ✓  865 [chromium] › tests/e2e/workflows/growth-to-opportunity.spec.ts:20:9 › Critical skeleton: Growth to Opportunity › opens Cedar Ridge Relationship Map record (618ms)
  ✓  866 [chromium] › tests/e2e/workflows/growth-to-opportunity.spec.ts:20:9 › Critical skeleton: Growth to Opportunity › opens Cedar Ridge Opportunity Candidate record (601ms)
  ✓  867 [chromium] › tests/e2e/workflows/growth-to-opportunity.spec.ts:20:9 › Critical skeleton: Growth to Opportunity › opens Cedar Ridge Opportunity record (573ms)
  ✓  868 [chromium] › tests/e2e/workflows/opportunity-to-project.spec.ts:12:7 › Critical skeleton: Opportunity to Project › opens Cedar Ridge coverage and project records (988ms)
  ✓  869 [chromium] › tests/e2e/workflows/project-to-qc.spec.ts:13:7 › Critical skeleton: Project to QC › opens Cedar Ridge execution records (1.1s)
  ✓  870 [chromium] › tests/e2e/workflows/revenue-cycle.spec.ts:12:7 › Critical skeleton: Revenue cycle › opens Cedar Ridge revenue records (1.4s)

  870 passed (22.5m)
