
> syncos@0.1.0 e2e:certification
> playwright test tests/e2e/internal-workforce.spec.ts tests/e2e/partner-admin-invitations.spec.ts tests/e2e/production-readiness.spec.ts tests/e2e/executive-command-throughput.spec.ts tests/e2e/opportunity-capacity-matching.spec.ts tests/e2e/partner-performance-capacity.spec.ts tests/e2e/payment-retainage-adjustments.spec.ts tests/e2e/accepted-production-financials.spec.ts tests/e2e/syncfield-production-exports-dashboard.spec.ts tests/e2e/syncfield-customer-qc.spec.ts tests/e2e/syncfield-daily-production.spec.ts tests/e2e/syncfield-map-jsa.spec.ts tests/e2e/partner-portal-shell.spec.ts tests/e2e/partner-mobilization-readiness.spec.ts tests/e2e/partner-agreements-work-orders-vehicles.spec.ts tests/e2e/partner-workforce-credentials.spec.ts tests/e2e/partner-compliance-onboarding.spec.ts tests/e2e/route-matrix.spec.ts tests/e2e/workflows tests/e2e/lifecycle tests/e2e/personas tests/e2e/detail-hydration tests/e2e/boundaries tests/e2e/timeline-audit tests/e2e/action-states


Running 706 tests using 1 worker

(node:31118) Warning: The 'NO_COLOR' env is ignored due to the 'FORCE_COLOR' env being set.
(Use `node --trace-warnings ...` to show where the warning was created)
  ✓    1 [chromium] › tests/e2e/accepted-production-financials.spec.ts:39:7 › P12 accepted production financials › production item choices stay tenant-scoped and exclude unauthorized partners (76ms)
  ✓    2 [chromium] › tests/e2e/accepted-production-financials.spec.ts:50:7 › P12 accepted production financials › Customer-accepted production converts to one Billable using Customer rate only (171ms)
  ✓    3 [chromium] › tests/e2e/accepted-production-financials.spec.ts:66:7 › P12 accepted production financials › Invoice, cash, payment application, and invoice balance stay in Customer revenue chain (135ms)
  ✓    4 [chromium] › tests/e2e/accepted-production-financials.spec.ts:90:7 › P12 accepted production financials › Partner settlement, Contractor Payable, and pay-when-paid eligibility use Partner rate (340ms)
  ✓    5 [chromium] › tests/e2e/accepted-production-financials.spec.ts:120:7 › P12 accepted production financials › Partner Admin sees own settlement without Customer rate or margin; Foreman and Partner B are denied (33ms)
  ✓    6 [chromium] › tests/e2e/accepted-production-financials.spec.ts:131:7 › P12 accepted production financials › Customer and Partner coil commercial policies are independent and preserve base accepted quantity (154ms)
  ✓    7 [chromium] › tests/e2e/accepted-production-financials.spec.ts:176:7 › P12 accepted production financials › Editing a schedule cannot change an already approved partner rate (83ms)
  ✓    8 [chromium] › tests/e2e/accepted-production-financials.spec.ts:186:7 › P12 accepted production financials › Post-billing Customer QC change creates exception without rewriting issued invoice or Billable (65ms)
  ✓    9 [chromium] › tests/e2e/accepted-production-financials.spec.ts:347:5 › a newer pending customer QC cycle blocks readiness using an older accepted decision (379ms)
  ✓   10 [chromium] › tests/e2e/accepted-production-financials.spec.ts:384:6 › Financial handoff completion safeguards › workflow choices are tenant-scoped; cash retry and duplicate settlement cannot double financial facts (404ms)
  ✓   11 [chromium] › tests/e2e/accepted-production-financials.spec.ts:404:6 › Financial handoff completion safeguards › accepted correction production code controls locked customer rate, preserving original record (262ms)
  ✓   12 [chromium] › tests/e2e/accepted-production-financials.spec.ts:422:5 › targeted reinspection retains unrelated accepted production while unresolved corrected work stays blocked (334ms)
  ✓   13 [chromium] › tests/e2e/accepted-production-financials.spec.ts:464:5 › four-decimal approved rates survive conversion and invoice storage without early rounding (330ms)
  ✓   14 [chromium] › tests/e2e/accepted-production-financials.spec.ts:482:5 › agreement UI approves a reviewed business calendar and shows its history (2.0s)
  ✓   15 [chromium] › tests/e2e/action-states/action-state-boundaries.spec.ts:33:9 › Action-state boundaries — open/cancel must not mutate forbidden tables › [Production] prodDraft: cancel does not mutate forbidden tables (2.3s)
  ✓   16 [chromium] › tests/e2e/action-states/action-state-boundaries.spec.ts:33:9 › Action-state boundaries — open/cancel must not mutate forbidden tables › [Production] prodSubmitted: cancel does not mutate forbidden tables (1.7s)
  ✓   17 [chromium] › tests/e2e/action-states/action-state-boundaries.spec.ts:33:9 › Action-state boundaries — open/cancel must not mutate forbidden tables › [Production] prodUnderReview: cancel does not mutate forbidden tables (1.8s)
  ✓   18 [chromium] › tests/e2e/action-states/action-state-boundaries.spec.ts:33:9 › Action-state boundaries — open/cancel must not mutate forbidden tables › [Production] prodCorrectionRequested: cancel does not mutate forbidden tables (1.7s)
  ✓   19 [chromium] › tests/e2e/action-states/action-state-boundaries.spec.ts:33:9 › Action-state boundaries — open/cancel must not mutate forbidden tables › [Production] prodApprovedNotMarked: cancel does not mutate forbidden tables (1.7s)
  ✓   20 [chromium] › tests/e2e/action-states/action-state-boundaries.spec.ts:33:9 › Action-state boundaries — open/cancel must not mutate forbidden tables › [Production] prodVoid: cancel does not mutate forbidden tables (2.1s)
  ✓   21 [chromium] › tests/e2e/action-states/action-state-boundaries.spec.ts:33:9 › Action-state boundaries — open/cancel must not mutate forbidden tables › [QC] qcPending: cancel does not mutate forbidden tables (1.8s)
  ✓   22 [chromium] › tests/e2e/action-states/action-state-boundaries.spec.ts:33:9 › Action-state boundaries — open/cancel must not mutate forbidden tables › [QC] qcInReview: cancel does not mutate forbidden tables (1.8s)
  ✓   23 [chromium] › tests/e2e/action-states/action-state-boundaries.spec.ts:33:9 › Action-state boundaries — open/cancel must not mutate forbidden tables › [QC] qcCorrectionRequested: cancel does not mutate forbidden tables (1.9s)
  ✓   24 [chromium] › tests/e2e/action-states/action-state-boundaries.spec.ts:33:9 › Action-state boundaries — open/cancel must not mutate forbidden tables › [QC] qcVoid: cancel does not mutate forbidden tables (2.3s)
  ✓   25 [chromium] › tests/e2e/action-states/action-state-boundaries.spec.ts:33:9 › Action-state boundaries — open/cancel must not mutate forbidden tables › [Billable] billableDraft: cancel does not mutate forbidden tables (1.9s)
  ✓   26 [chromium] › tests/e2e/action-states/action-state-boundaries.spec.ts:33:9 › Action-state boundaries — open/cancel must not mutate forbidden tables › [Billable] billableOnHold: cancel does not mutate forbidden tables (1.8s)
  ✓   27 [chromium] › tests/e2e/action-states/action-state-boundaries.spec.ts:33:9 › Action-state boundaries — open/cancel must not mutate forbidden tables › [Billable] billableDisputed: cancel does not mutate forbidden tables (1.8s)
  ✓   28 [chromium] › tests/e2e/action-states/action-state-boundaries.spec.ts:33:9 › Action-state boundaries — open/cancel must not mutate forbidden tables › [Billable] billableVoid: cancel does not mutate forbidden tables (1.9s)
  ✓   29 [chromium] › tests/e2e/action-states/action-state-boundaries.spec.ts:33:9 › Action-state boundaries — open/cancel must not mutate forbidden tables › [Settlement] settlementDraft: cancel does not mutate forbidden tables (2.1s)
  ✓   30 [chromium] › tests/e2e/action-states/action-state-boundaries.spec.ts:33:9 › Action-state boundaries — open/cancel must not mutate forbidden tables › [Settlement] settlementItemDraft: cancel does not mutate forbidden tables (1.8s)
  ✓   31 [chromium] › tests/e2e/action-states/action-state-boundaries.spec.ts:33:9 › Action-state boundaries — open/cancel must not mutate forbidden tables › [Settlement] settlementUnderReview: cancel does not mutate forbidden tables (2.1s)
  ✓   32 [chromium] › tests/e2e/action-states/action-state-boundaries.spec.ts:33:9 › Action-state boundaries — open/cancel must not mutate forbidden tables › [Settlement] settlementApproved: cancel does not mutate forbidden tables (2.0s)
  ✓   33 [chromium] › tests/e2e/action-states/action-state-boundaries.spec.ts:33:9 › Action-state boundaries — open/cancel must not mutate forbidden tables › [Settlement] settlementDisputed: cancel does not mutate forbidden tables (1.9s)
  ✓   34 [chromium] › tests/e2e/action-states/action-state-boundaries.spec.ts:33:9 › Action-state boundaries — open/cancel must not mutate forbidden tables › [Settlement] settlementVoid: cancel does not mutate forbidden tables (1.9s)
  ✓   35 [chromium] › tests/e2e/action-states/action-state-boundaries.spec.ts:33:9 › Action-state boundaries — open/cancel must not mutate forbidden tables › [Invoice] invoiceDraft: cancel does not mutate forbidden tables (1.6s)
  ✓   36 [chromium] › tests/e2e/action-states/action-state-boundaries.spec.ts:33:9 › Action-state boundaries — open/cancel must not mutate forbidden tables › [Invoice] invoiceItemDraft: cancel does not mutate forbidden tables (1.9s)
  ✓   37 [chromium] › tests/e2e/action-states/action-state-boundaries.spec.ts:33:9 › Action-state boundaries — open/cancel must not mutate forbidden tables › [Invoice] invoiceUnderReview: cancel does not mutate forbidden tables (1.9s)
  ✓   38 [chromium] › tests/e2e/action-states/action-state-boundaries.spec.ts:33:9 › Action-state boundaries — open/cancel must not mutate forbidden tables › [Invoice] invoiceApproved: cancel does not mutate forbidden tables (2.0s)
  ✓   39 [chromium] › tests/e2e/action-states/action-state-boundaries.spec.ts:33:9 › Action-state boundaries — open/cancel must not mutate forbidden tables › [Invoice] invoiceDisputed: cancel does not mutate forbidden tables (2.2s)
  ✓   40 [chromium] › tests/e2e/action-states/action-state-boundaries.spec.ts:33:9 › Action-state boundaries — open/cancel must not mutate forbidden tables › [Invoice] invoiceVoid: cancel does not mutate forbidden tables (2.0s)
  ✓   41 [chromium] › tests/e2e/action-states/action-state-boundaries.spec.ts:33:9 › Action-state boundaries — open/cancel must not mutate forbidden tables › [Cash] cashReceiptUnapplied: cancel does not mutate forbidden tables (2.0s)
  ✓   42 [chromium] › tests/e2e/action-states/action-state-boundaries.spec.ts:33:9 › Action-state boundaries — open/cancel must not mutate forbidden tables › [Cash] cashReceiptVoidTarget: cancel does not mutate forbidden tables (1.9s)
  ✓   43 [chromium] › tests/e2e/action-states/action-state-boundaries.spec.ts:33:9 › Action-state boundaries — open/cancel must not mutate forbidden tables › [Cash] cashReceiptVoid: cancel does not mutate forbidden tables (2.0s)
  ✓   44 [chromium] › tests/e2e/action-states/action-state-boundaries.spec.ts:33:9 › Action-state boundaries — open/cancel must not mutate forbidden tables › [Cash] paymentApplicationApplied: cancel does not mutate forbidden tables (1.8s)
  ✓   45 [chromium] › tests/e2e/action-states/action-state-boundaries.spec.ts:33:9 › Action-state boundaries — open/cancel must not mutate forbidden tables › [Cash] paymentApplicationVoid: cancel does not mutate forbidden tables (2.2s)
  ✓   46 [chromium] › tests/e2e/action-states/action-state-boundaries.spec.ts:33:9 › Action-state boundaries — open/cancel must not mutate forbidden tables › [Collections] collectionCaseOpen: cancel does not mutate forbidden tables (2.0s)
  ✓   47 [chromium] › tests/e2e/action-states/action-state-boundaries.spec.ts:33:9 › Action-state boundaries — open/cancel must not mutate forbidden tables › [Collections] collectionCaseClosed: cancel does not mutate forbidden tables (2.6s)
  ✓   48 [chromium] › tests/e2e/action-states/action-state-boundaries.spec.ts:33:9 › Action-state boundaries — open/cancel must not mutate forbidden tables › [Collections] collectionActionPlanned: cancel does not mutate forbidden tables (1.8s)
  ✓   49 [chromium] › tests/e2e/action-states/action-state-boundaries.spec.ts:33:9 › Action-state boundaries — open/cancel must not mutate forbidden tables › [Collections] collectionActionCompleted: cancel does not mutate forbidden tables (1.9s)
  ✓   50 [chromium] › tests/e2e/action-states/action-state-boundaries.spec.ts:33:9 › Action-state boundaries — open/cancel must not mutate forbidden tables › [Contractor Payable] cpayDraft: cancel does not mutate forbidden tables (2.0s)
  ✓   51 [chromium] › tests/e2e/action-states/action-state-boundaries.spec.ts:33:9 › Action-state boundaries — open/cancel must not mutate forbidden tables › [Contractor Payable] cpayItemDraft: cancel does not mutate forbidden tables (2.0s)
  ✓   52 [chromium] › tests/e2e/action-states/action-state-boundaries.spec.ts:33:9 › Action-state boundaries — open/cancel must not mutate forbidden tables › [Contractor Payable] cpayUnderReview: cancel does not mutate forbidden tables (2.3s)
  ✓   53 [chromium] › tests/e2e/action-states/action-state-boundaries.spec.ts:33:9 › Action-state boundaries — open/cancel must not mutate forbidden tables › [Contractor Payable] cpayApproved: cancel does not mutate forbidden tables (2.3s)
  ✓   54 [chromium] › tests/e2e/action-states/action-state-boundaries.spec.ts:33:9 › Action-state boundaries — open/cancel must not mutate forbidden tables › [Contractor Payable] cpayDisputed: cancel does not mutate forbidden tables (2.2s)
  ✓   55 [chromium] › tests/e2e/action-states/action-state-boundaries.spec.ts:33:9 › Action-state boundaries — open/cancel must not mutate forbidden tables › [Contractor Payable] cpayVoid: cancel does not mutate forbidden tables (2.1s)
  ✓   56 [chromium] › tests/e2e/action-states/action-state-boundaries.spec.ts:33:9 › Action-state boundaries — open/cancel must not mutate forbidden tables › [Payroll] payrollDraft: cancel does not mutate forbidden tables (2.2s)
  ✓   57 [chromium] › tests/e2e/action-states/action-state-boundaries.spec.ts:33:9 › Action-state boundaries — open/cancel must not mutate forbidden tables › [Payroll] payrollItemDraft: cancel does not mutate forbidden tables (1.9s)
  ✓   58 [chromium] › tests/e2e/action-states/action-state-boundaries.spec.ts:33:9 › Action-state boundaries — open/cancel must not mutate forbidden tables › [Payroll] payrollUnderReview: cancel does not mutate forbidden tables (2.0s)
  ✓   59 [chromium] › tests/e2e/action-states/action-state-boundaries.spec.ts:33:9 › Action-state boundaries — open/cancel must not mutate forbidden tables › [Payroll] payrollApproved: cancel does not mutate forbidden tables (1.6s)
  ✓   60 [chromium] › tests/e2e/action-states/action-state-boundaries.spec.ts:33:9 › Action-state boundaries — open/cancel must not mutate forbidden tables › [Payroll] payrollDisputed: cancel does not mutate forbidden tables (1.9s)
  ✓   61 [chromium] › tests/e2e/action-states/action-state-boundaries.spec.ts:33:9 › Action-state boundaries — open/cancel must not mutate forbidden tables › [Payroll] payrollVoid: cancel does not mutate forbidden tables (1.9s)
  ✓   62 [chromium] › tests/e2e/action-states/action-state-boundaries.spec.ts:33:9 › Action-state boundaries — open/cancel must not mutate forbidden tables › [Payment Execution] paymentBatchDraft: cancel does not mutate forbidden tables (2.1s)
  ✓   63 [chromium] › tests/e2e/action-states/action-state-boundaries.spec.ts:33:9 › Action-state boundaries — open/cancel must not mutate forbidden tables › [Payment Execution] paymentItemDraft: cancel does not mutate forbidden tables (2.0s)
  ✓   64 [chromium] › tests/e2e/action-states/action-state-boundaries.spec.ts:33:9 › Action-state boundaries — open/cancel must not mutate forbidden tables › [Payment Execution] paymentBatchUnderReview: cancel does not mutate forbidden tables (2.3s)
  ✓   65 [chromium] › tests/e2e/action-states/action-state-boundaries.spec.ts:33:9 › Action-state boundaries — open/cancel must not mutate forbidden tables › [Payment Execution] paymentBatchApproved: cancel does not mutate forbidden tables (2.1s)
  ✓   66 [chromium] › tests/e2e/action-states/action-state-boundaries.spec.ts:33:9 › Action-state boundaries — open/cancel must not mutate forbidden tables › [Payment Execution] paymentBatchScheduled: cancel does not mutate forbidden tables (1.9s)
  ✓   67 [chromium] › tests/e2e/action-states/action-state-boundaries.spec.ts:33:9 › Action-state boundaries — open/cancel must not mutate forbidden tables › [Payment Execution] paymentBatchExecutionSubmitted: cancel does not mutate forbidden tables (2.5s)
  ✓   68 [chromium] › tests/e2e/action-states/action-state-boundaries.spec.ts:33:9 › Action-state boundaries — open/cancel must not mutate forbidden tables › [Payment Execution] paymentBatchVoidTarget: cancel does not mutate forbidden tables (1.8s)
  ✓   69 [chromium] › tests/e2e/action-states/action-state-boundaries.spec.ts:33:9 › Action-state boundaries — open/cancel must not mutate forbidden tables › [Payment Execution] paymentBatchVoid: cancel does not mutate forbidden tables (2.3s)
  ✓   70 [chromium] › tests/e2e/action-states/action-state-boundaries.spec.ts:33:9 › Action-state boundaries — open/cancel must not mutate forbidden tables › [Bank Reconciliation] bankAccountArchivable: cancel does not mutate forbidden tables (1.7s)
  ✓   71 [chromium] › tests/e2e/action-states/action-state-boundaries.spec.ts:33:9 › Action-state boundaries — open/cancel must not mutate forbidden tables › [Bank Reconciliation] bankTxnUnmatchedDebit: cancel does not mutate forbidden tables (1.7s)
  ✓   72 [chromium] › tests/e2e/action-states/action-state-boundaries.spec.ts:33:9 › Action-state boundaries — open/cancel must not mutate forbidden tables › [Bank Reconciliation] bankTxnUnmatchedCredit: cancel does not mutate forbidden tables (1.9s)
  ✓   73 [chromium] › tests/e2e/action-states/action-state-boundaries.spec.ts:33:9 › Action-state boundaries — open/cancel must not mutate forbidden tables › [Bank Reconciliation] bankTxnExceptionNone: cancel does not mutate forbidden tables (1.7s)
  ✓   74 [chromium] › tests/e2e/action-states/action-state-boundaries.spec.ts:33:9 › Action-state boundaries — open/cancel must not mutate forbidden tables › [Bank Reconciliation] bankTxnExceptionOpen: cancel does not mutate forbidden tables (1.6s)
  ✓   75 [chromium] › tests/e2e/action-states/action-state-boundaries.spec.ts:33:9 › Action-state boundaries — open/cancel must not mutate forbidden tables › [Bank Reconciliation] bankTxnIgnorable: cancel does not mutate forbidden tables (1.8s)
  ✓   76 [chromium] › tests/e2e/action-states/action-state-boundaries.spec.ts:33:9 › Action-state boundaries — open/cancel must not mutate forbidden tables › [Bank Reconciliation] reconMatchProposed: cancel does not mutate forbidden tables (1.6s)
  ✓   77 [chromium] › tests/e2e/action-states/action-state-boundaries.spec.ts:33:9 › Action-state boundaries — open/cancel must not mutate forbidden tables › [Accounting Export] aexDraft: cancel does not mutate forbidden tables (1.7s)
  ✓   78 [chromium] › tests/e2e/action-states/action-state-boundaries.spec.ts:33:9 › Action-state boundaries — open/cancel must not mutate forbidden tables › [Accounting Export] aexItemDraft: cancel does not mutate forbidden tables (1.5s)
  ✓   79 [chromium] › tests/e2e/action-states/action-state-boundaries.spec.ts:33:9 › Action-state boundaries — open/cancel must not mutate forbidden tables › [Accounting Export] aexGenerated: cancel does not mutate forbidden tables (1.7s)
  ✓   80 [chromium] › tests/e2e/action-states/action-state-boundaries.spec.ts:33:9 › Action-state boundaries — open/cancel must not mutate forbidden tables › [Accounting Export] aexUnderReview: cancel does not mutate forbidden tables (1.9s)
  ✓   81 [chromium] › tests/e2e/action-states/action-state-boundaries.spec.ts:33:9 › Action-state boundaries — open/cancel must not mutate forbidden tables › [Accounting Export] aexSubmitted: cancel does not mutate forbidden tables (1.9s)
  ✓   82 [chromium] › tests/e2e/action-states/action-state-boundaries.spec.ts:33:9 › Action-state boundaries — open/cancel must not mutate forbidden tables › [Accounting Export] aexCancelable: cancel does not mutate forbidden tables (2.0s)
  ✓   83 [chromium] › tests/e2e/action-states/action-state-modals.spec.ts:25:9 › Action-state modals — open, inspect, cancel › [Production] prodDraft: modal opens and cancels cleanly (1.6s)
  ✓   84 [chromium] › tests/e2e/action-states/action-state-modals.spec.ts:25:9 › Action-state modals — open, inspect, cancel › [Production] prodSubmitted: modal opens and cancels cleanly (1.5s)
  ✓   85 [chromium] › tests/e2e/action-states/action-state-modals.spec.ts:25:9 › Action-state modals — open, inspect, cancel › [Production] prodUnderReview: modal opens and cancels cleanly (1.4s)
  ✓   86 [chromium] › tests/e2e/action-states/action-state-modals.spec.ts:25:9 › Action-state modals — open, inspect, cancel › [Production] prodCorrectionRequested: modal opens and cancels cleanly (1.4s)
  ✓   87 [chromium] › tests/e2e/action-states/action-state-modals.spec.ts:25:9 › Action-state modals — open, inspect, cancel › [Production] prodApprovedNotMarked: modal opens and cancels cleanly (1.3s)
  ✓   88 [chromium] › tests/e2e/action-states/action-state-modals.spec.ts:25:9 › Action-state modals — open, inspect, cancel › [Production] prodVoid: modal opens and cancels cleanly (1.5s)
  ✓   89 [chromium] › tests/e2e/action-states/action-state-modals.spec.ts:25:9 › Action-state modals — open, inspect, cancel › [QC] qcPending: modal opens and cancels cleanly (1.4s)
  ✓   90 [chromium] › tests/e2e/action-states/action-state-modals.spec.ts:25:9 › Action-state modals — open, inspect, cancel › [QC] qcInReview: modal opens and cancels cleanly (1.4s)
  ✓   91 [chromium] › tests/e2e/action-states/action-state-modals.spec.ts:25:9 › Action-state modals — open, inspect, cancel › [QC] qcCorrectionRequested: modal opens and cancels cleanly (1.4s)
  ✓   92 [chromium] › tests/e2e/action-states/action-state-modals.spec.ts:25:9 › Action-state modals — open, inspect, cancel › [QC] qcVoid: modal opens and cancels cleanly (1.5s)
  ✓   93 [chromium] › tests/e2e/action-states/action-state-modals.spec.ts:25:9 › Action-state modals — open, inspect, cancel › [Billable] billableDraft: modal opens and cancels cleanly (1.4s)
  ✓   94 [chromium] › tests/e2e/action-states/action-state-modals.spec.ts:25:9 › Action-state modals — open, inspect, cancel › [Billable] billableOnHold: modal opens and cancels cleanly (1.5s)
  ✓   95 [chromium] › tests/e2e/action-states/action-state-modals.spec.ts:25:9 › Action-state modals — open, inspect, cancel › [Billable] billableDisputed: modal opens and cancels cleanly (1.8s)
  ✓   96 [chromium] › tests/e2e/action-states/action-state-modals.spec.ts:25:9 › Action-state modals — open, inspect, cancel › [Billable] billableVoid: modal opens and cancels cleanly (1.9s)
  ✓   97 [chromium] › tests/e2e/action-states/action-state-modals.spec.ts:25:9 › Action-state modals — open, inspect, cancel › [Settlement] settlementDraft: modal opens and cancels cleanly (1.5s)
  ✓   98 [chromium] › tests/e2e/action-states/action-state-modals.spec.ts:25:9 › Action-state modals — open, inspect, cancel › [Settlement] settlementItemDraft: modal opens and cancels cleanly (1.4s)
  ✓   99 [chromium] › tests/e2e/action-states/action-state-modals.spec.ts:25:9 › Action-state modals — open, inspect, cancel › [Settlement] settlementUnderReview: modal opens and cancels cleanly (1.5s)
  ✓  100 [chromium] › tests/e2e/action-states/action-state-modals.spec.ts:25:9 › Action-state modals — open, inspect, cancel › [Settlement] settlementApproved: modal opens and cancels cleanly (1.4s)
  ✓  101 [chromium] › tests/e2e/action-states/action-state-modals.spec.ts:25:9 › Action-state modals — open, inspect, cancel › [Settlement] settlementDisputed: modal opens and cancels cleanly (1.4s)
  ✓  102 [chromium] › tests/e2e/action-states/action-state-modals.spec.ts:25:9 › Action-state modals — open, inspect, cancel › [Settlement] settlementVoid: modal opens and cancels cleanly (1.5s)
  ✓  103 [chromium] › tests/e2e/action-states/action-state-modals.spec.ts:25:9 › Action-state modals — open, inspect, cancel › [Invoice] invoiceDraft: modal opens and cancels cleanly (1.4s)
  ✓  104 [chromium] › tests/e2e/action-states/action-state-modals.spec.ts:25:9 › Action-state modals — open, inspect, cancel › [Invoice] invoiceItemDraft: modal opens and cancels cleanly (1.5s)
  ✓  105 [chromium] › tests/e2e/action-states/action-state-modals.spec.ts:25:9 › Action-state modals — open, inspect, cancel › [Invoice] invoiceUnderReview: modal opens and cancels cleanly (1.4s)
  ✓  106 [chromium] › tests/e2e/action-states/action-state-modals.spec.ts:25:9 › Action-state modals — open, inspect, cancel › [Invoice] invoiceApproved: modal opens and cancels cleanly (1.5s)
  ✓  107 [chromium] › tests/e2e/action-states/action-state-modals.spec.ts:25:9 › Action-state modals — open, inspect, cancel › [Invoice] invoiceDisputed: modal opens and cancels cleanly (1.5s)
  ✓  108 [chromium] › tests/e2e/action-states/action-state-modals.spec.ts:25:9 › Action-state modals — open, inspect, cancel › [Invoice] invoiceVoid: modal opens and cancels cleanly (1.5s)
  ✓  109 [chromium] › tests/e2e/action-states/action-state-modals.spec.ts:25:9 › Action-state modals — open, inspect, cancel › [Cash] cashReceiptUnapplied: modal opens and cancels cleanly (1.4s)
  ✓  110 [chromium] › tests/e2e/action-states/action-state-modals.spec.ts:25:9 › Action-state modals — open, inspect, cancel › [Cash] cashReceiptVoidTarget: modal opens and cancels cleanly (1.4s)
  ✓  111 [chromium] › tests/e2e/action-states/action-state-modals.spec.ts:25:9 › Action-state modals — open, inspect, cancel › [Cash] cashReceiptVoid: modal opens and cancels cleanly (1.7s)
  ✓  112 [chromium] › tests/e2e/action-states/action-state-modals.spec.ts:25:9 › Action-state modals — open, inspect, cancel › [Cash] paymentApplicationApplied: modal opens and cancels cleanly (1.5s)
  ✓  113 [chromium] › tests/e2e/action-states/action-state-modals.spec.ts:25:9 › Action-state modals — open, inspect, cancel › [Cash] paymentApplicationVoid: modal opens and cancels cleanly (1.8s)
  ✓  114 [chromium] › tests/e2e/action-states/action-state-modals.spec.ts:25:9 › Action-state modals — open, inspect, cancel › [Collections] collectionCaseOpen: modal opens and cancels cleanly (1.4s)
  ✓  115 [chromium] › tests/e2e/action-states/action-state-modals.spec.ts:25:9 › Action-state modals — open, inspect, cancel › [Collections] collectionCaseClosed: modal opens and cancels cleanly (1.7s)
  ✓  116 [chromium] › tests/e2e/action-states/action-state-modals.spec.ts:25:9 › Action-state modals — open, inspect, cancel › [Collections] collectionActionPlanned: modal opens and cancels cleanly (1.7s)
  ✓  117 [chromium] › tests/e2e/action-states/action-state-modals.spec.ts:25:9 › Action-state modals — open, inspect, cancel › [Collections] collectionActionCompleted: modal opens and cancels cleanly (1.6s)
  ✓  118 [chromium] › tests/e2e/action-states/action-state-modals.spec.ts:25:9 › Action-state modals — open, inspect, cancel › [Contractor Payable] cpayDraft: modal opens and cancels cleanly (2.0s)
  ✓  119 [chromium] › tests/e2e/action-states/action-state-modals.spec.ts:25:9 › Action-state modals — open, inspect, cancel › [Contractor Payable] cpayItemDraft: modal opens and cancels cleanly (2.0s)
  ✓  120 [chromium] › tests/e2e/action-states/action-state-modals.spec.ts:25:9 › Action-state modals — open, inspect, cancel › [Contractor Payable] cpayUnderReview: modal opens and cancels cleanly (2.0s)
  ✓  121 [chromium] › tests/e2e/action-states/action-state-modals.spec.ts:25:9 › Action-state modals — open, inspect, cancel › [Contractor Payable] cpayApproved: modal opens and cancels cleanly (3.4s)
  ✓  122 [chromium] › tests/e2e/action-states/action-state-modals.spec.ts:25:9 › Action-state modals — open, inspect, cancel › [Contractor Payable] cpayDisputed: modal opens and cancels cleanly (1.0m)
  ✓  123 [chromium] › tests/e2e/action-states/action-state-modals.spec.ts:25:9 › Action-state modals — open, inspect, cancel › [Contractor Payable] cpayVoid: modal opens and cancels cleanly (5.2s)
  ✓  124 [chromium] › tests/e2e/action-states/action-state-modals.spec.ts:25:9 › Action-state modals — open, inspect, cancel › [Payroll] payrollDraft: modal opens and cancels cleanly (4.7s)
  ✓  125 [chromium] › tests/e2e/action-states/action-state-modals.spec.ts:25:9 › Action-state modals — open, inspect, cancel › [Payroll] payrollItemDraft: modal opens and cancels cleanly (4.6s)
  ✓  126 [chromium] › tests/e2e/action-states/action-state-modals.spec.ts:25:9 › Action-state modals — open, inspect, cancel › [Payroll] payrollUnderReview: modal opens and cancels cleanly (6.1s)
  ✓  127 [chromium] › tests/e2e/action-states/action-state-modals.spec.ts:25:9 › Action-state modals — open, inspect, cancel › [Payroll] payrollApproved: modal opens and cancels cleanly (7.9s)
  ✓  128 [chromium] › tests/e2e/action-states/action-state-modals.spec.ts:25:9 › Action-state modals — open, inspect, cancel › [Payroll] payrollDisputed: modal opens and cancels cleanly (9.8s)
  ✓  129 [chromium] › tests/e2e/action-states/action-state-modals.spec.ts:25:9 › Action-state modals — open, inspect, cancel › [Payroll] payrollVoid: modal opens and cancels cleanly (16.0s)
  ✓  130 [chromium] › tests/e2e/action-states/action-state-modals.spec.ts:25:9 › Action-state modals — open, inspect, cancel › [Payment Execution] paymentBatchDraft: modal opens and cancels cleanly (6.9s)
  ✓  131 [chromium] › tests/e2e/action-states/action-state-modals.spec.ts:25:9 › Action-state modals — open, inspect, cancel › [Payment Execution] paymentItemDraft: modal opens and cancels cleanly (6.7s)
  ✓  132 [chromium] › tests/e2e/action-states/action-state-modals.spec.ts:25:9 › Action-state modals — open, inspect, cancel › [Payment Execution] paymentBatchUnderReview: modal opens and cancels cleanly (6.1s)
  ✓  133 [chromium] › tests/e2e/action-states/action-state-modals.spec.ts:25:9 › Action-state modals — open, inspect, cancel › [Payment Execution] paymentBatchApproved: modal opens and cancels cleanly (5.3s)
  ✓  134 [chromium] › tests/e2e/action-states/action-state-modals.spec.ts:25:9 › Action-state modals — open, inspect, cancel › [Payment Execution] paymentBatchScheduled: modal opens and cancels cleanly (5.5s)
  ✓  135 [chromium] › tests/e2e/action-states/action-state-modals.spec.ts:25:9 › Action-state modals — open, inspect, cancel › [Payment Execution] paymentBatchExecutionSubmitted: modal opens and cancels cleanly (5.8s)
  ✓  136 [chromium] › tests/e2e/action-states/action-state-modals.spec.ts:25:9 › Action-state modals — open, inspect, cancel › [Payment Execution] paymentBatchVoidTarget: modal opens and cancels cleanly (8.3s)
  ✓  137 [chromium] › tests/e2e/action-states/action-state-modals.spec.ts:25:9 › Action-state modals — open, inspect, cancel › [Payment Execution] paymentBatchVoid: modal opens and cancels cleanly (20.5s)
  ✓  138 [chromium] › tests/e2e/action-states/action-state-modals.spec.ts:25:9 › Action-state modals — open, inspect, cancel › [Bank Reconciliation] bankAccountArchivable: modal opens and cancels cleanly (4.8s)
  ✓  139 [chromium] › tests/e2e/action-states/action-state-modals.spec.ts:25:9 › Action-state modals — open, inspect, cancel › [Bank Reconciliation] bankTxnUnmatchedDebit: modal opens and cancels cleanly (4.4s)
  ✓  140 [chromium] › tests/e2e/action-states/action-state-modals.spec.ts:25:9 › Action-state modals — open, inspect, cancel › [Bank Reconciliation] bankTxnUnmatchedCredit: modal opens and cancels cleanly (4.1s)
  ✓  141 [chromium] › tests/e2e/action-states/action-state-modals.spec.ts:25:9 › Action-state modals — open, inspect, cancel › [Bank Reconciliation] bankTxnExceptionNone: modal opens and cancels cleanly (3.7s)
  ✓  142 [chromium] › tests/e2e/action-states/action-state-modals.spec.ts:25:9 › Action-state modals — open, inspect, cancel › [Bank Reconciliation] bankTxnExceptionOpen: modal opens and cancels cleanly (3.8s)
  ✓  143 [chromium] › tests/e2e/action-states/action-state-modals.spec.ts:25:9 › Action-state modals — open, inspect, cancel › [Bank Reconciliation] bankTxnIgnorable: modal opens and cancels cleanly (4.3s)
  ✓  144 [chromium] › tests/e2e/action-states/action-state-modals.spec.ts:25:9 › Action-state modals — open, inspect, cancel › [Bank Reconciliation] reconMatchProposed: modal opens and cancels cleanly (3.9s)
  ✓  145 [chromium] › tests/e2e/action-states/action-state-modals.spec.ts:25:9 › Action-state modals — open, inspect, cancel › [Accounting Export] aexDraft: modal opens and cancels cleanly (4.5s)
  ✓  146 [chromium] › tests/e2e/action-states/action-state-modals.spec.ts:25:9 › Action-state modals — open, inspect, cancel › [Accounting Export] aexItemDraft: modal opens and cancels cleanly (5.9s)
  ✓  147 [chromium] › tests/e2e/action-states/action-state-modals.spec.ts:25:9 › Action-state modals — open, inspect, cancel › [Accounting Export] aexGenerated: modal opens and cancels cleanly (16.5s)
  ✓  148 [chromium] › tests/e2e/action-states/action-state-modals.spec.ts:25:9 › Action-state modals — open, inspect, cancel › [Accounting Export] aexUnderReview: modal opens and cancels cleanly (9.0s)
  ✓  149 [chromium] › tests/e2e/action-states/action-state-modals.spec.ts:25:9 › Action-state modals — open, inspect, cancel › [Accounting Export] aexSubmitted: modal opens and cancels cleanly (5.5s)
  ✓  150 [chromium] › tests/e2e/action-states/action-state-modals.spec.ts:25:9 › Action-state modals — open, inspect, cancel › [Accounting Export] aexCancelable: modal opens and cancels cleanly (5.3s)
  ✓  151 [chromium] › tests/e2e/action-states/action-state-personas.spec.ts:30:11 › Action-state personas — natural persona sees action, read-only does not › [Production] prodDraft › natural persona sees action button (5.2s)
  ✓  152 [chromium] › tests/e2e/action-states/action-state-personas.spec.ts:39:11 › Action-state personas — natural persona sees action, read-only does not › [Production] prodDraft › read-only auditor: route loads but action button hidden or disabled (5.7s)
  ✓  153 [chromium] › tests/e2e/action-states/action-state-personas.spec.ts:30:11 › Action-state personas — natural persona sees action, read-only does not › [Production] prodSubmitted › natural persona sees action button (6.0s)
  ✓  154 [chromium] › tests/e2e/action-states/action-state-personas.spec.ts:39:11 › Action-state personas — natural persona sees action, read-only does not › [Production] prodSubmitted › read-only auditor: route loads but action button hidden or disabled (8.4s)
  ✓  155 [chromium] › tests/e2e/action-states/action-state-personas.spec.ts:30:11 › Action-state personas — natural persona sees action, read-only does not › [Production] prodUnderReview › natural persona sees action button (6.8s)
  ✓  156 [chromium] › tests/e2e/action-states/action-state-personas.spec.ts:39:11 › Action-state personas — natural persona sees action, read-only does not › [Production] prodUnderReview › read-only auditor: route loads but action button hidden or disabled (6.7s)
  ✓  157 [chromium] › tests/e2e/action-states/action-state-personas.spec.ts:30:11 › Action-state personas — natural persona sees action, read-only does not › [Production] prodCorrectionRequested › natural persona sees action button (4.9s)
  ✓  158 [chromium] › tests/e2e/action-states/action-state-personas.spec.ts:39:11 › Action-state personas — natural persona sees action, read-only does not › [Production] prodCorrectionRequested › read-only auditor: route loads but action button hidden or disabled (6.3s)
  ✓  159 [chromium] › tests/e2e/action-states/action-state-personas.spec.ts:30:11 › Action-state personas — natural persona sees action, read-only does not › [Production] prodApprovedNotMarked › natural persona sees action button (7.2s)
  ✓  160 [chromium] › tests/e2e/action-states/action-state-personas.spec.ts:39:11 › Action-state personas — natural persona sees action, read-only does not › [Production] prodApprovedNotMarked › read-only auditor: route loads but action button hidden or disabled (3.8s)
  ✓  161 [chromium] › tests/e2e/action-states/action-state-personas.spec.ts:30:11 › Action-state personas — natural persona sees action, read-only does not › [Production] prodVoid › natural persona sees action button (5.7s)
  ✓  162 [chromium] › tests/e2e/action-states/action-state-personas.spec.ts:39:11 › Action-state personas — natural persona sees action, read-only does not › [Production] prodVoid › read-only auditor: route loads but action button hidden or disabled (4.6s)
  ✓  163 [chromium] › tests/e2e/action-states/action-state-personas.spec.ts:30:11 › Action-state personas — natural persona sees action, read-only does not › [QC] qcPending › natural persona sees action button (4.3s)
  ✓  164 [chromium] › tests/e2e/action-states/action-state-personas.spec.ts:39:11 › Action-state personas — natural persona sees action, read-only does not › [QC] qcPending › read-only auditor: route loads but action button hidden or disabled (4.0s)
  ✓  165 [chromium] › tests/e2e/action-states/action-state-personas.spec.ts:30:11 › Action-state personas — natural persona sees action, read-only does not › [QC] qcInReview › natural persona sees action button (4.0s)
  ✓  166 [chromium] › tests/e2e/action-states/action-state-personas.spec.ts:39:11 › Action-state personas — natural persona sees action, read-only does not › [QC] qcInReview › read-only auditor: route loads but action button hidden or disabled (3.3s)
  ✓  167 [chromium] › tests/e2e/action-states/action-state-personas.spec.ts:30:11 › Action-state personas — natural persona sees action, read-only does not › [QC] qcCorrectionRequested › natural persona sees action button (3.7s)
  ✓  168 [chromium] › tests/e2e/action-states/action-state-personas.spec.ts:39:11 › Action-state personas — natural persona sees action, read-only does not › [QC] qcCorrectionRequested › read-only auditor: route loads but action button hidden or disabled (3.6s)
  ✓  169 [chromium] › tests/e2e/action-states/action-state-personas.spec.ts:30:11 › Action-state personas — natural persona sees action, read-only does not › [QC] qcVoid › natural persona sees action button (6.7s)
  ✓  170 [chromium] › tests/e2e/action-states/action-state-personas.spec.ts:39:11 › Action-state personas — natural persona sees action, read-only does not › [QC] qcVoid › read-only auditor: route loads but action button hidden or disabled (4.8s)
  ✓  171 [chromium] › tests/e2e/action-states/action-state-personas.spec.ts:30:11 › Action-state personas — natural persona sees action, read-only does not › [Billable] billableDraft › natural persona sees action button (7.8s)
  ✓  172 [chromium] › tests/e2e/action-states/action-state-personas.spec.ts:39:11 › Action-state personas — natural persona sees action, read-only does not › [Billable] billableDraft › read-only auditor: route loads but action button hidden or disabled (10.3s)
  ✓  173 [chromium] › tests/e2e/action-states/action-state-personas.spec.ts:30:11 › Action-state personas — natural persona sees action, read-only does not › [Billable] billableOnHold › natural persona sees action button (10.1s)
  ✓  174 [chromium] › tests/e2e/action-states/action-state-personas.spec.ts:39:11 › Action-state personas — natural persona sees action, read-only does not › [Billable] billableOnHold › read-only auditor: route loads but action button hidden or disabled (5.1s)
  ✓  175 [chromium] › tests/e2e/action-states/action-state-personas.spec.ts:30:11 › Action-state personas — natural persona sees action, read-only does not › [Billable] billableDisputed › natural persona sees action button (6.0s)
  ✓  176 [chromium] › tests/e2e/action-states/action-state-personas.spec.ts:39:11 › Action-state personas — natural persona sees action, read-only does not › [Billable] billableDisputed › read-only auditor: route loads but action button hidden or disabled (4.5s)
  ✓  177 [chromium] › tests/e2e/action-states/action-state-personas.spec.ts:30:11 › Action-state personas — natural persona sees action, read-only does not › [Billable] billableVoid › natural persona sees action button (5.8s)
  ✓  178 [chromium] › tests/e2e/action-states/action-state-personas.spec.ts:39:11 › Action-state personas — natural persona sees action, read-only does not › [Billable] billableVoid › read-only auditor: route loads but action button hidden or disabled (3.9s)
  ✓  179 [chromium] › tests/e2e/action-states/action-state-personas.spec.ts:30:11 › Action-state personas — natural persona sees action, read-only does not › [Settlement] settlementDraft › natural persona sees action button (3.7s)
  ✓  180 [chromium] › tests/e2e/action-states/action-state-personas.spec.ts:39:11 › Action-state personas — natural persona sees action, read-only does not › [Settlement] settlementDraft › read-only auditor: route loads but action button hidden or disabled (3.7s)
  ✓  181 [chromium] › tests/e2e/action-states/action-state-personas.spec.ts:30:11 › Action-state personas — natural persona sees action, read-only does not › [Settlement] settlementItemDraft › natural persona sees action button (4.4s)
  ✓  182 [chromium] › tests/e2e/action-states/action-state-personas.spec.ts:39:11 › Action-state personas — natural persona sees action, read-only does not › [Settlement] settlementItemDraft › read-only auditor: route loads but action button hidden or disabled (3.5s)
  ✓  183 [chromium] › tests/e2e/action-states/action-state-personas.spec.ts:30:11 › Action-state personas — natural persona sees action, read-only does not › [Settlement] settlementUnderReview › natural persona sees action button (3.4s)
  ✓  184 [chromium] › tests/e2e/action-states/action-state-personas.spec.ts:39:11 › Action-state personas — natural persona sees action, read-only does not › [Settlement] settlementUnderReview › read-only auditor: route loads but action button hidden or disabled (3.0s)
  ✓  185 [chromium] › tests/e2e/action-states/action-state-personas.spec.ts:30:11 › Action-state personas — natural persona sees action, read-only does not › [Settlement] settlementApproved › natural persona sees action button (3.8s)
  ✓  186 [chromium] › tests/e2e/action-states/action-state-personas.spec.ts:39:11 › Action-state personas — natural persona sees action, read-only does not › [Settlement] settlementApproved › read-only auditor: route loads but action button hidden or disabled (8.2s)
  ✓  187 [chromium] › tests/e2e/action-states/action-state-personas.spec.ts:30:11 › Action-state personas — natural persona sees action, read-only does not › [Settlement] settlementDisputed › natural persona sees action button (10.7s)
  ✓  188 [chromium] › tests/e2e/action-states/action-state-personas.spec.ts:39:11 › Action-state personas — natural persona sees action, read-only does not › [Settlement] settlementDisputed › read-only auditor: route loads but action button hidden or disabled (9.2s)
  ✓  189 [chromium] › tests/e2e/action-states/action-state-personas.spec.ts:30:11 › Action-state personas — natural persona sees action, read-only does not › [Settlement] settlementVoid › natural persona sees action button (4.5s)
  ✓  190 [chromium] › tests/e2e/action-states/action-state-personas.spec.ts:39:11 › Action-state personas — natural persona sees action, read-only does not › [Settlement] settlementVoid › read-only auditor: route loads but action button hidden or disabled (3.0s)
  ✓  191 [chromium] › tests/e2e/action-states/action-state-personas.spec.ts:30:11 › Action-state personas — natural persona sees action, read-only does not › [Invoice] invoiceDraft › natural persona sees action button (4.3s)
  ✓  192 [chromium] › tests/e2e/action-states/action-state-personas.spec.ts:39:11 › Action-state personas — natural persona sees action, read-only does not › [Invoice] invoiceDraft › read-only auditor: route loads but action button hidden or disabled (4.1s)
  ✓  193 [chromium] › tests/e2e/action-states/action-state-personas.spec.ts:30:11 › Action-state personas — natural persona sees action, read-only does not › [Invoice] invoiceItemDraft › natural persona sees action button (4.2s)
  ✓  194 [chromium] › tests/e2e/action-states/action-state-personas.spec.ts:39:11 › Action-state personas — natural persona sees action, read-only does not › [Invoice] invoiceItemDraft › read-only auditor: route loads but action button hidden or disabled (4.2s)
  ✓  195 [chromium] › tests/e2e/action-states/action-state-personas.spec.ts:30:11 › Action-state personas — natural persona sees action, read-only does not › [Invoice] invoiceUnderReview › natural persona sees action button (6.0s)
  ✓  196 [chromium] › tests/e2e/action-states/action-state-personas.spec.ts:39:11 › Action-state personas — natural persona sees action, read-only does not › [Invoice] invoiceUnderReview › read-only auditor: route loads but action button hidden or disabled (9.6s)
  ✓  197 [chromium] › tests/e2e/action-states/action-state-personas.spec.ts:30:11 › Action-state personas — natural persona sees action, read-only does not › [Invoice] invoiceApproved › natural persona sees action button (12.7s)
  ✓  198 [chromium] › tests/e2e/action-states/action-state-personas.spec.ts:39:11 › Action-state personas — natural persona sees action, read-only does not › [Invoice] invoiceApproved › read-only auditor: route loads but action button hidden or disabled (7.0s)
  ✓  199 [chromium] › tests/e2e/action-states/action-state-personas.spec.ts:30:11 › Action-state personas — natural persona sees action, read-only does not › [Invoice] invoiceDisputed › natural persona sees action button (5.8s)
  ✓  200 [chromium] › tests/e2e/action-states/action-state-personas.spec.ts:39:11 › Action-state personas — natural persona sees action, read-only does not › [Invoice] invoiceDisputed › read-only auditor: route loads but action button hidden or disabled (3.9s)
  ✓  201 [chromium] › tests/e2e/action-states/action-state-personas.spec.ts:30:11 › Action-state personas — natural persona sees action, read-only does not › [Invoice] invoiceVoid › natural persona sees action button (3.8s)
  ✓  202 [chromium] › tests/e2e/action-states/action-state-personas.spec.ts:39:11 › Action-state personas — natural persona sees action, read-only does not › [Invoice] invoiceVoid › read-only auditor: route loads but action button hidden or disabled (3.0s)
  ✓  203 [chromium] › tests/e2e/action-states/action-state-personas.spec.ts:30:11 › Action-state personas — natural persona sees action, read-only does not › [Cash] cashReceiptUnapplied › natural persona sees action button (3.5s)
  ✓  204 [chromium] › tests/e2e/action-states/action-state-personas.spec.ts:39:11 › Action-state personas — natural persona sees action, read-only does not › [Cash] cashReceiptUnapplied › read-only auditor: route loads but action button hidden or disabled (2.8s)
  ✓  205 [chromium] › tests/e2e/action-states/action-state-personas.spec.ts:30:11 › Action-state personas — natural persona sees action, read-only does not › [Cash] cashReceiptVoidTarget › natural persona sees action button (3.3s)
  ✓  206 [chromium] › tests/e2e/action-states/action-state-personas.spec.ts:39:11 › Action-state personas — natural persona sees action, read-only does not › [Cash] cashReceiptVoidTarget › read-only auditor: route loads but action button hidden or disabled (3.6s)
  ✓  207 [chromium] › tests/e2e/action-states/action-state-personas.spec.ts:30:11 › Action-state personas — natural persona sees action, read-only does not › [Cash] cashReceiptVoid › natural persona sees action button (5.0s)
  ✓  208 [chromium] › tests/e2e/action-states/action-state-personas.spec.ts:39:11 › Action-state personas — natural persona sees action, read-only does not › [Cash] cashReceiptVoid › read-only auditor: route loads but action button hidden or disabled (4.5s)
  ✓  209 [chromium] › tests/e2e/action-states/action-state-personas.spec.ts:30:11 › Action-state personas — natural persona sees action, read-only does not › [Cash] paymentApplicationApplied › natural persona sees action button (4.5s)
  ✓  210 [chromium] › tests/e2e/action-states/action-state-personas.spec.ts:39:11 › Action-state personas — natural persona sees action, read-only does not › [Cash] paymentApplicationApplied › read-only auditor: route loads but action button hidden or disabled (4.0s)
  ✓  211 [chromium] › tests/e2e/action-states/action-state-personas.spec.ts:30:11 › Action-state personas — natural persona sees action, read-only does not › [Cash] paymentApplicationVoid › natural persona sees action button (4.8s)
  ✓  212 [chromium] › tests/e2e/action-states/action-state-personas.spec.ts:39:11 › Action-state personas — natural persona sees action, read-only does not › [Cash] paymentApplicationVoid › read-only auditor: route loads but action button hidden or disabled (4.0s)
  ✓  213 [chromium] › tests/e2e/action-states/action-state-personas.spec.ts:30:11 › Action-state personas — natural persona sees action, read-only does not › [Collections] collectionCaseOpen › natural persona sees action button (4.0s)
  ✓  214 [chromium] › tests/e2e/action-states/action-state-personas.spec.ts:39:11 › Action-state personas — natural persona sees action, read-only does not › [Collections] collectionCaseOpen › read-only auditor: route loads but action button hidden or disabled (3.6s)
  ✓  215 [chromium] › tests/e2e/action-states/action-state-personas.spec.ts:30:11 › Action-state personas — natural persona sees action, read-only does not › [Collections] collectionCaseClosed › natural persona sees action button (3.9s)
  ✓  216 [chromium] › tests/e2e/action-states/action-state-personas.spec.ts:39:11 › Action-state personas — natural persona sees action, read-only does not › [Collections] collectionCaseClosed › read-only auditor: route loads but action button hidden or disabled (1.6s)
  ✓  217 [chromium] › tests/e2e/action-states/action-state-personas.spec.ts:30:11 › Action-state personas — natural persona sees action, read-only does not › [Collections] collectionActionPlanned › natural persona sees action button (1.1s)
  ✓  218 [chromium] › tests/e2e/action-states/action-state-personas.spec.ts:39:11 › Action-state personas — natural persona sees action, read-only does not › [Collections] collectionActionPlanned › read-only auditor: route loads but action button hidden or disabled (958ms)
  ✓  219 [chromium] › tests/e2e/action-states/action-state-personas.spec.ts:30:11 › Action-state personas — natural persona sees action, read-only does not › [Collections] collectionActionCompleted › natural persona sees action button (988ms)
  ✓  220 [chromium] › tests/e2e/action-states/action-state-personas.spec.ts:39:11 › Action-state personas — natural persona sees action, read-only does not › [Collections] collectionActionCompleted › read-only auditor: route loads but action button hidden or disabled (988ms)
  ✓  221 [chromium] › tests/e2e/action-states/action-state-personas.spec.ts:30:11 › Action-state personas — natural persona sees action, read-only does not › [Contractor Payable] cpayDraft › natural persona sees action button (1.4s)
  ✓  222 [chromium] › tests/e2e/action-states/action-state-personas.spec.ts:39:11 › Action-state personas — natural persona sees action, read-only does not › [Contractor Payable] cpayDraft › read-only auditor: route loads but action button hidden or disabled (1.1s)
  ✓  223 [chromium] › tests/e2e/action-states/action-state-personas.spec.ts:30:11 › Action-state personas — natural persona sees action, read-only does not › [Contractor Payable] cpayItemDraft › natural persona sees action button (1.2s)
  ✓  224 [chromium] › tests/e2e/action-states/action-state-personas.spec.ts:39:11 › Action-state personas — natural persona sees action, read-only does not › [Contractor Payable] cpayItemDraft › read-only auditor: route loads but action button hidden or disabled (916ms)
  ✓  225 [chromium] › tests/e2e/action-states/action-state-personas.spec.ts:30:11 › Action-state personas — natural persona sees action, read-only does not › [Contractor Payable] cpayUnderReview › natural persona sees action button (1.1s)
  ✓  226 [chromium] › tests/e2e/action-states/action-state-personas.spec.ts:39:11 › Action-state personas — natural persona sees action, read-only does not › [Contractor Payable] cpayUnderReview › read-only auditor: route loads but action button hidden or disabled (954ms)
  ✓  227 [chromium] › tests/e2e/action-states/action-state-personas.spec.ts:30:11 › Action-state personas — natural persona sees action, read-only does not › [Contractor Payable] cpayApproved › natural persona sees action button (1.2s)
  ✓  228 [chromium] › tests/e2e/action-states/action-state-personas.spec.ts:39:11 › Action-state personas — natural persona sees action, read-only does not › [Contractor Payable] cpayApproved › read-only auditor: route loads but action button hidden or disabled (917ms)
  ✓  229 [chromium] › tests/e2e/action-states/action-state-personas.spec.ts:30:11 › Action-state personas — natural persona sees action, read-only does not › [Contractor Payable] cpayDisputed › natural persona sees action button (1.2s)
  ✓  230 [chromium] › tests/e2e/action-states/action-state-personas.spec.ts:39:11 › Action-state personas — natural persona sees action, read-only does not › [Contractor Payable] cpayDisputed › read-only auditor: route loads but action button hidden or disabled (946ms)
  ✓  231 [chromium] › tests/e2e/action-states/action-state-personas.spec.ts:30:11 › Action-state personas — natural persona sees action, read-only does not › [Contractor Payable] cpayVoid › natural persona sees action button (1.2s)
  ✓  232 [chromium] › tests/e2e/action-states/action-state-personas.spec.ts:39:11 › Action-state personas — natural persona sees action, read-only does not › [Contractor Payable] cpayVoid › read-only auditor: route loads but action button hidden or disabled (1.1s)
  ✓  233 [chromium] › tests/e2e/action-states/action-state-personas.spec.ts:30:11 › Action-state personas — natural persona sees action, read-only does not › [Payroll] payrollDraft › natural persona sees action button (1.1s)
  ✓  234 [chromium] › tests/e2e/action-states/action-state-personas.spec.ts:39:11 › Action-state personas — natural persona sees action, read-only does not › [Payroll] payrollDraft › read-only auditor: route loads but action button hidden or disabled (1.1s)
  ✓  235 [chromium] › tests/e2e/action-states/action-state-personas.spec.ts:30:11 › Action-state personas — natural persona sees action, read-only does not › [Payroll] payrollItemDraft › natural persona sees action button (1.9s)
  ✓  236 [chromium] › tests/e2e/action-states/action-state-personas.spec.ts:39:11 › Action-state personas — natural persona sees action, read-only does not › [Payroll] payrollItemDraft › read-only auditor: route loads but action button hidden or disabled (1.5s)
  ✓  237 [chromium] › tests/e2e/action-states/action-state-personas.spec.ts:30:11 › Action-state personas — natural persona sees action, read-only does not › [Payroll] payrollUnderReview › natural persona sees action button (1.2s)
  ✓  238 [chromium] › tests/e2e/action-states/action-state-personas.spec.ts:39:11 › Action-state personas — natural persona sees action, read-only does not › [Payroll] payrollUnderReview › read-only auditor: route loads but action button hidden or disabled (1.0s)
  ✓  239 [chromium] › tests/e2e/action-states/action-state-personas.spec.ts:30:11 › Action-state personas — natural persona sees action, read-only does not › [Payroll] payrollApproved › natural persona sees action button (1.0s)
  ✓  240 [chromium] › tests/e2e/action-states/action-state-personas.spec.ts:39:11 › Action-state personas — natural persona sees action, read-only does not › [Payroll] payrollApproved › read-only auditor: route loads but action button hidden or disabled (1.1s)
  ✓  241 [chromium] › tests/e2e/action-states/action-state-personas.spec.ts:30:11 › Action-state personas — natural persona sees action, read-only does not › [Payroll] payrollDisputed › natural persona sees action button (1.1s)
  ✓  242 [chromium] › tests/e2e/action-states/action-state-personas.spec.ts:39:11 › Action-state personas — natural persona sees action, read-only does not › [Payroll] payrollDisputed › read-only auditor: route loads but action button hidden or disabled (1.2s)
  ✓  243 [chromium] › tests/e2e/action-states/action-state-personas.spec.ts:30:11 › Action-state personas — natural persona sees action, read-only does not › [Payroll] payrollVoid › natural persona sees action button (1.6s)
  ✓  244 [chromium] › tests/e2e/action-states/action-state-personas.spec.ts:39:11 › Action-state personas — natural persona sees action, read-only does not › [Payroll] payrollVoid › read-only auditor: route loads but action button hidden or disabled (1.2s)
  ✓  245 [chromium] › tests/e2e/action-states/action-state-personas.spec.ts:30:11 › Action-state personas — natural persona sees action, read-only does not › [Payment Execution] paymentBatchDraft › natural persona sees action button (1.2s)
  ✓  246 [chromium] › tests/e2e/action-states/action-state-personas.spec.ts:39:11 › Action-state personas — natural persona sees action, read-only does not › [Payment Execution] paymentBatchDraft › read-only auditor: route loads but action button hidden or disabled (1.2s)
  ✓  247 [chromium] › tests/e2e/action-states/action-state-personas.spec.ts:30:11 › Action-state personas — natural persona sees action, read-only does not › [Payment Execution] paymentItemDraft › natural persona sees action button (1.2s)
  ✓  248 [chromium] › tests/e2e/action-states/action-state-personas.spec.ts:39:11 › Action-state personas — natural persona sees action, read-only does not › [Payment Execution] paymentItemDraft › read-only auditor: route loads but action button hidden or disabled (1.2s)
  ✓  249 [chromium] › tests/e2e/action-states/action-state-personas.spec.ts:30:11 › Action-state personas — natural persona sees action, read-only does not › [Payment Execution] paymentBatchUnderReview › natural persona sees action button (1.4s)
  ✓  250 [chromium] › tests/e2e/action-states/action-state-personas.spec.ts:39:11 › Action-state personas — natural persona sees action, read-only does not › [Payment Execution] paymentBatchUnderReview › read-only auditor: route loads but action button hidden or disabled (1.1s)
  ✓  251 [chromium] › tests/e2e/action-states/action-state-personas.spec.ts:30:11 › Action-state personas — natural persona sees action, read-only does not › [Payment Execution] paymentBatchApproved › natural persona sees action button (1.5s)
  ✓  252 [chromium] › tests/e2e/action-states/action-state-personas.spec.ts:39:11 › Action-state personas — natural persona sees action, read-only does not › [Payment Execution] paymentBatchApproved › read-only auditor: route loads but action button hidden or disabled (1.2s)
  ✓  253 [chromium] › tests/e2e/action-states/action-state-personas.spec.ts:30:11 › Action-state personas — natural persona sees action, read-only does not › [Payment Execution] paymentBatchScheduled › natural persona sees action button (1.2s)
  ✓  254 [chromium] › tests/e2e/action-states/action-state-personas.spec.ts:39:11 › Action-state personas — natural persona sees action, read-only does not › [Payment Execution] paymentBatchScheduled › read-only auditor: route loads but action button hidden or disabled (1.0s)
  ✓  255 [chromium] › tests/e2e/action-states/action-state-personas.spec.ts:30:11 › Action-state personas — natural persona sees action, read-only does not › [Payment Execution] paymentBatchExecutionSubmitted › natural persona sees action button (1.1s)
  ✓  256 [chromium] › tests/e2e/action-states/action-state-personas.spec.ts:39:11 › Action-state personas — natural persona sees action, read-only does not › [Payment Execution] paymentBatchExecutionSubmitted › read-only auditor: route loads but action button hidden or disabled (1.1s)
  ✓  257 [chromium] › tests/e2e/action-states/action-state-personas.spec.ts:30:11 › Action-state personas — natural persona sees action, read-only does not › [Payment Execution] paymentBatchVoidTarget › natural persona sees action button (1.2s)
  ✓  258 [chromium] › tests/e2e/action-states/action-state-personas.spec.ts:39:11 › Action-state personas — natural persona sees action, read-only does not › [Payment Execution] paymentBatchVoidTarget › read-only auditor: route loads but action button hidden or disabled (1.1s)
  ✓  259 [chromium] › tests/e2e/action-states/action-state-personas.spec.ts:30:11 › Action-state personas — natural persona sees action, read-only does not › [Payment Execution] paymentBatchVoid › natural persona sees action button (1.2s)
  ✓  260 [chromium] › tests/e2e/action-states/action-state-personas.spec.ts:39:11 › Action-state personas — natural persona sees action, read-only does not › [Payment Execution] paymentBatchVoid › read-only auditor: route loads but action button hidden or disabled (961ms)
  ✓  261 [chromium] › tests/e2e/action-states/action-state-personas.spec.ts:30:11 › Action-state personas — natural persona sees action, read-only does not › [Bank Reconciliation] bankAccountArchivable › natural persona sees action button (1.0s)
  ✓  262 [chromium] › tests/e2e/action-states/action-state-personas.spec.ts:39:11 › Action-state personas — natural persona sees action, read-only does not › [Bank Reconciliation] bankAccountArchivable › read-only auditor: route loads but action button hidden or disabled (1.0s)
  ✓  263 [chromium] › tests/e2e/action-states/action-state-personas.spec.ts:30:11 › Action-state personas — natural persona sees action, read-only does not › [Bank Reconciliation] bankTxnUnmatchedDebit › natural persona sees action button (1.1s)
  ✓  264 [chromium] › tests/e2e/action-states/action-state-personas.spec.ts:39:11 › Action-state personas — natural persona sees action, read-only does not › [Bank Reconciliation] bankTxnUnmatchedDebit › read-only auditor: route loads but action button hidden or disabled (928ms)
  ✓  265 [chromium] › tests/e2e/action-states/action-state-personas.spec.ts:30:11 › Action-state personas — natural persona sees action, read-only does not › [Bank Reconciliation] bankTxnUnmatchedCredit › natural persona sees action button (1.1s)
  ✓  266 [chromium] › tests/e2e/action-states/action-state-personas.spec.ts:39:11 › Action-state personas — natural persona sees action, read-only does not › [Bank Reconciliation] bankTxnUnmatchedCredit › read-only auditor: route loads but action button hidden or disabled (1.0s)
  ✓  267 [chromium] › tests/e2e/action-states/action-state-personas.spec.ts:30:11 › Action-state personas — natural persona sees action, read-only does not › [Bank Reconciliation] bankTxnExceptionNone › natural persona sees action button (1.1s)
  ✓  268 [chromium] › tests/e2e/action-states/action-state-personas.spec.ts:39:11 › Action-state personas — natural persona sees action, read-only does not › [Bank Reconciliation] bankTxnExceptionNone › read-only auditor: route loads but action button hidden or disabled (957ms)
  ✓  269 [chromium] › tests/e2e/action-states/action-state-personas.spec.ts:30:11 › Action-state personas — natural persona sees action, read-only does not › [Bank Reconciliation] bankTxnExceptionOpen › natural persona sees action button (1.1s)
  ✓  270 [chromium] › tests/e2e/action-states/action-state-personas.spec.ts:39:11 › Action-state personas — natural persona sees action, read-only does not › [Bank Reconciliation] bankTxnExceptionOpen › read-only auditor: route loads but action button hidden or disabled (1.0s)
  ✓  271 [chromium] › tests/e2e/action-states/action-state-personas.spec.ts:30:11 › Action-state personas — natural persona sees action, read-only does not › [Bank Reconciliation] bankTxnIgnorable › natural persona sees action button (1.1s)
  ✓  272 [chromium] › tests/e2e/action-states/action-state-personas.spec.ts:39:11 › Action-state personas — natural persona sees action, read-only does not › [Bank Reconciliation] bankTxnIgnorable › read-only auditor: route loads but action button hidden or disabled (1.0s)
  ✓  273 [chromium] › tests/e2e/action-states/action-state-personas.spec.ts:30:11 › Action-state personas — natural persona sees action, read-only does not › [Bank Reconciliation] reconMatchProposed › natural persona sees action button (1.0s)
  ✓  274 [chromium] › tests/e2e/action-states/action-state-personas.spec.ts:39:11 › Action-state personas — natural persona sees action, read-only does not › [Bank Reconciliation] reconMatchProposed › read-only auditor: route loads but action button hidden or disabled (999ms)
  ✓  275 [chromium] › tests/e2e/action-states/action-state-personas.spec.ts:30:11 › Action-state personas — natural persona sees action, read-only does not › [Accounting Export] aexDraft › natural persona sees action button (1.1s)
  ✓  276 [chromium] › tests/e2e/action-states/action-state-personas.spec.ts:39:11 › Action-state personas — natural persona sees action, read-only does not › [Accounting Export] aexDraft › read-only auditor: route loads but action button hidden or disabled (1.1s)
  ✓  277 [chromium] › tests/e2e/action-states/action-state-personas.spec.ts:30:11 › Action-state personas — natural persona sees action, read-only does not › [Accounting Export] aexItemDraft › natural persona sees action button (1.0s)
  ✓  278 [chromium] › tests/e2e/action-states/action-state-personas.spec.ts:39:11 › Action-state personas — natural persona sees action, read-only does not › [Accounting Export] aexItemDraft › read-only auditor: route loads but action button hidden or disabled (1.2s)
  ✓  279 [chromium] › tests/e2e/action-states/action-state-personas.spec.ts:30:11 › Action-state personas — natural persona sees action, read-only does not › [Accounting Export] aexGenerated › natural persona sees action button (1.3s)
  ✓  280 [chromium] › tests/e2e/action-states/action-state-personas.spec.ts:39:11 › Action-state personas — natural persona sees action, read-only does not › [Accounting Export] aexGenerated › read-only auditor: route loads but action button hidden or disabled (1.3s)
  ✓  281 [chromium] › tests/e2e/action-states/action-state-personas.spec.ts:30:11 › Action-state personas — natural persona sees action, read-only does not › [Accounting Export] aexUnderReview › natural persona sees action button (1.1s)
  ✓  282 [chromium] › tests/e2e/action-states/action-state-personas.spec.ts:39:11 › Action-state personas — natural persona sees action, read-only does not › [Accounting Export] aexUnderReview › read-only auditor: route loads but action button hidden or disabled (1.1s)
  ✓  283 [chromium] › tests/e2e/action-states/action-state-personas.spec.ts:30:11 › Action-state personas — natural persona sees action, read-only does not › [Accounting Export] aexSubmitted › natural persona sees action button (1.3s)
  ✓  284 [chromium] › tests/e2e/action-states/action-state-personas.spec.ts:39:11 › Action-state personas — natural persona sees action, read-only does not › [Accounting Export] aexSubmitted › read-only auditor: route loads but action button hidden or disabled (1.3s)
  ✓  285 [chromium] › tests/e2e/action-states/action-state-personas.spec.ts:30:11 › Action-state personas — natural persona sees action, read-only does not › [Accounting Export] aexCancelable › natural persona sees action button (1.2s)
  ✓  286 [chromium] › tests/e2e/action-states/action-state-personas.spec.ts:39:11 › Action-state personas — natural persona sees action, read-only does not › [Accounting Export] aexCancelable › read-only auditor: route loads but action button hidden or disabled (1.2s)
  ✓  287 [chromium] › tests/e2e/action-states/action-state-personas.spec.ts:71:9 › Action-state personas — backend denies writes for read-only auditor › [Production] prodDraft: backend denies write as read-only (24ms)
  ✓  288 [chromium] › tests/e2e/action-states/action-state-personas.spec.ts:71:9 › Action-state personas — backend denies writes for read-only auditor › [Settlement] settlementDraft: backend denies write as read-only (15ms)
  ✓  289 [chromium] › tests/e2e/action-states/action-state-personas.spec.ts:71:9 › Action-state personas — backend denies writes for read-only auditor › [Invoice] invoiceApproved: backend denies write as read-only (17ms)
  ✓  290 [chromium] › tests/e2e/action-states/action-state-personas.spec.ts:71:9 › Action-state personas — backend denies writes for read-only auditor › [Accounting Export] aexDraft: backend denies write as read-only (15ms)
  ✓  291 [chromium] › tests/e2e/action-states/action-state-readiness.spec.ts:21:9 › Action-state readiness — route loads, label hydrates, action visible › [Production] prodDraft: route loads and action label visible (1.7s)
  ✓  292 [chromium] › tests/e2e/action-states/action-state-readiness.spec.ts:21:9 › Action-state readiness — route loads, label hydrates, action visible › [Production] prodSubmitted: route loads and action label visible (1.1s)
  ✓  293 [chromium] › tests/e2e/action-states/action-state-readiness.spec.ts:21:9 › Action-state readiness — route loads, label hydrates, action visible › [Production] prodUnderReview: route loads and action label visible (1.1s)
  ✓  294 [chromium] › tests/e2e/action-states/action-state-readiness.spec.ts:21:9 › Action-state readiness — route loads, label hydrates, action visible › [Production] prodCorrectionRequested: route loads and action label visible (1.2s)
  ✓  295 [chromium] › tests/e2e/action-states/action-state-readiness.spec.ts:21:9 › Action-state readiness — route loads, label hydrates, action visible › [Production] prodApprovedNotMarked: route loads and action label visible (1.2s)
  ✓  296 [chromium] › tests/e2e/action-states/action-state-readiness.spec.ts:21:9 › Action-state readiness — route loads, label hydrates, action visible › [Production] prodVoid: route loads and action label visible (1.6s)
  ✓  297 [chromium] › tests/e2e/action-states/action-state-readiness.spec.ts:21:9 › Action-state readiness — route loads, label hydrates, action visible › [QC] qcPending: route loads and action label visible (1.2s)
  ✓  298 [chromium] › tests/e2e/action-states/action-state-readiness.spec.ts:21:9 › Action-state readiness — route loads, label hydrates, action visible › [QC] qcInReview: route loads and action label visible (1.2s)
  ✓  299 [chromium] › tests/e2e/action-states/action-state-readiness.spec.ts:21:9 › Action-state readiness — route loads, label hydrates, action visible › [QC] qcCorrectionRequested: route loads and action label visible (1.2s)
  ✓  300 [chromium] › tests/e2e/action-states/action-state-readiness.spec.ts:21:9 › Action-state readiness — route loads, label hydrates, action visible › [QC] qcVoid: route loads and action label visible (1.4s)
  ✓  301 [chromium] › tests/e2e/action-states/action-state-readiness.spec.ts:21:9 › Action-state readiness — route loads, label hydrates, action visible › [Billable] billableDraft: route loads and action label visible (1.2s)
  ✓  302 [chromium] › tests/e2e/action-states/action-state-readiness.spec.ts:21:9 › Action-state readiness — route loads, label hydrates, action visible › [Billable] billableOnHold: route loads and action label visible (1.2s)
  ✓  303 [chromium] › tests/e2e/action-states/action-state-readiness.spec.ts:21:9 › Action-state readiness — route loads, label hydrates, action visible › [Billable] billableDisputed: route loads and action label visible (1.2s)
  ✓  304 [chromium] › tests/e2e/action-states/action-state-readiness.spec.ts:21:9 › Action-state readiness — route loads, label hydrates, action visible › [Billable] billableVoid: route loads and action label visible (1.7s)
  ✓  305 [chromium] › tests/e2e/action-states/action-state-readiness.spec.ts:21:9 › Action-state readiness — route loads, label hydrates, action visible › [Settlement] settlementDraft: route loads and action label visible (1.5s)
  ✓  306 [chromium] › tests/e2e/action-states/action-state-readiness.spec.ts:21:9 › Action-state readiness — route loads, label hydrates, action visible › [Settlement] settlementItemDraft: route loads and action label visible (1.3s)
  ✓  307 [chromium] › tests/e2e/action-states/action-state-readiness.spec.ts:21:9 › Action-state readiness — route loads, label hydrates, action visible › [Settlement] settlementUnderReview: route loads and action label visible (1.5s)
  ✓  308 [chromium] › tests/e2e/action-states/action-state-readiness.spec.ts:21:9 › Action-state readiness — route loads, label hydrates, action visible › [Settlement] settlementApproved: route loads and action label visible (1.5s)
  ✓  309 [chromium] › tests/e2e/action-states/action-state-readiness.spec.ts:21:9 › Action-state readiness — route loads, label hydrates, action visible › [Settlement] settlementDisputed: route loads and action label visible (1.5s)
  ✓  310 [chromium] › tests/e2e/action-states/action-state-readiness.spec.ts:21:9 › Action-state readiness — route loads, label hydrates, action visible › [Settlement] settlementVoid: route loads and action label visible (1.7s)
  ✓  311 [chromium] › tests/e2e/action-states/action-state-readiness.spec.ts:21:9 › Action-state readiness — route loads, label hydrates, action visible › [Invoice] invoiceDraft: route loads and action label visible (1.5s)
  ✓  312 [chromium] › tests/e2e/action-states/action-state-readiness.spec.ts:21:9 › Action-state readiness — route loads, label hydrates, action visible › [Invoice] invoiceItemDraft: route loads and action label visible (1.5s)
  ✓  313 [chromium] › tests/e2e/action-states/action-state-readiness.spec.ts:21:9 › Action-state readiness — route loads, label hydrates, action visible › [Invoice] invoiceUnderReview: route loads and action label visible (1.4s)
  ✓  314 [chromium] › tests/e2e/action-states/action-state-readiness.spec.ts:21:9 › Action-state readiness — route loads, label hydrates, action visible › [Invoice] invoiceApproved: route loads and action label visible (1.2s)
  ✓  315 [chromium] › tests/e2e/action-states/action-state-readiness.spec.ts:21:9 › Action-state readiness — route loads, label hydrates, action visible › [Invoice] invoiceDisputed: route loads and action label visible (1.6s)
  ✓  316 [chromium] › tests/e2e/action-states/action-state-readiness.spec.ts:21:9 › Action-state readiness — route loads, label hydrates, action visible › [Invoice] invoiceVoid: route loads and action label visible (1.7s)
  ✓  317 [chromium] › tests/e2e/action-states/action-state-readiness.spec.ts:21:9 › Action-state readiness — route loads, label hydrates, action visible › [Cash] cashReceiptUnapplied: route loads and action label visible (1.5s)
  ✓  318 [chromium] › tests/e2e/action-states/action-state-readiness.spec.ts:21:9 › Action-state readiness — route loads, label hydrates, action visible › [Cash] cashReceiptVoidTarget: route loads and action label visible (1.5s)
  ✓  319 [chromium] › tests/e2e/action-states/action-state-readiness.spec.ts:21:9 › Action-state readiness — route loads, label hydrates, action visible › [Cash] cashReceiptVoid: route loads and action label visible (1.5s)
  ✓  320 [chromium] › tests/e2e/action-states/action-state-readiness.spec.ts:21:9 › Action-state readiness — route loads, label hydrates, action visible › [Cash] paymentApplicationApplied: route loads and action label visible (1.9s)
  ✓  321 [chromium] › tests/e2e/action-states/action-state-readiness.spec.ts:21:9 › Action-state readiness — route loads, label hydrates, action visible › [Cash] paymentApplicationVoid: route loads and action label visible (1.6s)
  ✓  322 [chromium] › tests/e2e/action-states/action-state-readiness.spec.ts:21:9 › Action-state readiness — route loads, label hydrates, action visible › [Collections] collectionCaseOpen: route loads and action label visible (1.3s)
  ✓  323 [chromium] › tests/e2e/action-states/action-state-readiness.spec.ts:21:9 › Action-state readiness — route loads, label hydrates, action visible › [Collections] collectionCaseClosed: route loads and action label visible (1.5s)
  ✓  324 [chromium] › tests/e2e/action-states/action-state-readiness.spec.ts:21:9 › Action-state readiness — route loads, label hydrates, action visible › [Collections] collectionActionPlanned: route loads and action label visible (1.3s)
  ✓  325 [chromium] › tests/e2e/action-states/action-state-readiness.spec.ts:21:9 › Action-state readiness — route loads, label hydrates, action visible › [Collections] collectionActionCompleted: route loads and action label visible (1.2s)
  ✓  326 [chromium] › tests/e2e/action-states/action-state-readiness.spec.ts:21:9 › Action-state readiness — route loads, label hydrates, action visible › [Contractor Payable] cpayDraft: route loads and action label visible (1.4s)
  ✓  327 [chromium] › tests/e2e/action-states/action-state-readiness.spec.ts:21:9 › Action-state readiness — route loads, label hydrates, action visible › [Contractor Payable] cpayItemDraft: route loads and action label visible (1.4s)
  ✓  328 [chromium] › tests/e2e/action-states/action-state-readiness.spec.ts:21:9 › Action-state readiness — route loads, label hydrates, action visible › [Contractor Payable] cpayUnderReview: route loads and action label visible (1.4s)
  ✓  329 [chromium] › tests/e2e/action-states/action-state-readiness.spec.ts:21:9 › Action-state readiness — route loads, label hydrates, action visible › [Contractor Payable] cpayApproved: route loads and action label visible (1.3s)
  ✓  330 [chromium] › tests/e2e/action-states/action-state-readiness.spec.ts:21:9 › Action-state readiness — route loads, label hydrates, action visible › [Contractor Payable] cpayDisputed: route loads and action label visible (1.4s)
  ✓  331 [chromium] › tests/e2e/action-states/action-state-readiness.spec.ts:21:9 › Action-state readiness — route loads, label hydrates, action visible › [Contractor Payable] cpayVoid: route loads and action label visible (1.5s)
  ✓  332 [chromium] › tests/e2e/action-states/action-state-readiness.spec.ts:21:9 › Action-state readiness — route loads, label hydrates, action visible › [Payroll] payrollDraft: route loads and action label visible (1.3s)
  ✓  333 [chromium] › tests/e2e/action-states/action-state-readiness.spec.ts:21:9 › Action-state readiness — route loads, label hydrates, action visible › [Payroll] payrollItemDraft: route loads and action label visible (1.2s)
  ✓  334 [chromium] › tests/e2e/action-states/action-state-readiness.spec.ts:21:9 › Action-state readiness — route loads, label hydrates, action visible › [Payroll] payrollUnderReview: route loads and action label visible (1.3s)
  ✓  335 [chromium] › tests/e2e/action-states/action-state-readiness.spec.ts:21:9 › Action-state readiness — route loads, label hydrates, action visible › [Payroll] payrollApproved: route loads and action label visible (1.4s)
  ✓  336 [chromium] › tests/e2e/action-states/action-state-readiness.spec.ts:21:9 › Action-state readiness — route loads, label hydrates, action visible › [Payroll] payrollDisputed: route loads and action label visible (1.3s)
  ✓  337 [chromium] › tests/e2e/action-states/action-state-readiness.spec.ts:21:9 › Action-state readiness — route loads, label hydrates, action visible › [Payroll] payrollVoid: route loads and action label visible (1.5s)
  ✓  338 [chromium] › tests/e2e/action-states/action-state-readiness.spec.ts:21:9 › Action-state readiness — route loads, label hydrates, action visible › [Payment Execution] paymentBatchDraft: route loads and action label visible (1.2s)
  ✓  339 [chromium] › tests/e2e/action-states/action-state-readiness.spec.ts:21:9 › Action-state readiness — route loads, label hydrates, action visible › [Payment Execution] paymentItemDraft: route loads and action label visible (1.3s)
  ✓  340 [chromium] › tests/e2e/action-states/action-state-readiness.spec.ts:21:9 › Action-state readiness — route loads, label hydrates, action visible › [Payment Execution] paymentBatchUnderReview: route loads and action label visible (1.6s)
  ✓  341 [chromium] › tests/e2e/action-states/action-state-readiness.spec.ts:21:9 › Action-state readiness — route loads, label hydrates, action visible › [Payment Execution] paymentBatchApproved: route loads and action label visible (1.5s)
  ✓  342 [chromium] › tests/e2e/action-states/action-state-readiness.spec.ts:21:9 › Action-state readiness — route loads, label hydrates, action visible › [Payment Execution] paymentBatchScheduled: route loads and action label visible (1.5s)
  ✓  343 [chromium] › tests/e2e/action-states/action-state-readiness.spec.ts:21:9 › Action-state readiness — route loads, label hydrates, action visible › [Payment Execution] paymentBatchExecutionSubmitted: route loads and action label visible (1.5s)
  ✓  344 [chromium] › tests/e2e/action-states/action-state-readiness.spec.ts:21:9 › Action-state readiness — route loads, label hydrates, action visible › [Payment Execution] paymentBatchVoidTarget: route loads and action label visible (1.7s)
  ✓  345 [chromium] › tests/e2e/action-states/action-state-readiness.spec.ts:21:9 › Action-state readiness — route loads, label hydrates, action visible › [Payment Execution] paymentBatchVoid: route loads and action label visible (1.5s)
  ✓  346 [chromium] › tests/e2e/action-states/action-state-readiness.spec.ts:21:9 › Action-state readiness — route loads, label hydrates, action visible › [Bank Reconciliation] bankAccountArchivable: route loads and action label visible (1.3s)
  ✓  347 [chromium] › tests/e2e/action-states/action-state-readiness.spec.ts:21:9 › Action-state readiness — route loads, label hydrates, action visible › [Bank Reconciliation] bankTxnUnmatchedDebit: route loads and action label visible (1.2s)
  ✓  348 [chromium] › tests/e2e/action-states/action-state-readiness.spec.ts:21:9 › Action-state readiness — route loads, label hydrates, action visible › [Bank Reconciliation] bankTxnUnmatchedCredit: route loads and action label visible (1.2s)
  ✓  349 [chromium] › tests/e2e/action-states/action-state-readiness.spec.ts:21:9 › Action-state readiness — route loads, label hydrates, action visible › [Bank Reconciliation] bankTxnExceptionNone: route loads and action label visible (1.2s)
  ✓  350 [chromium] › tests/e2e/action-states/action-state-readiness.spec.ts:21:9 › Action-state readiness — route loads, label hydrates, action visible › [Bank Reconciliation] bankTxnExceptionOpen: route loads and action label visible (1.2s)
  ✓  351 [chromium] › tests/e2e/action-states/action-state-readiness.spec.ts:21:9 › Action-state readiness — route loads, label hydrates, action visible › [Bank Reconciliation] bankTxnIgnorable: route loads and action label visible (1.2s)
  ✓  352 [chromium] › tests/e2e/action-states/action-state-readiness.spec.ts:21:9 › Action-state readiness — route loads, label hydrates, action visible › [Bank Reconciliation] reconMatchProposed: route loads and action label visible (1.2s)
  ✓  353 [chromium] › tests/e2e/action-states/action-state-readiness.spec.ts:21:9 › Action-state readiness — route loads, label hydrates, action visible › [Accounting Export] aexDraft: route loads and action label visible (1.3s)
  ✓  354 [chromium] › tests/e2e/action-states/action-state-readiness.spec.ts:21:9 › Action-state readiness — route loads, label hydrates, action visible › [Accounting Export] aexItemDraft: route loads and action label visible (1.3s)
  ✓  355 [chromium] › tests/e2e/action-states/action-state-readiness.spec.ts:21:9 › Action-state readiness — route loads, label hydrates, action visible › [Accounting Export] aexGenerated: route loads and action label visible (1.3s)
  ✓  356 [chromium] › tests/e2e/action-states/action-state-readiness.spec.ts:21:9 › Action-state readiness — route loads, label hydrates, action visible › [Accounting Export] aexUnderReview: route loads and action label visible (1.5s)
  ✓  357 [chromium] › tests/e2e/action-states/action-state-readiness.spec.ts:21:9 › Action-state readiness — route loads, label hydrates, action visible › [Accounting Export] aexSubmitted: route loads and action label visible (1.4s)
  ✓  358 [chromium] › tests/e2e/action-states/action-state-readiness.spec.ts:21:9 › Action-state readiness — route loads, label hydrates, action visible › [Accounting Export] aexCancelable: route loads and action label visible (1.6s)
  ✓  359 [chromium] › tests/e2e/action-states/action-state-submit.spec.ts:86:7 › Action-state full submit certification › [Billable] billableDraft: Recalculate Readiness submits without mutation (2.0s)
  ✓  360 [chromium] › tests/e2e/action-states/action-state-submit.spec.ts:97:7 › Action-state full submit certification › [Settlement] settlementItemDraft: Recalculate Readiness submits without mutation (1.8s)
  ✓  361 [chromium] › tests/e2e/action-states/action-state-submit.spec.ts:108:7 › Action-state full submit certification › [Contractor Payable] cpayItemDraft: Recalculate Totals submits without mutation (2.2s)
  ✓  362 [chromium] › tests/e2e/action-states/action-state-submit.spec.ts:119:7 › Action-state full submit certification › [Payroll] payrollItemDraft: Recalculate Totals submits without mutation (1.9s)
  ✓  363 [chromium] › tests/e2e/action-states/action-state-submit.spec.ts:132:7 › Action-state full submit certification › [Production] legacy draft without reviewed safety cannot submit (2.0s)
  ✓  364 [chromium] › tests/e2e/action-states/action-state-submit.spec.ts:147:7 › Action-state full submit certification › [Production] prodSubmitted: Start Review → status=under_review (2.1s)
  ✓  365 [chromium] › tests/e2e/action-states/action-state-submit.spec.ts:160:7 › Action-state full submit certification › [Production] prodUnderReview: Approve → status=approved (2.7s)
  ✓  366 [chromium] › tests/e2e/action-states/action-state-submit.spec.ts:177:7 › Action-state full submit certification › [Production] legacy correction without reviewed safety cannot advance (1.9s)
  ✓  367 [chromium] › tests/e2e/action-states/action-state-submit.spec.ts:193:7 › Action-state full submit certification › [Production] prodApprovedNotMarked: Mark Billable → billable_status=billable (1.7s)
  ✓  368 [chromium] › tests/e2e/action-states/action-state-submit.spec.ts:209:7 › Action-state full submit certification › [Production] prodVoid: Archive → status=archived (2.0s)
  ✓  369 [chromium] › tests/e2e/action-states/action-state-submit.spec.ts:225:7 › Action-state full submit certification › [QC] qcPending: Start Review → review_status=in_review (1.5s)
  ✓  370 [chromium] › tests/e2e/action-states/action-state-submit.spec.ts:238:7 › Action-state full submit certification › [QC] qcInReview: Approve → review_status=approved (1.5s)
  ✓  371 [chromium] › tests/e2e/action-states/action-state-submit.spec.ts:255:7 › Action-state full submit certification › [QC] qcCorrectionRequested: Mark Corrected → review_status=corrected (1.5s)
  ✓  372 [chromium] › tests/e2e/action-states/action-state-submit.spec.ts:269:7 › Action-state full submit certification › [QC] qcVoid: Archive → review_status=archived (1.8s)
  ✓  373 [chromium] › tests/e2e/action-states/action-state-submit.spec.ts:285:7 › Action-state full submit certification › [Billable] billableOnHold: Release Hold → status != held (2.5s)
  ✓  374 [chromium] › tests/e2e/action-states/action-state-submit.spec.ts:299:7 › Action-state full submit certification › [Billable] billableDisputed: Resolve Dispute → status != disputed (58.6s)
  ✓  375 [chromium] › tests/e2e/action-states/action-state-submit.spec.ts:313:7 › Action-state full submit certification › [Billable] billableVoid: Archive → status=archived (2.1s)
  ✓  376 [chromium] › tests/e2e/action-states/action-state-submit.spec.ts:332:7 › Action-state full submit certification › [Bank Recon] bankAccountArchivable: Archive → status=archived (2.3s)
  ✓  377 [chromium] › tests/e2e/action-states/action-state-submit.spec.ts:346:7 › Action-state full submit certification › [Bank Recon] bankTxnUnmatchedDebit: Match Payment Batch → reconciliation_match created (2.1s)
  ✓  378 [chromium] › tests/e2e/action-states/action-state-submit.spec.ts:363:7 › Action-state full submit certification › [Bank Recon] bankTxnUnmatchedCredit: Match Cash Receipt → reconciliation_match created [deferred-fix] (1.7s)
  ✓  379 [chromium] › tests/e2e/action-states/action-state-submit.spec.ts:380:7 › Action-state full submit certification › [Bank Recon] bankTxnExceptionNone: Open Exception → exception_status=open (2.1s)
  ✓  380 [chromium] › tests/e2e/action-states/action-state-submit.spec.ts:394:7 › Action-state full submit certification › [Bank Recon] bankTxnExceptionOpen: Resolve Exception → exception_status != open (1.9s)
  ✓  381 [chromium] › tests/e2e/action-states/action-state-submit.spec.ts:408:7 › Action-state full submit certification › [Bank Recon] bankTxnIgnorable: Ignore → reconciliation_status=ignored (2.2s)
  ✓  382 [chromium] › tests/e2e/action-states/action-state-submit.spec.ts:422:7 › Action-state full submit certification › [Bank Recon] reconMatchProposed: Review → match_status=reviewed (2.0s)
  ✓  383 [chromium] › tests/e2e/action-states/action-state-submit.spec.ts:439:7 › Action-state full submit certification › [Cash] cashReceiptUnapplied: Apply To Invoice → payment_application created (2.5s)
  ✓  384 [chromium] › tests/e2e/action-states/action-state-submit.spec.ts:457:7 › Action-state full submit certification › [Cash] cashReceiptVoidTarget: Void → receipt_status=voided (1.7s)
  ✓  385 [chromium] › tests/e2e/action-states/action-state-submit.spec.ts:471:7 › Action-state full submit certification › [Cash] cashReceiptVoid: Archive → receipt_status=archived (2.0s)
  ✓  386 [chromium] › tests/e2e/action-states/action-state-submit.spec.ts:485:7 › Action-state full submit certification › [Cash] paymentApplicationApplied: Void → application_status=voided (1.9s)
  ✓  387 [chromium] › tests/e2e/action-states/action-state-submit.spec.ts:499:7 › Action-state full submit certification › [Cash] paymentApplicationVoid: Archive → application_status=archived (1.7s)
  ✓  388 [chromium] › tests/e2e/action-states/action-state-submit.spec.ts:517:7 › Action-state full submit certification › [Invoice] invoiceDraft: Submit Review → status=ready_for_review (1.6s)
  ✓  389 [chromium] › tests/e2e/action-states/action-state-submit.spec.ts:530:7 › Action-state full submit certification › [Invoice] invoiceItemDraft: Reject → approval_status=rejected (1.9s)
  ✓  390 [chromium] › tests/e2e/action-states/action-state-submit.spec.ts:546:7 › Action-state full submit certification › [Invoice] invoiceUnderReview: Reject → status=rejected (1.7s)
  ✓  391 [chromium] › tests/e2e/action-states/action-state-submit.spec.ts:560:7 › Action-state full submit certification › [Invoice] legacy Mark Sent opens package review and blocks missing approved terms (1.6s)
  ✓  392 [chromium] › tests/e2e/action-states/action-state-submit.spec.ts:575:7 › Action-state full submit certification › [Invoice] invoiceDisputed: Resolve Dispute → status != disputed (1.7s)
  ✓  393 [chromium] › tests/e2e/action-states/action-state-submit.spec.ts:589:7 › Action-state full submit certification › [Invoice] invoiceVoid: Archive → status=archived (1.6s)
  ✓  394 [chromium] › tests/e2e/action-states/action-state-submit.spec.ts:605:7 › Action-state full submit certification › [Settlement] settlementDraft: Submit Review → status=ready_for_review (1.8s)
  ✓  395 [chromium] › tests/e2e/action-states/action-state-submit.spec.ts:618:7 › Action-state full submit certification › [Settlement] settlementUnderReview: Reject → status=rejected (1.8s)
  ✓  396 [chromium] › tests/e2e/action-states/action-state-submit.spec.ts:632:7 › Action-state full submit certification › [Settlement] settlementApproved: Mark Invoice Ready → invoice_ready (1.7s)
  ✓  397 [chromium] › tests/e2e/action-states/action-state-submit.spec.ts:649:7 › Action-state full submit certification › [Settlement] settlementDisputed: Resolve Dispute → status != disputed (1.7s)
  ✓  398 [chromium] › tests/e2e/action-states/action-state-submit.spec.ts:663:7 › Action-state full submit certification › [Settlement] settlementVoid: Archive → status=archived (1.6s)
  ✓  399 [chromium] › tests/e2e/action-states/action-state-submit.spec.ts:679:7 › Action-state full submit certification › [Collections] collectionCaseOpen: Assign Owner → assigned_owner_user_id set (1.6s)
  ✓  400 [chromium] › tests/e2e/action-states/action-state-submit.spec.ts:694:7 › Action-state full submit certification › [Collections] collectionCaseClosed: Archive → case_status=archived (1.6s)
  ✓  401 [chromium] › tests/e2e/action-states/action-state-submit.spec.ts:708:7 › Action-state full submit certification › [Collections] collectionActionPlanned: Complete → action_status=completed (1.5s)
  ✓  402 [chromium] › tests/e2e/action-states/action-state-submit.spec.ts:721:7 › Action-state full submit certification › [Collections] collectionActionCompleted: Archive Action → action_status=archived (1.5s)
  ✓  403 [chromium] › tests/e2e/action-states/action-state-submit.spec.ts:737:7 › Action-state full submit certification › [Contractor Payable] cpayDraft: Submit Review → status=ready_for_review (1.8s)
  ✓  404 [chromium] › tests/e2e/action-states/action-state-submit.spec.ts:750:7 › Action-state full submit certification › [Contractor Payable] cpayUnderReview: missing accepted-work lineage blocks Approve (1.6s)
  ✓  405 [chromium] › tests/e2e/action-states/action-state-submit.spec.ts:766:7 › Action-state full submit certification › [Contractor Payable] cpayApproved: missing accepted-work lineage blocks Mark Payment Ready (1.8s)
  ✓  406 [chromium] › tests/e2e/action-states/action-state-submit.spec.ts:782:7 › Action-state full submit certification › [Contractor Payable] cpayDisputed: Resolve Dispute → status != disputed (1.9s)
  ✓  407 [chromium] › tests/e2e/action-states/action-state-submit.spec.ts:796:7 › Action-state full submit certification › [Contractor Payable] cpayVoid: Archive → status=archived (1.8s)
  ✓  408 [chromium] › tests/e2e/action-states/action-state-submit.spec.ts:812:7 › Action-state full submit certification › [Payroll] payrollDraft: Submit Review → status=ready_for_review (1.7s)
  ✓  409 [chromium] › tests/e2e/action-states/action-state-submit.spec.ts:825:7 › Action-state full submit certification › [Payroll] payrollUnderReview: Approve → status=approved (1.7s)
  ✓  410 [chromium] › tests/e2e/action-states/action-state-submit.spec.ts:839:7 › Action-state full submit certification › [Payroll] payrollApproved: Mark Payroll Ready → payroll_readiness_status=ready_for_payroll (1.7s)
  ✓  411 [chromium] › tests/e2e/action-states/action-state-submit.spec.ts:853:7 › Action-state full submit certification › [Payroll] payrollDisputed: Resolve Dispute → status != disputed (1.9s)
  ✓  412 [chromium] › tests/e2e/action-states/action-state-submit.spec.ts:867:7 › Action-state full submit certification › [Payroll] payrollVoid: Archive → status=archived (2.0s)
  ✓  413 [chromium] › tests/e2e/action-states/action-state-submit.spec.ts:886:7 › Action-state full submit certification › [Payment Execution] paymentBatchDraft: Submit Review → status=ready_for_review (1.8s)
  ✓  414 [chromium] › tests/e2e/action-states/action-state-submit.spec.ts:899:7 › Action-state full submit certification › [Payment Execution] paymentItemDraft: Archive Item → status=archived (1.6s)
  ✓  415 [chromium] › tests/e2e/action-states/action-state-submit.spec.ts:913:7 › Action-state full submit certification › [Payment Execution] paymentBatchUnderReview: missing accepted-work lineage blocks advancement (1.7s)
  ✓  416 [chromium] › tests/e2e/action-states/action-state-submit.spec.ts:929:7 › Action-state full submit certification › [Payment Execution] paymentBatchApproved: missing accepted-work lineage blocks advancement (1.8s)
  ✓  417 [chromium] › tests/e2e/action-states/action-state-submit.spec.ts:945:7 › Action-state full submit certification › [Payment Execution] paymentBatchVoidTarget: Void → status=voided [deferred-fix] (1.8s)
  ✓  418 [chromium] › tests/e2e/action-states/action-state-submit.spec.ts:959:7 › Action-state full submit certification › [Payment Execution] paymentBatchScheduled: missing accepted-work lineage blocks advancement (2.0s)
  ✓  419 [chromium] › tests/e2e/action-states/action-state-submit.spec.ts:975:7 › Action-state full submit certification › [Payment Execution] paymentBatchExecutionSubmitted: missing accepted-work lineage blocks advancement (2.2s)
  ✓  420 [chromium] › tests/e2e/action-states/action-state-submit.spec.ts:992:7 › Action-state full submit certification › [Payment Execution] paymentBatchVoid: Archive → status=archived (2.0s)
  ✓  421 [chromium] › tests/e2e/action-states/action-state-submit.spec.ts:1008:7 › Action-state full submit certification › [Accounting Export] aexDraft: Submit Review → status=ready_for_review (1.9s)
  ✓  422 [chromium] › tests/e2e/action-states/action-state-submit.spec.ts:1021:7 › Action-state full submit certification › [Accounting Export] aexItemDraft: Archive Item → export_status=archived (1.6s)
  ✓  423 [chromium] › tests/e2e/action-states/action-state-submit.spec.ts:1035:7 › Action-state full submit certification › [Accounting Export] aexGenerated: Mark Submitted → export_status=submitted_later (1.8s)
  ✓  424 [chromium] › tests/e2e/action-states/action-state-submit.spec.ts:1049:7 › Action-state full submit certification › [Accounting Export] aexUnderReview: Approve → approval_status=approved (1.8s)
  ✓  425 [chromium] › tests/e2e/action-states/action-state-submit.spec.ts:1063:7 › Action-state full submit certification › [Accounting Export] aexSubmitted: Mark Accepted → export_status=accepted_later (2.0s)
  ✓  426 [chromium] › tests/e2e/action-states/action-state-submit.spec.ts:1077:7 › Action-state full submit certification › [Accounting Export] aexCancelable: Cancel → status=cancelled (1.9s)
  ✓  427 [chromium] › tests/e2e/boundaries/boundary-copy.spec.ts:31:9 › Boundary placeholder and copy certification › Production boundary copy is visible (1.5s)
  ✓  428 [chromium] › tests/e2e/boundaries/boundary-copy.spec.ts:31:9 › Boundary placeholder and copy certification › QC boundary copy is visible (1.5s)
  ✓  429 [chromium] › tests/e2e/boundaries/boundary-copy.spec.ts:31:9 › Boundary placeholder and copy certification › Billable boundary copy is visible (1.6s)
  ✓  430 [chromium] › tests/e2e/boundaries/boundary-copy.spec.ts:31:9 › Boundary placeholder and copy certification › Settlement boundary copy is visible (2.1s)
  ✓  431 [chromium] › tests/e2e/boundaries/boundary-copy.spec.ts:31:9 › Boundary placeholder and copy certification › Invoice boundary copy is visible (1.5s)
  ✓  432 [chromium] › tests/e2e/boundaries/boundary-copy.spec.ts:31:9 › Boundary placeholder and copy certification › Cash boundary copy is visible (1.6s)
  ✓  433 [chromium] › tests/e2e/boundaries/boundary-copy.spec.ts:31:9 › Boundary placeholder and copy certification › Collection boundary copy is visible (1.5s)
  ✓  434 [chromium] › tests/e2e/boundaries/boundary-copy.spec.ts:31:9 › Boundary placeholder and copy certification › Contractor boundary copy is visible (1.9s)
  ✓  435 [chromium] › tests/e2e/boundaries/boundary-copy.spec.ts:31:9 › Boundary placeholder and copy certification › Payroll boundary copy is visible (1.9s)
  ✓  436 [chromium] › tests/e2e/boundaries/boundary-copy.spec.ts:31:9 › Boundary placeholder and copy certification › Payment boundary copy is visible (1.9s)
  ✓  437 [chromium] › tests/e2e/boundaries/boundary-copy.spec.ts:31:9 › Boundary placeholder and copy certification › Bank boundary copy is visible (1.8s)
  ✓  438 [chromium] › tests/e2e/boundaries/boundary-copy.spec.ts:31:9 › Boundary placeholder and copy certification › Accounting boundary copy is visible (1.7s)
  ✓  439 [chromium] › tests/e2e/boundaries/downstream-creation.spec.ts:32:9 › Forbidden downstream creation boundaries › production inspection creates no forbidden downstream objects (1.2s)
  ✓  440 [chromium] › tests/e2e/boundaries/downstream-creation.spec.ts:32:9 › Forbidden downstream creation boundaries › invoice inspection creates no forbidden downstream objects (1.3s)
  ✓  441 [chromium] › tests/e2e/boundaries/downstream-creation.spec.ts:32:9 › Forbidden downstream creation boundaries › cash receipt inspection creates no forbidden downstream objects (1.6s)
  ✓  442 [chromium] › tests/e2e/boundaries/downstream-creation.spec.ts:32:9 › Forbidden downstream creation boundaries › collections inspection creates no forbidden downstream objects (1.3s)
  ✓  443 [chromium] › tests/e2e/boundaries/downstream-creation.spec.ts:32:9 › Forbidden downstream creation boundaries › payment execution inspection creates no forbidden downstream objects (1.3s)
  ✓  444 [chromium] › tests/e2e/boundaries/downstream-creation.spec.ts:32:9 › Forbidden downstream creation boundaries › bank reconciliation inspection creates no forbidden downstream objects (1.3s)
  ✓  445 [chromium] › tests/e2e/boundaries/downstream-creation.spec.ts:32:9 › Forbidden downstream creation boundaries › accounting export inspection creates no forbidden downstream objects (1.5s)
  ✓  446 [chromium] › tests/e2e/boundaries/source-mutation.spec.ts:12:7 › Source mutation boundaries › bank reconciliation inspection does not alter invoice balance fields (1.3s)
  ✓  447 [chromium] › tests/e2e/boundaries/source-mutation.spec.ts:19:7 › Source mutation boundaries › accounting export inspection does not alter source invoice or payment batch status (1.2s)
  ✓  448 [chromium] › tests/e2e/boundaries/source-mutation.spec.ts:26:7 › Source mutation boundaries › collections inspection does not alter invoice balance fields (1.2s)
  ✓  449 [chromium] › tests/e2e/detail-hydration/checkpoint-details.spec.ts:11:9 › Seeded detail hydration › Signal detail renders seeded checkpoint data (1.2s)
  ✓  450 [chromium] › tests/e2e/detail-hydration/checkpoint-details.spec.ts:11:9 › Seeded detail hydration › Organization detail renders seeded checkpoint data (1.1s)
  ✓  451 [chromium] › tests/e2e/detail-hydration/checkpoint-details.spec.ts:11:9 › Seeded detail hydration › Contact detail renders seeded checkpoint data (1.3s)
  ✓  452 [chromium] › tests/e2e/detail-hydration/checkpoint-details.spec.ts:11:9 › Seeded detail hydration › Relationship Map detail renders seeded checkpoint data (1.1s)
  ✓  453 [chromium] › tests/e2e/detail-hydration/checkpoint-details.spec.ts:11:9 › Seeded detail hydration › Opportunity Candidate detail renders seeded checkpoint data (1.3s)
  ✓  454 [chromium] › tests/e2e/detail-hydration/checkpoint-details.spec.ts:11:9 › Seeded detail hydration › Opportunity detail renders seeded checkpoint data (1.2s)
  ✓  455 [chromium] › tests/e2e/detail-hydration/checkpoint-details.spec.ts:11:9 › Seeded detail hydration › Coverage Plan detail renders seeded checkpoint data (1.2s)
  ✓  456 [chromium] › tests/e2e/detail-hydration/checkpoint-details.spec.ts:11:9 › Seeded detail hydration › Project detail renders seeded checkpoint data (1.2s)
  ✓  457 [chromium] › tests/e2e/detail-hydration/checkpoint-details.spec.ts:11:9 › Seeded detail hydration › Work Order detail renders seeded checkpoint data (1.2s)
  ✓  458 [chromium] › tests/e2e/detail-hydration/checkpoint-details.spec.ts:11:9 › Seeded detail hydration › Production Record detail renders seeded checkpoint data (1.2s)
  ✓  459 [chromium] › tests/e2e/detail-hydration/checkpoint-details.spec.ts:11:9 › Seeded detail hydration › QC Review detail renders seeded checkpoint data (1.1s)
  ✓  460 [chromium] › tests/e2e/detail-hydration/checkpoint-details.spec.ts:11:9 › Seeded detail hydration › Billable Item detail renders seeded checkpoint data (1.3s)
  ✓  461 [chromium] › tests/e2e/detail-hydration/checkpoint-details.spec.ts:11:9 › Seeded detail hydration › Settlement detail renders seeded checkpoint data (1.2s)
  ✓  462 [chromium] › tests/e2e/detail-hydration/checkpoint-details.spec.ts:11:9 › Seeded detail hydration › Invoice detail renders seeded checkpoint data (1.2s)
  ✓  463 [chromium] › tests/e2e/detail-hydration/checkpoint-details.spec.ts:11:9 › Seeded detail hydration › Cash Receipt detail renders seeded checkpoint data (1.1s)
  ✓  464 [chromium] › tests/e2e/detail-hydration/checkpoint-details.spec.ts:11:9 › Seeded detail hydration › Payment Application detail renders seeded checkpoint data (1.2s)
  ✓  465 [chromium] › tests/e2e/detail-hydration/checkpoint-details.spec.ts:11:9 › Seeded detail hydration › Collection Case detail renders seeded checkpoint data (1.2s)
  ✓  466 [chromium] › tests/e2e/detail-hydration/checkpoint-details.spec.ts:11:9 › Seeded detail hydration › Collection Action detail renders seeded checkpoint data (1.1s)
  ✓  467 [chromium] › tests/e2e/detail-hydration/checkpoint-details.spec.ts:11:9 › Seeded detail hydration › Contractor Payable detail renders seeded checkpoint data (1.1s)
  ✓  468 [chromium] › tests/e2e/detail-hydration/checkpoint-details.spec.ts:11:9 › Seeded detail hydration › Payroll Run detail renders seeded checkpoint data (1.4s)
  ✓  469 [chromium] › tests/e2e/detail-hydration/checkpoint-details.spec.ts:11:9 › Seeded detail hydration › Payment Batch detail renders seeded checkpoint data (1.2s)
  ✓  470 [chromium] › tests/e2e/detail-hydration/checkpoint-details.spec.ts:11:9 › Seeded detail hydration › Payment Item detail renders seeded checkpoint data (1.3s)
  ✓  471 [chromium] › tests/e2e/detail-hydration/checkpoint-details.spec.ts:11:9 › Seeded detail hydration › Bank Account detail renders seeded checkpoint data (1.3s)
  ✓  472 [chromium] › tests/e2e/detail-hydration/checkpoint-details.spec.ts:11:9 › Seeded detail hydration › Bank Transaction detail renders seeded checkpoint data (1.1s)
  ✓  473 [chromium] › tests/e2e/detail-hydration/checkpoint-details.spec.ts:11:9 › Seeded detail hydration › Reconciliation Match detail renders seeded checkpoint data (1.2s)
  ✓  474 [chromium] › tests/e2e/detail-hydration/checkpoint-details.spec.ts:11:9 › Seeded detail hydration › Accounting Export Batch detail renders seeded checkpoint data (1.2s)
  ✓  475 [chromium] › tests/e2e/detail-hydration/checkpoint-details.spec.ts:11:9 › Seeded detail hydration › Accounting Export Item detail renders seeded checkpoint data (1.1s)
  ✓  476 [chromium] › tests/e2e/executive-command-throughput.spec.ts:33:7 › P16 Executive Command Center throughput and daily decision support › authorized executive can open Command Center; Partner and cross-tenant users are denied (955ms)
  ✓  477 [chromium] › tests/e2e/executive-command-throughput.spec.ts:49:7 › P16 Executive Command Center throughput and daily decision support › growth and capacity KPIs consume P15/P14 without mutating opportunities or assignments (48ms)
  ✓  478 [chromium] › tests/e2e/executive-command-throughput.spec.ts:63:7 › P16 Executive Command Center throughput and daily decision support › production and Customer QC KPIs are unit-aware and separate Customer delay from Partner correction (19ms)
  ✓  479 [chromium] › tests/e2e/executive-command-throughput.spec.ts:76:7 › P16 Executive Command Center throughput and daily decision support › finance KPIs preserve Customer revenue and Partner payable chain separation (26ms)
  ✓  480 [chromium] › tests/e2e/executive-command-throughput.spec.ts:90:7 › P16 Executive Command Center throughput and daily decision support › daily actions are deterministic, deduped, routed, and do not execute source actions (48ms)
  ✓  481 [chromium] › tests/e2e/executive-command-throughput.spec.ts:104:7 › P16 Executive Command Center throughput and daily decision support › scheduled scan is locked and idempotent; no rates, secrets, Worker PII, or auto-actions leak (131ms)
  ✓  482 [chromium] › tests/e2e/internal-workforce.spec.ts:10:5 › Sync management provisions a real internal crew through field production with strict readiness and access boundaries (6.6s)
  ✓  483 [chromium] › tests/e2e/lifecycle/high-risk-modals.spec.ts:12:9 › High-risk lifecycle modal certification › Payment Execution: /Mark Executed/i modal opens with required fields and boundary copy (1.6s)
  ✓  484 [chromium] › tests/e2e/lifecycle/high-risk-modals.spec.ts:12:9 › High-risk lifecycle modal certification › Bank Reconciliation: /Open Exception/i modal opens with required fields and boundary copy (1.5s)
  ✓  485 [chromium] › tests/e2e/lifecycle/high-risk-modals.spec.ts:12:9 › High-risk lifecycle modal certification › Accounting Export: /Generate/i modal opens with required fields and boundary copy (1.6s)
  ✓  486 [chromium] › tests/e2e/lifecycle/high-risk-modals.spec.ts:12:9 › High-risk lifecycle modal certification › Accounting Export: /Mark Submitted/i modal opens with required fields and boundary copy (1.7s)
  ✓  487 [chromium] › tests/e2e/opportunity-capacity-matching.spec.ts:38:7 › P15 Opportunity capacity matching and recommendation intelligence › structured requirements are versioned and missing requirements are not guessed (53ms)
  ✓  488 [chromium] › tests/e2e/opportunity-capacity-matching.spec.ts:51:7 › P15 Opportunity capacity matching and recommendation intelligence › hard blockers override high scores and partner score remains distinct from match score (97ms)
  ✓  489 [chromium] › tests/e2e/opportunity-capacity-matching.spec.ts:67:7 › P15 Opportunity capacity matching and recommendation intelligence › capacity gap and multi-Partner coverage are explainable and do not assign work (29ms)
  ✓  490 [chromium] › tests/e2e/opportunity-capacity-matching.spec.ts:82:7 › P15 Opportunity capacity matching and recommendation intelligence › mandatory equipment blocks coverage where canonical equipment fit is missing (91ms)
  ✓  491 [chromium] › tests/e2e/opportunity-capacity-matching.spec.ts:91:7 › P15 Opportunity capacity matching and recommendation intelligence › shortlist and human decision are audited decision support, not assignment (38ms)
  ✓  492 [chromium] › tests/e2e/opportunity-capacity-matching.spec.ts:102:7 › P15 Opportunity capacity matching and recommendation intelligence › scheduled scan is locked and idempotent; Partner and cross-tenant access are denied (193ms)
  ✓  493 [chromium] › tests/e2e/partner-admin-invitations.spec.ts:47:7 › P18 Partner inquiry, invitation, and onboarding controls › public inquiry creates only a low-confidence inquiry and requires human qualification before invite (87ms)
  ✓  494 [chromium] › tests/e2e/partner-admin-invitations.spec.ts:95:7 › P18 Partner inquiry, invitation, and onboarding controls › Partner Admin invitation token lifecycle is hash-only, single-use, scoped, and race-safe (398ms)
  ✓  495 [chromium] › tests/e2e/partner-admin-invitations.spec.ts:170:7 › P18 Partner inquiry, invitation, and onboarding controls › Foreman invitation binds exact Worker/Crew assignment and rejects changed relationships (156ms)
  ✓  496 [chromium] › tests/e2e/partner-admin-invitations.spec.ts:212:7 › P18 Partner inquiry, invitation, and onboarding controls › onboarding workspace, approval boundary, analytics, and token-leak controls stay internal (68ms)
  ✓  497 [chromium] › tests/e2e/partner-admin-invitations.spec.ts:239:7 › P18 Partner inquiry, invitation, and onboarding controls › authenticated routing context is safe, server-trusted, and persona-aware (104ms)
  ✓  498 [chromium] › tests/e2e/partner-admin-invitations.spec.ts:276:7 › P18 Partner inquiry, invitation, and onboarding controls › production login uses email and password, then routes by server-trusted persona (656ms)
  ✓  499 [chromium] › tests/e2e/partner-admin-invitations.spec.ts:337:7 › P18 Partner inquiry, invitation, and onboarding controls › Partner Network workspace remains internal-only and preserves the human gate (88ms)
  ✓  500 [chromium] › tests/e2e/partner-admin-invitations.spec.ts:367:7 › P18 Partner inquiry, invitation, and onboarding controls › focused UI files encode login simplification, nav fail-closed, and Foreman Today route (15ms)
  ✓  501 [chromium] › tests/e2e/partner-agreements-work-orders-vehicles.spec.ts:47:7 › P5 Partner agreements, work orders, rates, and vehicles › internal user creates an MSA, enforces signer rules, and Partner can read only own safe view (304ms)
  ✓  502 [chromium] › tests/e2e/partner-agreements-work-orders-vehicles.spec.ts:137:7 › P5 Partner agreements, work orders, rates, and vehicles › Work Order activation preserves Partner rate isolation and cannot be managed by Partner users (199ms)
  ✓  503 [chromium] › tests/e2e/partner-agreements-work-orders-vehicles.spec.ts:182:7 › P5 Partner agreements, work orders, rates, and vehicles › vehicle custody, operators, condition, and allocation are tenant and Partner safe (153ms)
  ✓  504 [chromium] › tests/e2e/partner-agreements-work-orders-vehicles.spec.ts:233:7 › P5 Partner agreements, work orders, rates, and vehicles › vehicle agreement artifacts are restricted and Foreman sees only safe operational summary (208ms)
  ✓  505 [chromium] › tests/e2e/partner-agreements-work-orders-vehicles.spec.ts:256:7 › P5 Partner agreements, work orders, rates, and vehicles › events and audit omit restricted legal bytes, storage keys, internal rates, and internal notes (22ms)
  ✓  506 [chromium] › tests/e2e/partner-compliance-onboarding.spec.ts:38:7 › P3 Partner compliance onboarding foundation › setup declarations are scoped, idempotent, reviewable, and do not change readiness (204ms)
  ✓  507 [chromium] › tests/e2e/partner-compliance-onboarding.spec.ts:58:7 › P3 Partner compliance onboarding foundation › empty Partner compliance summary is organization scoped and Foreman safe (65ms)
  ✓  508 [chromium] › tests/e2e/partner-compliance-onboarding.spec.ts:77:7 › P3 Partner compliance onboarding foundation › Partner Admin submits own profile, W-9, payment readiness, and insurance without broadening scope (587ms)
  ✓  509 [chromium] › tests/e2e/partner-compliance-onboarding.spec.ts:156:7 › P3 Partner compliance onboarding foundation › restricted evidence is never public and remains tenant and Partner scoped (95ms)
  ✓  510 [chromium] › tests/e2e/partner-compliance-onboarding.spec.ts:173:7 › P3 Partner compliance onboarding foundation › internal reviewer verifies records, Partner users cannot self-approve, and compliance becomes ready (230ms)
  ✓  511 [chromium] › tests/e2e/partner-compliance-onboarding.spec.ts:208:7 › P3 Partner compliance onboarding foundation › insurance limit and expiration changes recalculate blockers and preserve version history (90ms)
  ✓  512 [chromium] › tests/e2e/partner-mobilization-readiness.spec.ts:56:7 › P6 Partner mobilization readiness and Notice to Proceed › evaluates canonical assignment context and blocks on missing source readiness (78ms)
  ✓  513 [chromium] › tests/e2e/partner-mobilization-readiness.spec.ts:73:7 › P6 Partner mobilization readiness and Notice to Proceed › enforces override governance and clears only overrideable administrative blockers (97ms)
  ✓  514 [chromium] › tests/e2e/partner-mobilization-readiness.spec.ts:99:7 › P6 Partner mobilization readiness and Notice to Proceed › approves mobilization, issues structured Notice, and keeps production start separate from QC and settlement (170ms)
  ✓  515 [chromium] › tests/e2e/partner-mobilization-readiness.spec.ts:126:7 › P6 Partner mobilization readiness and Notice to Proceed › Partner Admin and Foreman see only safe own Notice/readiness and acknowledgment is receipt-only (126ms)
  ✓  516 [chromium] › tests/e2e/partner-mobilization-readiness.spec.ts:153:7 › P6 Partner mobilization readiness and Notice to Proceed › canonical source mutations automatically invalidate readiness and hold authorization without restricted payload leaks (152ms)
  ✓  517 [chromium] › tests/e2e/partner-mobilization-readiness.spec.ts:217:7 › P6 Partner mobilization readiness and Notice to Proceed › canonical P3/P4/P5 source events automatically invalidate ready authorization (2.0s)
{"timestamp":"2026-10-05T04:01:12.145Z","category":"Event","message":"event_created","tenantId":"d0cf3400-bb13-406c-a8a6-fe25867e7bb7","actorUserId":"1a36d466-92e3-41eb-82a1-c0bfa7b466e3","eventId":"3eca57cb-0693-4615-83b1-7a3586564e60","eventType":"partner_insurance_policy.expired","aggregateType":"partner_insurance_policy","aggregateId":"5b1ca5d6-ea45-4121-9104-f4df9db040fc"}
{"timestamp":"2026-10-05T04:01:12.148Z","category":"Audit","message":"audit_log_created","tenantId":"d0cf3400-bb13-406c-a8a6-fe25867e7bb7","actorUserId":"1a36d466-92e3-41eb-82a1-c0bfa7b466e3","action":"mobilization_expiration.scan","entityType":"partner_insurance_policy","entityId":"5b1ca5d6-ea45-4121-9104-f4df9db040fc"}
{"timestamp":"2026-10-05T04:01:12.162Z","category":"Event","message":"event_created","tenantId":"d0cf3400-bb13-406c-a8a6-fe25867e7bb7","actorUserId":"1a36d466-92e3-41eb-82a1-c0bfa7b466e3","eventId":"55ea6a05-bb56-4aef-ac5c-27e24a154553","eventType":"mobilization_readiness.changed","aggregateType":"mobilization_readiness","aggregateId":"1b9d56e0-077c-4a40-85f6-5b30a1535871"}
{"timestamp":"2026-10-05T04:01:12.163Z","category":"Audit","message":"audit_log_created","tenantId":"d0cf3400-bb13-406c-a8a6-fe25867e7bb7","actorUserId":"1a36d466-92e3-41eb-82a1-c0bfa7b466e3","action":"mobilization_readiness.source_event_invalidate","entityType":"mobilization_readiness","entityId":"1b9d56e0-077c-4a40-85f6-5b30a1535871"}
{"timestamp":"2026-10-05T04:01:12.168Z","category":"Event","message":"event_created","tenantId":"d0cf3400-bb13-406c-a8a6-fe25867e7bb7","actorUserId":"1a36d466-92e3-41eb-82a1-c0bfa7b466e3","eventId":"d0012daa-b2b5-4547-9089-f48b3dd890ec","eventType":"mobilization.held","aggregateType":"mobilization_decision","aggregateId":"9339d70d-02a3-4ba3-a2df-699053e65f29"}
{"timestamp":"2026-10-05T04:01:12.169Z","category":"Audit","message":"audit_log_created","tenantId":"d0cf3400-bb13-406c-a8a6-fe25867e7bb7","actorUserId":"1a36d466-92e3-41eb-82a1-c0bfa7b466e3","action":"mobilization.source_event_hold","entityType":"mobilization_decision","entityId":"9339d70d-02a3-4ba3-a2df-699053e65f29"}
{"timestamp":"2026-10-05T04:01:12.173Z","category":"Event","message":"event_created","tenantId":"d0cf3400-bb13-406c-a8a6-fe25867e7bb7","actorUserId":"1a36d466-92e3-41eb-82a1-c0bfa7b466e3","eventId":"9b162c2e-7c29-43f3-90c1-983be385b3fe","eventType":"notice_to_proceed.held","aggregateType":"notice_to_proceed","aggregateId":"101744d6-673e-4238-9b30-b492272d1697"}
{"timestamp":"2026-10-05T04:01:12.174Z","category":"Audit","message":"audit_log_created","tenantId":"d0cf3400-bb13-406c-a8a6-fe25867e7bb7","actorUserId":"1a36d466-92e3-41eb-82a1-c0bfa7b466e3","action":"notice_to_proceed.source_event_hold","entityType":"notice_to_proceed","entityId":"101744d6-673e-4238-9b30-b492272d1697"}
{"timestamp":"2026-10-05T04:01:12.176Z","category":"Event","message":"event_created","tenantId":"d0cf3400-bb13-406c-a8a6-fe25867e7bb7","actorUserId":"1a36d466-92e3-41eb-82a1-c0bfa7b466e3","eventId":"e17f5cc5-8bb8-4428-b20b-8dab2976dc8b","eventType":"production_start.held","aggregateType":"production_start","aggregateId":"2c27f825-1d2b-4680-8727-0fe835c664ba"}
{"timestamp":"2026-10-05T04:01:12.177Z","category":"Audit","message":"audit_log_created","tenantId":"d0cf3400-bb13-406c-a8a6-fe25867e7bb7","actorUserId":"1a36d466-92e3-41eb-82a1-c0bfa7b466e3","action":"production_start.source_event_hold","entityType":"production_start_authorization","entityId":"2c27f825-1d2b-4680-8727-0fe835c664ba"}
{"timestamp":"2026-10-05T04:01:12.180Z","category":"Event","message":"event_created","tenantId":"d0cf3400-bb13-406c-a8a6-fe25867e7bb7","actorUserId":"1a36d466-92e3-41eb-82a1-c0bfa7b466e3","eventId":"80d65a64-5c00-4ff7-a43e-fcd3f74687be","eventType":"worker_credential.expired","aggregateType":"worker_credential","aggregateId":"70fd324d-c88a-4d64-8d7a-5cf67fca5dc1"}
{"timestamp":"2026-10-05T04:01:12.181Z","category":"Audit","message":"audit_log_created","tenantId":"d0cf3400-bb13-406c-a8a6-fe25867e7bb7","actorUserId":"1a36d466-92e3-41eb-82a1-c0bfa7b466e3","action":"mobilization_expiration.scan","entityType":"worker_credential","entityId":"70fd324d-c88a-4d64-8d7a-5cf67fca5dc1"}
{"timestamp":"2026-10-05T04:01:12.192Z","category":"Event","message":"event_created","tenantId":"d0cf3400-bb13-406c-a8a6-fe25867e7bb7","actorUserId":"1a36d466-92e3-41eb-82a1-c0bfa7b466e3","eventId":"2cd3d332-2043-4cf4-8881-0de0e6931e44","eventType":"mobilization_readiness.changed","aggregateType":"mobilization_readiness","aggregateId":"1e5d166d-e2e4-4879-acf5-b1bad5c0ef56"}
{"timestamp":"2026-10-05T04:01:12.193Z","category":"Audit","message":"audit_log_created","tenantId":"d0cf3400-bb13-406c-a8a6-fe25867e7bb7","actorUserId":"1a36d466-92e3-41eb-82a1-c0bfa7b466e3","action":"mobilization_readiness.source_event_invalidate","entityType":"mobilization_readiness","entityId":"1e5d166d-e2e4-4879-acf5-b1bad5c0ef56"}
{"timestamp":"2026-10-05T04:01:12.197Z","category":"Event","message":"event_created","tenantId":"d0cf3400-bb13-406c-a8a6-fe25867e7bb7","actorUserId":"1a36d466-92e3-41eb-82a1-c0bfa7b466e3","eventId":"254c5e7a-d094-4cc3-b373-02bd13a60ee5","eventType":"worker_credential.expired","aggregateType":"worker_credential","aggregateId":"70fd324d-c88a-4d64-8d7a-5cf67fca5dc1"}
{"timestamp":"2026-10-05T04:01:12.198Z","category":"Audit","message":"audit_log_created","tenantId":"d0cf3400-bb13-406c-a8a6-fe25867e7bb7","actorUserId":"1a36d466-92e3-41eb-82a1-c0bfa7b466e3","action":"mobilization_expiration.scan","entityType":"worker_credential","entityId":"70fd324d-c88a-4d64-8d7a-5cf67fca5dc1"}
{"timestamp":"2026-10-05T04:01:12.204Z","category":"Event","message":"event_created","tenantId":"d0cf3400-bb13-406c-a8a6-fe25867e7bb7","actorUserId":"1a36d466-92e3-41eb-82a1-c0bfa7b466e3","eventId":"16060752-d062-456a-8813-61c8264ae920","eventType":"vehicle_assignment.inspection_expired","aggregateType":"vehicle_assignment","aggregateId":"e772df0a-cb66-44f4-9330-a301a9474a44"}
{"timestamp":"2026-10-05T04:01:12.205Z","category":"Audit","message":"audit_log_created","tenantId":"d0cf3400-bb13-406c-a8a6-fe25867e7bb7","actorUserId":"1a36d466-92e3-41eb-82a1-c0bfa7b466e3","action":"mobilization_expiration.scan","entityType":"vehicle_assignment","entityId":"e772df0a-cb66-44f4-9330-a301a9474a44"}
{"timestamp":"2026-10-05T04:01:12.215Z","category":"Event","message":"event_created","tenantId":"d0cf3400-bb13-406c-a8a6-fe25867e7bb7","actorUserId":"1a36d466-92e3-41eb-82a1-c0bfa7b466e3","eventId":"3ae36f48-c604-4ae5-8649-8c6c09cf2ec4","eventType":"mobilization_readiness.changed","aggregateType":"mobilization_readiness","aggregateId":"40df611d-bbac-4c2e-aaa7-cb29c453b643"}
{"timestamp":"2026-10-05T04:01:12.217Z","category":"Audit","message":"audit_log_created","tenantId":"d0cf3400-bb13-406c-a8a6-fe25867e7bb7","actorUserId":"1a36d466-92e3-41eb-82a1-c0bfa7b466e3","action":"mobilization_readiness.source_event_invalidate","entityType":"mobilization_readiness","entityId":"40df611d-bbac-4c2e-aaa7-cb29c453b643"}
{"timestamp":"2026-10-05T04:01:12.222Z","category":"Event","message":"event_created","tenantId":"d0cf3400-bb13-406c-a8a6-fe25867e7bb7","actorUserId":"1a36d466-92e3-41eb-82a1-c0bfa7b466e3","eventId":"61186671-99d2-4710-9e0c-2763b7cb31b8","eventType":"mobilization_override.expired","aggregateType":"mobilization_override","aggregateId":"06016eae-9d00-4213-a958-bd9c7a3a57a8"}
{"timestamp":"2026-10-05T04:01:12.222Z","category":"Audit","message":"audit_log_created","tenantId":"d0cf3400-bb13-406c-a8a6-fe25867e7bb7","actorUserId":"1a36d466-92e3-41eb-82a1-c0bfa7b466e3","action":"mobilization_expiration.scan","entityType":"mobilization_override","entityId":"06016eae-9d00-4213-a958-bd9c7a3a57a8"}
{"timestamp":"2026-10-05T04:01:12.229Z","category":"Event","message":"event_created","tenantId":"d0cf3400-bb13-406c-a8a6-fe25867e7bb7","actorUserId":"1a36d466-92e3-41eb-82a1-c0bfa7b466e3","eventId":"7a712b11-ccd8-417f-8b9b-3b44856c5f90","eventType":"mobilization_readiness.changed","aggregateType":"mobilization_readiness","aggregateId":"57d308ba-ab4e-4a0a-8c1b-00036008f678"}
{"timestamp":"2026-10-05T04:01:12.230Z","category":"Audit","message":"audit_log_created","tenantId":"d0cf3400-bb13-406c-a8a6-fe25867e7bb7","actorUserId":"1a36d466-92e3-41eb-82a1-c0bfa7b466e3","action":"mobilization_readiness.source_event_invalidate","entityType":"mobilization_readiness","entityId":"57d308ba-ab4e-4a0a-8c1b-00036008f678"}
{"timestamp":"2026-10-05T04:01:12.234Z","category":"Event","message":"event_created","tenantId":"d0cf3400-bb13-406c-a8a6-fe25867e7bb7","actorUserId":"1a36d466-92e3-41eb-82a1-c0bfa7b466e3","eventId":"bf5ca442-b093-4bcd-92f5-11a86dc9fd4d","eventType":"mobilization_decision.expired","aggregateType":"mobilization_decision","aggregateId":"f12defda-4259-4392-bbe8-4d7dd5c6904c"}
{"timestamp":"2026-10-05T04:01:12.235Z","category":"Audit","message":"audit_log_created","tenantId":"d0cf3400-bb13-406c-a8a6-fe25867e7bb7","actorUserId":"1a36d466-92e3-41eb-82a1-c0bfa7b466e3","action":"mobilization_expiration.scan","entityType":"mobilization_decision","entityId":"f12defda-4259-4392-bbe8-4d7dd5c6904c"}
{"timestamp":"2026-10-05T04:01:12.243Z","category":"Event","message":"event_created","tenantId":"d0cf3400-bb13-406c-a8a6-fe25867e7bb7","actorUserId":"1a36d466-92e3-41eb-82a1-c0bfa7b466e3","eventId":"29cde2d6-1722-4882-a650-489b137c5ee7","eventType":"mobilization_readiness.changed","aggregateType":"mobilization_readiness","aggregateId":"aed1fb7f-d421-42de-8914-0bc7eb1a629f"}
{"timestamp":"2026-10-05T04:01:12.244Z","category":"Audit","message":"audit_log_created","tenantId":"d0cf3400-bb13-406c-a8a6-fe25867e7bb7","actorUserId":"1a36d466-92e3-41eb-82a1-c0bfa7b466e3","action":"mobilization_readiness.source_event_invalidate","entityType":"mobilization_readiness","entityId":"aed1fb7f-d421-42de-8914-0bc7eb1a629f"}
{"timestamp":"2026-10-05T04:01:12.269Z","category":"Event","message":"event_created","tenantId":"d0cf3400-bb13-406c-a8a6-fe25867e7bb7","actorUserId":"1a36d466-92e3-41eb-82a1-c0bfa7b466e3","eventId":"4e1bfdd7-eb74-412d-bb1a-522422a52db4","eventType":"partner_insurance_policy.expired","aggregateType":"partner_insurance_policy","aggregateId":"5b1ca5d6-ea45-4121-9104-f4df9db040fc"}
{"timestamp":"2026-10-05T04:01:12.270Z","category":"Audit","message":"audit_log_created","tenantId":"d0cf3400-bb13-406c-a8a6-fe25867e7bb7","actorUserId":"1a36d466-92e3-41eb-82a1-c0bfa7b466e3","action":"mobilization_expiration.scan","entityType":"partner_insurance_policy","entityId":"5b1ca5d6-ea45-4121-9104-f4df9db040fc"}
{"timestamp":"2026-10-05T04:01:12.275Z","category":"Event","message":"event_created","tenantId":"d0cf3400-bb13-406c-a8a6-fe25867e7bb7","actorUserId":"1a36d466-92e3-41eb-82a1-c0bfa7b466e3","eventId":"a053fc4f-366c-4f17-ab15-24ef7f39ff80","eventType":"worker_credential.expired","aggregateType":"worker_credential","aggregateId":"70fd324d-c88a-4d64-8d7a-5cf67fca5dc1"}
{"timestamp":"2026-10-05T04:01:12.276Z","category":"Audit","message":"audit_log_created","tenantId":"d0cf3400-bb13-406c-a8a6-fe25867e7bb7","actorUserId":"1a36d466-92e3-41eb-82a1-c0bfa7b466e3","action":"mobilization_expiration.scan","entityType":"worker_credential","entityId":"70fd324d-c88a-4d64-8d7a-5cf67fca5dc1"}
{"timestamp":"2026-10-05T04:01:12.281Z","category":"Event","message":"event_created","tenantId":"d0cf3400-bb13-406c-a8a6-fe25867e7bb7","actorUserId":"1a36d466-92e3-41eb-82a1-c0bfa7b466e3","eventId":"146992e2-f046-4d22-8a6c-f70aad370d87","eventType":"worker_credential.expired","aggregateType":"worker_credential","aggregateId":"70fd324d-c88a-4d64-8d7a-5cf67fca5dc1"}
{"timestamp":"2026-10-05T04:01:12.282Z","category":"Audit","message":"audit_log_created","tenantId":"d0cf3400-bb13-406c-a8a6-fe25867e7bb7","actorUserId":"1a36d466-92e3-41eb-82a1-c0bfa7b466e3","action":"mobilization_expiration.scan","entityType":"worker_credential","entityId":"70fd324d-c88a-4d64-8d7a-5cf67fca5dc1"}
{"timestamp":"2026-10-05T04:01:12.286Z","category":"Event","message":"event_created","tenantId":"d0cf3400-bb13-406c-a8a6-fe25867e7bb7","actorUserId":"1a36d466-92e3-41eb-82a1-c0bfa7b466e3","eventId":"fa402505-6d07-4886-8f90-c95688056d60","eventType":"vehicle_assignment.inspection_expired","aggregateType":"vehicle_assignment","aggregateId":"e772df0a-cb66-44f4-9330-a301a9474a44"}
{"timestamp":"2026-10-05T04:01:12.287Z","category":"Audit","message":"audit_log_created","tenantId":"d0cf3400-bb13-406c-a8a6-fe25867e7bb7","actorUserId":"1a36d466-92e3-41eb-82a1-c0bfa7b466e3","action":"mobilization_expiration.scan","entityType":"vehicle_assignment","entityId":"e772df0a-cb66-44f4-9330-a301a9474a44"}
  ✓  518 [chromium] › tests/e2e/partner-mobilization-readiness.spec.ts:291:7 › P6 Partner mobilization readiness and Notice to Proceed › scheduled expiration scan invalidates time-based sources and is idempotent (457ms)
  ✓  519 [chromium] › tests/e2e/partner-mobilization-readiness.spec.ts:335:7 › P6 Partner mobilization readiness and Notice to Proceed › duplicate and older source-event replay does not duplicate or restore authorization (243ms)
  ✓  520 [chromium] › tests/e2e/partner-performance-capacity.spec.ts:34:7 › P14 Partner performance, reputation, and capacity intelligence › recalculation creates one explainable versioned score snapshot and is idempotent (83ms)
  ✓  521 [chromium] › tests/e2e/partner-performance-capacity.spec.ts:50:7 › P14 Partner performance, reputation, and capacity intelligence › Daily Report timeliness uses operational timezone and leaves missing timezone unevaluated (347ms)
  ✓  522 [chromium] › tests/e2e/partner-performance-capacity.spec.ts:77:7 › P14 Partner performance, reputation, and capacity intelligence › quality, sample size, mixed units, and critical risk stay separate and explainable (59ms)
  ✓  523 [chromium] › tests/e2e/partner-performance-capacity.spec.ts:97:7 › P14 Partner performance, reputation, and capacity intelligence › capacity intelligence distinguishes verified ready capacity from unverified stated capacity (206ms)
  ✓  524 [chromium] › tests/e2e/partner-performance-capacity.spec.ts:115:7 › P14 Partner performance, reputation, and capacity intelligence › run-once scheduled scan is locked, idempotent, and time-sensitive for capacity horizons and critical risk (199ms)
  ✓  525 [chromium] › tests/e2e/partner-performance-capacity.spec.ts:135:7 › P14 Partner performance, reputation, and capacity intelligence › Partner Admin sees only own safe scorecard; Foreman and cross-tenant access are denied (58ms)
  ✓  526 [chromium] › tests/e2e/partner-portal-shell.spec.ts:43:7 › P7 Partner Portal shell › Partner Admin enters dashboard with safe P1-P6 operational summary (1.7s)
  ✓  527 [chromium] › tests/e2e/partner-portal-shell.spec.ts:79:7 › P7 Partner Portal shell › Partner Admin workspaces expose safe company, workforce, agreement, vehicle, and mobilization views (3.7s)
  ✓  528 [chromium] › tests/e2e/partner-portal-shell.spec.ts:120:7 › P7 Partner Portal shell › Partner Foreman receives field-focused navigation and no company-sensitive workspaces (1.9s)
  ✓  529 [chromium] › tests/e2e/partner-portal-shell.spec.ts:153:7 › P7 Partner Portal shell › guessed IDs and cross-Partner scope do not broaden Partner Portal access (1.8s)
  ✓  530 [chromium] › tests/e2e/partner-portal-shell.spec.ts:172:7 › P7 Partner Portal shell › Partner and SyncField shells reach terminal UI states without browser dialogs or client organization scope (2.0s)
  ✓  531 [chromium] › tests/e2e/partner-workforce-credentials.spec.ts:38:7 › P4 Partner crews, workers, credentials, and secure headshots › Partner Admin creates own Workers but cannot cross Partner scope or self-approve (150ms)
  ✓  532 [chromium] › tests/e2e/partner-workforce-credentials.spec.ts:72:7 › P4 Partner crews, workers, credentials, and secure headshots › Headshot upload stores actual bytes and enforces tenant, Partner, and persona authorization (198ms)
  ✓  533 [chromium] › tests/e2e/partner-workforce-credentials.spec.ts:110:7 › P4 Partner crews, workers, credentials, and secure headshots › Credentials are Partner-scoped, review-only internally, and readiness blocks on unverified or expired required credentials (274ms)
  ✓  534 [chromium] › tests/e2e/partner-workforce-credentials.spec.ts:142:7 › P4 Partner crews, workers, credentials, and secure headshots › Crews preserve membership history, foreman links gate Foreman roster/headshot access, and readiness is derived (673ms)
  ✓  535 [chromium] › tests/e2e/partner-workforce-credentials.spec.ts:183:7 › P4 Partner crews, workers, credentials, and secure headshots › events and audit payloads omit restricted PII and file storage details (192ms)
{"timestamp":"2026-10-05T04:01:27.479Z","category":"Event","message":"event_created","tenantId":"622c7064-57e0-4177-bef9-21da60f7e9b3","actorUserId":"131f70e7-a54f-43e2-a278-8f0ae659fdf7","eventId":"68bc740b-22fd-48ac-8460-682fbe5e7d50","eventType":"contractor_payable.eligibility_changed","aggregateType":"contractor_payable","aggregateId":"96dbbe5c-62f5-406e-b00f-e47370556d6b"}
{"timestamp":"2026-10-05T04:01:27.482Z","category":"Audit","message":"audit_log_created","tenantId":"622c7064-57e0-4177-bef9-21da60f7e9b3","actorUserId":"131f70e7-a54f-43e2-a278-8f0ae659fdf7","action":"contractor_payable.eligibility_changed","entityType":"contractor_payable","entityId":"96dbbe5c-62f5-406e-b00f-e47370556d6b"}
  ✓  536 [chromium] › tests/e2e/payment-retainage-adjustments.spec.ts:39:7 › P13 payment, retainage, and controlled financial adjustments › eligible Contractor Payable creates, submits, and confirms one Partner payment instruction (336ms)
  ✓  537 [chromium] › tests/e2e/payment-retainage-adjustments.spec.ts:79:7 › P13 payment, retainage, and controlled financial adjustments › failed provider attempt preserves history and releases in-flight amount for retry (139ms)
  ✓  538 [chromium] › tests/e2e/payment-retainage-adjustments.spec.ts:97:7 › P13 payment, retainage, and controlled financial adjustments › retainage release creates separate payable and preserves original retained history (416ms)
  ✓  539 [chromium] › tests/e2e/payment-retainage-adjustments.spec.ts:143:7 › P13 payment, retainage, and controlled financial adjustments › controlled adjustment preserves issued invoice and Partner payment view remains scoped and redacted (66ms)
{"timestamp":"2026-10-05T04:01:28.843Z","category":"Event","message":"event_created","tenantId":"43392386-66a9-4a23-a9bb-8499cb4e0687","actorUserId":"62f1ce05-993c-4b71-94d2-05879cb5c408","eventId":"82c9bd4f-4362-4e69-bf31-2a28d437efc9","eventType":"contractor_payable.eligibility_changed","aggregateType":"contractor_payable","aggregateId":"6a133ca9-2f1a-4dc6-823c-c3366cf72f67"}
{"timestamp":"2026-10-05T04:01:28.846Z","category":"Audit","message":"audit_log_created","tenantId":"43392386-66a9-4a23-a9bb-8499cb4e0687","actorUserId":"62f1ce05-993c-4b71-94d2-05879cb5c408","action":"contractor_payable.eligibility_changed","entityType":"contractor_payable","entityId":"6a133ca9-2f1a-4dc6-823c-c3366cf72f67"}
  ✓  540 [chromium] › tests/e2e/payment-retainage-adjustments.spec.ts:307:5 › external payment records are idempotent, evidence-backed, and serialized against concurrent overpayment (537ms)
{"timestamp":"2026-10-05T04:01:29.391Z","category":"Event","message":"event_created","tenantId":"6c54e204-0ca4-4966-91f8-3df784df3e0b","actorUserId":"5a07ba68-999e-4f32-87f5-0341201853f2","eventId":"12a25dbf-559b-4069-9397-1ca0ca4d1634","eventType":"contractor_payable.eligibility_changed","aggregateType":"contractor_payable","aggregateId":"26f5b316-cdbf-4057-b1ac-a6617e0a9c96"}
{"timestamp":"2026-10-05T04:01:29.394Z","category":"Audit","message":"audit_log_created","tenantId":"6c54e204-0ca4-4966-91f8-3df784df3e0b","actorUserId":"5a07ba68-999e-4f32-87f5-0341201853f2","action":"contractor_payable.eligibility_changed","entityType":"contractor_payable","entityId":"26f5b316-cdbf-4057-b1ac-a6617e0a9c96"}
  ✓  541 [chromium] › tests/e2e/payment-retainage-adjustments.spec.ts:345:5 › competing pending retainage authorizations cannot exceed the remaining balance (622ms)
{"timestamp":"2026-10-05T04:01:30.019Z","category":"Event","message":"event_created","tenantId":"8eaeea8e-be4a-4fa0-873d-40da76f26ebf","actorUserId":"c92595bd-0a99-425b-9bcd-53ff70028141","eventId":"6f84a1f4-8716-4e19-8b79-09c47be2c9f6","eventType":"contractor_payable.eligibility_changed","aggregateType":"contractor_payable","aggregateId":"b664a071-9fea-44bb-bcae-fc793a834a17"}
{"timestamp":"2026-10-05T04:01:30.022Z","category":"Audit","message":"audit_log_created","tenantId":"8eaeea8e-be4a-4fa0-873d-40da76f26ebf","actorUserId":"c92595bd-0a99-425b-9bcd-53ff70028141","action":"contractor_payable.eligibility_changed","entityType":"contractor_payable","entityId":"b664a071-9fea-44bb-bcae-fc793a834a17"}
  ✓  542 [chromium] › tests/e2e/payment-retainage-adjustments.spec.ts:366:5 › payment advancement rejects unverified agreements and duplicate payable exposure (370ms)
{"timestamp":"2026-10-05T04:01:30.548Z","category":"Event","message":"event_created","tenantId":"2e898f61-67a1-4aa1-a7b7-437f35ece1a7","actorUserId":"d1262ddf-d955-456d-bad1-1dc50e73e28a","eventId":"6368d28a-8865-4010-9056-2ffd7fcf72ff","eventType":"contractor_payable.eligibility_changed","aggregateType":"contractor_payable","aggregateId":"7e0b94d6-d76c-490d-9c23-23add1b433a2"}
{"timestamp":"2026-10-05T04:01:30.551Z","category":"Audit","message":"audit_log_created","tenantId":"2e898f61-67a1-4aa1-a7b7-437f35ece1a7","actorUserId":"d1262ddf-d955-456d-bad1-1dc50e73e28a","action":"contractor_payable.eligibility_changed","entityType":"contractor_payable","entityId":"7e0b94d6-d76c-490d-9c23-23add1b433a2"}
  ✓  543 [chromium] › tests/e2e/payment-retainage-adjustments.spec.ts:383:5 › finance review UI retains unmatched observations without posting payments and hides controls from foremen (1.5s)
  ✓  544 [chromium] › tests/e2e/personas/minimum-personas.spec.ts:17:7 › Minimum persona permission certification › system admin has broad workspace and action visibility (1.5s)
  ✓  545 [chromium] › tests/e2e/personas/minimum-personas.spec.ts:30:7 › Minimum persona permission certification › operations manager can read execution but backend denies finance mutation (836ms)
  ✓  546 [chromium] › tests/e2e/personas/minimum-personas.spec.ts:41:7 › Minimum persona permission certification › finance user can read finance workspaces and lacks production mutation permissions (1.1s)
  ✓  547 [chromium] › tests/e2e/personas/minimum-personas.spec.ts:54:7 › Minimum persona permission certification › read-only auditor can read but cannot create or mutate (1.1s)
  ✓  548 [chromium] › tests/e2e/production-readiness.spec.ts:42:7 › P17 production readiness release-candidate acceptance › onboarding to mobilization facts are scoped and canonical (8ms)
  ✓  549 [chromium] › tests/e2e/production-readiness.spec.ts:58:7 › P17 production readiness release-candidate acceptance › field-day and offline operating envelope preserve submitted production exactly once (10ms)
  ✓  550 [chromium] › tests/e2e/production-readiness.spec.ts:68:7 › P17 production readiness release-candidate acceptance › Customer QC, correction, reinspection, and accepted quantity remain lineage-safe (7ms)
  ✓  551 [chromium] › tests/e2e/production-readiness.spec.ts:90:7 › P17 production readiness release-candidate acceptance › billing, cash, payable, and executive finance KPIs keep Customer AR separate from Partner AP (87ms)
  ✓  552 [chromium] › tests/e2e/production-readiness.spec.ts:100:7 › P17 production readiness release-candidate acceptance › historical payable without accepted-work settlement items cannot advance to payment (30ms)
  ✓  553 [chromium] › tests/e2e/production-readiness.spec.ts:109:7 › P17 production readiness release-candidate acceptance › performance, opportunity matching, and command intelligence are recommendation-only (170ms)
  ✓  554 [chromium] › tests/e2e/production-readiness.spec.ts:121:7 › P17 production readiness release-candidate acceptance › generic-route bypass and cross-tenant attacks are denied (104ms)
  ✓  555 [chromium] › tests/e2e/production-readiness.spec.ts:137:7 › P17 production readiness release-candidate acceptance › Partner Foreman has no finance, ranking, Command Center, or sensitive data access (44ms)
  ✓  556 [chromium] › tests/e2e/production-readiness.spec.ts:147:7 › P17 production readiness release-candidate acceptance › Partner Admin cannot see competitor intelligence or internal command data (29ms)
  ✓  557 [chromium] › tests/e2e/production-readiness.spec.ts:156:7 › P17 production readiness release-candidate acceptance › critical drill-through routes enforce each internal release user's permissions (1.7s)
  ✓  558 [chromium] › tests/e2e/production-readiness.spec.ts:181:7 › P17 production readiness release-candidate acceptance › scheduler/idempotency and sensitive-payload release checks hold (149ms)
  ✓  559 [chromium] › tests/e2e/route-matrix.spec.ts:11:9 › Browser E2E route matrix › Growth / Intelligence: /intelligence (1.5s)
  ✓  560 [chromium] › tests/e2e/route-matrix.spec.ts:11:9 › Browser E2E route matrix › Growth / Intelligence: /intelligence/signals (1.3s)
  ✓  561 [chromium] › tests/e2e/route-matrix.spec.ts:11:9 › Browser E2E route matrix › Growth / Intelligence: /intelligence/signals/a0d4da94-a197-538f-ba6c-371154494228 (1.2s)
  ✓  562 [chromium] › tests/e2e/route-matrix.spec.ts:11:9 › Browser E2E route matrix › Growth / Intelligence: /intelligence/account-onboarding (1.3s)
  ✓  563 [chromium] › tests/e2e/route-matrix.spec.ts:11:9 › Browser E2E route matrix › Growth / Intelligence: /intelligence/organizations (1.2s)
  ✓  564 [chromium] › tests/e2e/route-matrix.spec.ts:11:9 › Browser E2E route matrix › Growth / Intelligence: /intelligence/organizations/new (1.3s)
  ✓  565 [chromium] › tests/e2e/route-matrix.spec.ts:11:9 › Browser E2E route matrix › Growth / Intelligence: /intelligence/organizations/432e658f-4058-51e2-bd24-f0b644f431a5 (1.3s)
  ✓  566 [chromium] › tests/e2e/route-matrix.spec.ts:11:9 › Browser E2E route matrix › Growth / Intelligence: /intelligence/organizations/432e658f-4058-51e2-bd24-f0b644f431a5/edit (1.3s)
  ✓  567 [chromium] › tests/e2e/route-matrix.spec.ts:11:9 › Browser E2E route matrix › Growth / Intelligence: /intelligence/contacts (1.2s)
  ✓  568 [chromium] › tests/e2e/route-matrix.spec.ts:11:9 › Browser E2E route matrix › Growth / Intelligence: /intelligence/contacts/new (1.2s)
  ✓  569 [chromium] › tests/e2e/route-matrix.spec.ts:11:9 › Browser E2E route matrix › Growth / Intelligence: /intelligence/contacts/44210d51-0251-5c85-a581-5149f269f21a (1.2s)
  ✓  570 [chromium] › tests/e2e/route-matrix.spec.ts:11:9 › Browser E2E route matrix › Growth / Intelligence: /intelligence/contacts/44210d51-0251-5c85-a581-5149f269f21a/edit (1.0s)
  ✓  571 [chromium] › tests/e2e/route-matrix.spec.ts:11:9 › Browser E2E route matrix › Growth / Intelligence: /intelligence/relationship-maps (1.1s)
  ✓  572 [chromium] › tests/e2e/route-matrix.spec.ts:11:9 › Browser E2E route matrix › Growth / Intelligence: /intelligence/relationship-maps/new (1.1s)
  ✓  573 [chromium] › tests/e2e/route-matrix.spec.ts:11:9 › Browser E2E route matrix › Growth / Intelligence: /intelligence/relationship-maps/b7edc55d-4170-508a-8867-088de5d63bb7 (1.1s)
  ✓  574 [chromium] › tests/e2e/route-matrix.spec.ts:11:9 › Browser E2E route matrix › Growth / Intelligence: /intelligence/relationship-maps/b7edc55d-4170-508a-8867-088de5d63bb7/edit (1.2s)
  ✓  575 [chromium] › tests/e2e/route-matrix.spec.ts:11:9 › Browser E2E route matrix › Opportunity / Coverage: /opportunities (1.2s)
  ✓  576 [chromium] › tests/e2e/route-matrix.spec.ts:11:9 › Browser E2E route matrix › Opportunity / Coverage: /opportunities/candidates (1.2s)
  ✓  577 [chromium] › tests/e2e/route-matrix.spec.ts:11:9 › Browser E2E route matrix › Opportunity / Coverage: /opportunities/candidates/new (1.1s)
  ✓  578 [chromium] › tests/e2e/route-matrix.spec.ts:11:9 › Browser E2E route matrix › Opportunity / Coverage: /opportunities/candidates/6ac46226-5759-5192-98d2-47dbaea00b12 (1.1s)
  ✓  579 [chromium] › tests/e2e/route-matrix.spec.ts:11:9 › Browser E2E route matrix › Opportunity / Coverage: /opportunities/candidates/6ac46226-5759-5192-98d2-47dbaea00b12/edit (1.1s)
  ✓  580 [chromium] › tests/e2e/route-matrix.spec.ts:11:9 › Browser E2E route matrix › Opportunity / Coverage: /opportunities/pipeline (1.3s)
  ✓  581 [chromium] › tests/e2e/route-matrix.spec.ts:11:9 › Browser E2E route matrix › Opportunity / Coverage: /opportunities/new (1.2s)
  ✓  582 [chromium] › tests/e2e/route-matrix.spec.ts:11:9 › Browser E2E route matrix › Opportunity / Coverage: /opportunities/4cd11c9f-64e0-519e-9a00-248720684e97 (1.2s)
  ✓  583 [chromium] › tests/e2e/route-matrix.spec.ts:11:9 › Browser E2E route matrix › Opportunity / Coverage: /opportunities/4cd11c9f-64e0-519e-9a00-248720684e97/edit (1.1s)
  ✓  584 [chromium] › tests/e2e/route-matrix.spec.ts:11:9 › Browser E2E route matrix › Opportunity / Coverage: /opportunities/coverage (1.1s)
  ✓  585 [chromium] › tests/e2e/route-matrix.spec.ts:11:9 › Browser E2E route matrix › Opportunity / Coverage: /opportunities/coverage/new (1.1s)
  ✓  586 [chromium] › tests/e2e/route-matrix.spec.ts:11:9 › Browser E2E route matrix › Opportunity / Coverage: /opportunities/coverage/6c2adb9e-689f-5924-87d2-7fa46c416165 (1.1s)
  ✓  587 [chromium] › tests/e2e/route-matrix.spec.ts:11:9 › Browser E2E route matrix › Opportunity / Coverage: /opportunities/coverage/6c2adb9e-689f-5924-87d2-7fa46c416165/edit (1.3s)
  ✓  588 [chromium] › tests/e2e/route-matrix.spec.ts:11:9 › Browser E2E route matrix › Execution: /projects (1.3s)
  ✓  589 [chromium] › tests/e2e/route-matrix.spec.ts:11:9 › Browser E2E route matrix › Execution: /projects/3e8fdeb8-dece-5285-833d-db832a5180fd (1.2s)
  ✓  590 [chromium] › tests/e2e/route-matrix.spec.ts:11:9 › Browser E2E route matrix › Execution: /projects/3e8fdeb8-dece-5285-833d-db832a5180fd/edit (1.4s)
  ✓  591 [chromium] › tests/e2e/route-matrix.spec.ts:11:9 › Browser E2E route matrix › Execution: /work-orders (1.0s)
  ✓  592 [chromium] › tests/e2e/route-matrix.spec.ts:11:9 › Browser E2E route matrix › Execution: /work-orders/new (1.1s)
  ✓  593 [chromium] › tests/e2e/route-matrix.spec.ts:11:9 › Browser E2E route matrix › Execution: /work-orders/6059ac12-783a-5172-a229-0213f1569b13 (1.1s)
  ✓  594 [chromium] › tests/e2e/route-matrix.spec.ts:11:9 › Browser E2E route matrix › Execution: /work-orders/6059ac12-783a-5172-a229-0213f1569b13/edit (1.2s)
  ✓  595 [chromium] › tests/e2e/route-matrix.spec.ts:11:9 › Browser E2E route matrix › Execution: /production (1.2s)
  ✓  596 [chromium] › tests/e2e/route-matrix.spec.ts:11:9 › Browser E2E route matrix › Execution: /production/new (1.3s)
  ✓  597 [chromium] › tests/e2e/route-matrix.spec.ts:11:9 › Browser E2E route matrix › Execution: /production/d07f0f37-b932-50c0-a3c2-f007b62be454 (1.3s)
  ✓  598 [chromium] › tests/e2e/route-matrix.spec.ts:11:9 › Browser E2E route matrix › Execution: /production/d07f0f37-b932-50c0-a3c2-f007b62be454/edit (1.3s)
  ✓  599 [chromium] › tests/e2e/route-matrix.spec.ts:11:9 › Browser E2E route matrix › Execution: /qc (1.3s)
  ✓  600 [chromium] › tests/e2e/route-matrix.spec.ts:11:9 › Browser E2E route matrix › Execution: /qc/new (1.2s)
  ✓  601 [chromium] › tests/e2e/route-matrix.spec.ts:11:9 › Browser E2E route matrix › Execution: /qc/6d64587a-51d3-5b2b-b7c2-10eacd7b7789 (1.2s)
  ✓  602 [chromium] › tests/e2e/route-matrix.spec.ts:11:9 › Browser E2E route matrix › Execution: /qc/6d64587a-51d3-5b2b-b7c2-10eacd7b7789/edit (1.1s)
  ✓  603 [chromium] › tests/e2e/route-matrix.spec.ts:11:9 › Browser E2E route matrix › Revenue: /billable (1.3s)
  ✓  604 [chromium] › tests/e2e/route-matrix.spec.ts:11:9 › Browser E2E route matrix › Revenue: /billable/new (1.1s)
  ✓  605 [chromium] › tests/e2e/route-matrix.spec.ts:11:9 › Browser E2E route matrix › Revenue: /billable/c8ec8491-f179-579d-b19e-7428149abf97 (1.2s)
  ✓  606 [chromium] › tests/e2e/route-matrix.spec.ts:11:9 › Browser E2E route matrix › Revenue: /billable/c8ec8491-f179-579d-b19e-7428149abf97/edit (1.2s)
  ✓  607 [chromium] › tests/e2e/route-matrix.spec.ts:11:9 › Browser E2E route matrix › Revenue: /settlements (1.1s)
  ✓  608 [chromium] › tests/e2e/route-matrix.spec.ts:11:9 › Browser E2E route matrix › Revenue: /settlements/new (1.2s)
  ✓  609 [chromium] › tests/e2e/route-matrix.spec.ts:11:9 › Browser E2E route matrix › Revenue: /settlements/0899699c-1cb9-5955-b337-cdfb99e94538 (1.2s)
  ✓  610 [chromium] › tests/e2e/route-matrix.spec.ts:11:9 › Browser E2E route matrix › Revenue: /settlements/0899699c-1cb9-5955-b337-cdfb99e94538/edit (1.3s)
  ✓  611 [chromium] › tests/e2e/route-matrix.spec.ts:11:9 › Browser E2E route matrix › Revenue: /invoices (1.3s)
  ✓  612 [chromium] › tests/e2e/route-matrix.spec.ts:11:9 › Browser E2E route matrix › Revenue: /invoices/new (1.2s)
  ✓  613 [chromium] › tests/e2e/route-matrix.spec.ts:11:9 › Browser E2E route matrix › Revenue: /invoices/c8c9233d-8c96-55d9-a920-04dd928234ef (1.3s)
  ✓  614 [chromium] › tests/e2e/route-matrix.spec.ts:11:9 › Browser E2E route matrix › Revenue: /invoices/c8c9233d-8c96-55d9-a920-04dd928234ef/edit (1.1s)
  ✓  615 [chromium] › tests/e2e/route-matrix.spec.ts:11:9 › Browser E2E route matrix › Revenue: /cash (1.2s)
  ✓  616 [chromium] › tests/e2e/route-matrix.spec.ts:11:9 › Browser E2E route matrix › Revenue: /cash/receipts/new (1.3s)
  ✓  617 [chromium] › tests/e2e/route-matrix.spec.ts:11:9 › Browser E2E route matrix › Revenue: /cash/receipts/9602b2c7-be2a-5abe-bb15-24dba6ef722f (1.4s)
  ✓  618 [chromium] › tests/e2e/route-matrix.spec.ts:11:9 › Browser E2E route matrix › Revenue: /cash/receipts/9602b2c7-be2a-5abe-bb15-24dba6ef722f/edit (1.3s)
  ✓  619 [chromium] › tests/e2e/route-matrix.spec.ts:11:9 › Browser E2E route matrix › Revenue: /payment-applications (1.4s)
  ✓  620 [chromium] › tests/e2e/route-matrix.spec.ts:11:9 › Browser E2E route matrix › Revenue: /payment-applications/15a8aea5-78eb-5183-82d8-35820df26cc3 (1.5s)
  ✓  621 [chromium] › tests/e2e/route-matrix.spec.ts:11:9 › Browser E2E route matrix › Revenue: /collections (1.5s)
  ✓  622 [chromium] › tests/e2e/route-matrix.spec.ts:11:9 › Browser E2E route matrix › Revenue: /collections/new (1.4s)
  ✓  623 [chromium] › tests/e2e/route-matrix.spec.ts:11:9 › Browser E2E route matrix › Revenue: /collections/eea202fc-fbf1-53e0-a1ee-c0c62fe22cf0 (1.1s)
  ✓  624 [chromium] › tests/e2e/route-matrix.spec.ts:11:9 › Browser E2E route matrix › Revenue: /collections/eea202fc-fbf1-53e0-a1ee-c0c62fe22cf0/edit (1.3s)
  ✓  625 [chromium] › tests/e2e/route-matrix.spec.ts:11:9 › Browser E2E route matrix › Revenue: /collection-actions (1.2s)
  ✓  626 [chromium] › tests/e2e/route-matrix.spec.ts:11:9 › Browser E2E route matrix › Revenue: /collection-actions/4f84f07c-4653-5a25-92b6-ff1bfcf04c0e (1.2s)
  ✓  627 [chromium] › tests/e2e/route-matrix.spec.ts:11:9 › Browser E2E route matrix › Cost / Labor: /contractor-payables (1.4s)
  ✓  628 [chromium] › tests/e2e/route-matrix.spec.ts:11:9 › Browser E2E route matrix › Cost / Labor: /contractor-payables/new (1.5s)
  ✓  629 [chromium] › tests/e2e/route-matrix.spec.ts:11:9 › Browser E2E route matrix › Cost / Labor: /contractor-payables/0532f1ae-3ea9-5722-a17d-1ef59c055c60 (1.2s)
  ✓  630 [chromium] › tests/e2e/route-matrix.spec.ts:11:9 › Browser E2E route matrix › Cost / Labor: /contractor-payables/0532f1ae-3ea9-5722-a17d-1ef59c055c60/edit (1.7s)
  ✓  631 [chromium] › tests/e2e/route-matrix.spec.ts:11:9 › Browser E2E route matrix › Cost / Labor: /payroll (1.2s)
  ✓  632 [chromium] › tests/e2e/route-matrix.spec.ts:11:9 › Browser E2E route matrix › Cost / Labor: /payroll/new (1.4s)
  ✓  633 [chromium] › tests/e2e/route-matrix.spec.ts:11:9 › Browser E2E route matrix › Cost / Labor: /payroll/9a5e24b3-f800-5af8-9ae3-ca1f5d42bfb6 (1.2s)
  ✓  634 [chromium] › tests/e2e/route-matrix.spec.ts:11:9 › Browser E2E route matrix › Cost / Labor: /payroll/9a5e24b3-f800-5af8-9ae3-ca1f5d42bfb6/edit (1.1s)
  ✓  635 [chromium] › tests/e2e/route-matrix.spec.ts:11:9 › Browser E2E route matrix › Cost / Labor: /payments (1.2s)
  ✓  636 [chromium] › tests/e2e/route-matrix.spec.ts:11:9 › Browser E2E route matrix › Cost / Labor: /payments/new (1.1s)
  ✓  637 [chromium] › tests/e2e/route-matrix.spec.ts:11:9 › Browser E2E route matrix › Cost / Labor: /payments/7123d00c-09b2-5bce-bc4a-ccffe41f0639 (1.1s)
  ✓  638 [chromium] › tests/e2e/route-matrix.spec.ts:11:9 › Browser E2E route matrix › Cost / Labor: /payments/7123d00c-09b2-5bce-bc4a-ccffe41f0639/edit (1.2s)
  ✓  639 [chromium] › tests/e2e/route-matrix.spec.ts:11:9 › Browser E2E route matrix › Cost / Labor: /payment-items/6a46faba-f5a3-521e-aac6-4a334c104f9e (1.1s)
  ✓  640 [chromium] › tests/e2e/route-matrix.spec.ts:11:9 › Browser E2E route matrix › Verification / Accounting: /bank-reconciliation (1.3s)
  ✓  641 [chromium] › tests/e2e/route-matrix.spec.ts:11:9 › Browser E2E route matrix › Verification / Accounting: /bank-reconciliation/accounts/new (1.0s)
  ✓  642 [chromium] › tests/e2e/route-matrix.spec.ts:11:9 › Browser E2E route matrix › Verification / Accounting: /bank-reconciliation/accounts/46166eca-ccc1-5390-b5da-05c5d36d613f (1.1s)
  ✓  643 [chromium] › tests/e2e/route-matrix.spec.ts:11:9 › Browser E2E route matrix › Verification / Accounting: /bank-reconciliation/accounts/46166eca-ccc1-5390-b5da-05c5d36d613f/edit (1.1s)
  ✓  644 [chromium] › tests/e2e/route-matrix.spec.ts:11:9 › Browser E2E route matrix › Verification / Accounting: /bank-reconciliation/transactions/new (1.1s)
  ✓  645 [chromium] › tests/e2e/route-matrix.spec.ts:11:9 › Browser E2E route matrix › Verification / Accounting: /bank-reconciliation/transactions/157b1af5-9bb3-5ad9-9305-1d12b7b364dd (1.1s)
  ✓  646 [chromium] › tests/e2e/route-matrix.spec.ts:11:9 › Browser E2E route matrix › Verification / Accounting: /bank-reconciliation/transactions/157b1af5-9bb3-5ad9-9305-1d12b7b364dd/edit (1.1s)
  ✓  647 [chromium] › tests/e2e/route-matrix.spec.ts:11:9 › Browser E2E route matrix › Verification / Accounting: /reconciliation-matches/e8e8852f-fb54-5dfa-8fc0-aa8cae22c42e (1.1s)
  ✓  648 [chromium] › tests/e2e/route-matrix.spec.ts:11:9 › Browser E2E route matrix › Verification / Accounting: /accounting-exports (1.4s)
  ✓  649 [chromium] › tests/e2e/route-matrix.spec.ts:11:9 › Browser E2E route matrix › Verification / Accounting: /accounting-exports/new (1.2s)
  ✓  650 [chromium] › tests/e2e/route-matrix.spec.ts:11:9 › Browser E2E route matrix › Verification / Accounting: /accounting-exports/b82c2439-08d3-5f49-8bf0-5b5538884df6 (1.3s)
  ✓  651 [chromium] › tests/e2e/route-matrix.spec.ts:11:9 › Browser E2E route matrix › Verification / Accounting: /accounting-exports/b82c2439-08d3-5f49-8bf0-5b5538884df6/edit (1.2s)
  ✓  652 [chromium] › tests/e2e/route-matrix.spec.ts:11:9 › Browser E2E route matrix › Verification / Accounting: /accounting-export-items/012a13a5-3f55-5523-a45c-d5f79a5367e0 (1.2s)
  ✓  653 [chromium] › tests/e2e/syncfield-customer-qc.spec.ts:56:7 › P10 Customer QC intake, correction relay, and reinspection › production gate, Work Order codes, and field UI hydrate without rates (1.5s)
  ✓  654 [chromium] › tests/e2e/syncfield-customer-qc.spec.ts:85:7 › P10 Customer QC intake, correction relay, and reinspection › browser offline queue persists and automatically replays Asset, Route, and Daily production exactly once (3.0s)
  ✓  655 [chromium] › tests/e2e/syncfield-customer-qc.spec.ts:122:7 › P10 Customer QC intake, correction relay, and reinspection › offline replay revalidates lost production-start authorization and keeps failed work traceable (1.9s)
  ✓  656 [chromium] › tests/e2e/syncfield-customer-qc.spec.ts:146:7 › P10 Customer QC intake, correction relay, and reinspection › Asset, Route, and Daily production create authoritative records with subordinate annotations and idempotency (268ms)
  ✓  657 [chromium] › tests/e2e/syncfield-customer-qc.spec.ts:170:7 › P10 Customer QC intake, correction relay, and reinspection › submission creates immutable revision snapshot and blocks ordinary edits without QC or finance (1.6s)
  ✓  658 [chromium] › tests/e2e/syncfield-customer-qc.spec.ts:204:7 › P10 Customer QC intake, correction relay, and reinspection › field evidence is scoped, idempotent, readable by QC and rejects disguised files; incidents persist (1.2s)
  ✓  659 [chromium] › tests/e2e/syncfield-customer-qc.spec.ts:218:7 › P10 Customer QC intake, correction relay, and reinspection › Customer QC intake preserves reported quantities and creates Partner-safe correction history without finance (2.3s)
  ✓  660 [chromium] › tests/e2e/syncfield-customer-qc.spec.ts:303:7 › P10 Customer QC intake, correction relay, and reinspection › prime policy derives deadlines from original receipt and preserves scheduled dates across revisions (2.3s)
  ✓  661 [chromium] › tests/e2e/syncfield-customer-qc.spec.ts:343:7 › P10 Customer QC intake, correction relay, and reinspection › Partner correction resubmission creates Revision 2 and Customer reinspection cycle without reopening Revision 1 (1.9s)
  ✓  662 [chromium] › tests/e2e/syncfield-customer-qc.spec.ts:404:7 › P10 Customer QC intake, correction relay, and reinspection › submitted-report offline conflict does not reopen the report or create production (1.5s)
  ✓  663 [chromium] › tests/e2e/syncfield-customer-qc.spec.ts:419:7 › P10 Customer QC intake, correction relay, and reinspection › Partner-local queue isolation hides pending field work after account switch (2.1s)
  ✓  664 [chromium] › tests/e2e/syncfield-customer-qc.spec.ts:432:7 › P10 Customer QC intake, correction relay, and reinspection › Partner Admin receives safe read-only report and duplicate submitted work requires traceability (1.6s)
  ✓  665 [chromium] › tests/e2e/syncfield-customer-qc.spec.ts:452:7 › P10 Customer QC intake, correction relay, and reinspection › extended correction keeps authorized code, map and evidence in immutable revision and rejects unrelated references (1.1s)
  ✓  666 [chromium] › tests/e2e/syncfield-customer-qc.spec.ts:494:7 › P10 Customer QC intake, correction relay, and reinspection › the same Partner field work reaches accepted billing, funded payable and one external payment (1.1s)
  ✓  667 [chromium] › tests/e2e/syncfield-daily-production.spec.ts:60:7 › P9 SyncField Daily Production, map annotation, offline queue, and submission › production gate, Work Order codes, and field UI hydrate without rates (1.7s)
  ✓  668 [chromium] › tests/e2e/syncfield-daily-production.spec.ts:94:7 › P9 SyncField Daily Production, map annotation, offline queue, and submission › changed safety conditions preserve the signed revision and block production until renewed review (253ms)
  ✓  669 [chromium] › tests/e2e/syncfield-daily-production.spec.ts:110:7 › P9 SyncField Daily Production, map annotation, offline queue, and submission › partner crew independently acknowledges, obtains pre-bore approval and completes ordered utility-strike restart (1.1s)
  ✓  670 [chromium] › tests/e2e/syncfield-daily-production.spec.ts:114:7 › P9 SyncField Daily Production, map annotation, offline queue, and submission › evidence survives lost responses, reload and offline capture without duplicate uploads (3.3s)
  ✓  671 [chromium] › tests/e2e/syncfield-daily-production.spec.ts:150:7 › P9 SyncField Daily Production, map annotation, offline queue, and submission › large evidence resumes received chunks after reload and stores one original (4.1s)
  ✓  672 [chromium] › tests/e2e/syncfield-daily-production.spec.ts:157:7 › P9 SyncField Daily Production, map annotation, offline queue, and submission › incident device draft survives disconnect and lost response without duplicate records or audit (3.1s)
  ✓  673 [chromium] › tests/e2e/syncfield-daily-production.spec.ts:182:7 › P9 SyncField Daily Production, map annotation, offline queue, and submission › browser offline queue persists and automatically replays Asset, Route, and Daily production exactly once (3.0s)
  ✓  674 [chromium] › tests/e2e/syncfield-daily-production.spec.ts:219:7 › P9 SyncField Daily Production, map annotation, offline queue, and submission › offline replay revalidates lost production-start authorization and keeps failed work traceable (1.9s)
  ✓  675 [chromium] › tests/e2e/syncfield-daily-production.spec.ts:243:7 › P9 SyncField Daily Production, map annotation, offline queue, and submission › Asset, Route, and Daily production create authoritative records with subordinate annotations and idempotency (417ms)
  ✓  676 [chromium] › tests/e2e/syncfield-daily-production.spec.ts:285:7 › P9 SyncField Daily Production, map annotation, offline queue, and submission › a crew work shutdown blocks new records and requires authorized release (326ms)
  ✓  677 [chromium] › tests/e2e/syncfield-daily-production.spec.ts:313:7 › P9 SyncField Daily Production, map annotation, offline queue, and submission › DesignSegment, pole observations, and redline completion preserve design, ticks, authority, and idempotency (1.9s)
  ✓  678 [chromium] › tests/e2e/syncfield-daily-production.spec.ts:591:7 › P9 SyncField Daily Production, map annotation, offline queue, and submission › submission creates immutable revision snapshot and blocks ordinary edits without QC or finance (2.2s)
  ✓  679 [chromium] › tests/e2e/syncfield-daily-production.spec.ts:663:7 › P9 SyncField Daily Production, map annotation, offline queue, and submission › submitted-report offline conflict does not reopen the report or create production (1.9s)
  ✓  680 [chromium] › tests/e2e/syncfield-daily-production.spec.ts:678:7 › P9 SyncField Daily Production, map annotation, offline queue, and submission › Partner-local queue isolation hides pending field work after account switch (2.2s)
  ✓  681 [chromium] › tests/e2e/syncfield-daily-production.spec.ts:691:7 › P9 SyncField Daily Production, map annotation, offline queue, and submission › Partner Admin receives safe read-only report and duplicate submitted work requires traceability (1.5s)
  ✓  682 [chromium] › tests/e2e/syncfield-daily-production.spec.ts:715:7 › P9 SyncField Daily Production, map annotation, offline queue, and submission › required evidence blocks missing and unreadable handoffs, preserves originals and pins approved requirements (3.9s)
  ✓  683 [chromium] › tests/e2e/syncfield-daily-production.spec.ts:778:7 › P9 SyncField Daily Production, map annotation, offline queue, and submission › quantity reconciliation excludes rock subsets and overlapping summaries and protects stable work identities (596ms)
  ✓  684 [chromium] › tests/e2e/syncfield-map-jsa.spec.ts:46:7 › P8 SyncField map foundation and Daily JSA › internal Manager creates immutable private Map Version, Work Zones, and active assignment (267ms)
  ✓  685 [chromium] › tests/e2e/syncfield-map-jsa.spec.ts:127:7 › P8 SyncField map foundation and Daily JSA › Partner Foreman opens read-only field map and cannot cross scope or see storage internals (1.9s)
  ✓  686 [chromium] › tests/e2e/syncfield-map-jsa.spec.ts:170:7 › P8 SyncField map foundation and Daily JSA › Crew participation buttons identify the worker and announce the saved state (1.1s)
  ✓  687 [chromium] › tests/e2e/syncfield-map-jsa.spec.ts:182:7 › P8 SyncField map foundation and Daily JSA › Foreman completes one Daily JSA for own Crew without changing mobilization or downstream records (1.6s)
  ✓  688 [chromium] › tests/e2e/syncfield-map-jsa.spec.ts:220:7 › P8 SyncField map foundation and Daily JSA › Partner Admin sees safe JSA history and P9-era field navigation remains QC-safe (1.3s)
  ✓  689 [chromium] › tests/e2e/syncfield-production-exports-dashboard.spec.ts:38:7 › P11 accepted production exports, dashboard, and operational closeout › dashboards aggregate reported vs Customer Accepted without double counting or rates (154ms)
  ✓  690 [chromium] › tests/e2e/syncfield-production-exports-dashboard.spec.ts:59:7 › P11 accepted production exports, dashboard, and operational closeout › CSV export is private, formula-safe, idempotent, and financially inert (148ms)
  ✓  691 [chromium] › tests/e2e/syncfield-production-exports-dashboard.spec.ts:95:7 › P11 accepted production exports, dashboard, and operational closeout › annotated and daily PDFs preserve original map file and include coordinate/report proof (129ms)
  ✓  692 [chromium] › tests/e2e/syncfield-production-exports-dashboard.spec.ts:125:7 › P11 accepted production exports, dashboard, and operational closeout › operational closeout distinguishes open QC/corrections and creates no financial records (221ms)
  ✓  693 [chromium] › tests/e2e/timeline-audit/representative-events.spec.ts:9:7 › Representative timeline and audit certification › system admin can read representative timelines (66ms)
  ✓  694 [chromium] › tests/e2e/timeline-audit/representative-events.spec.ts:16:7 › Representative timeline and audit certification › audit is visible to system admin and denied to read-only auditor where not granted (81ms)
  ✓  695 [chromium] › tests/e2e/workflows/accounting-export.spec.ts:12:7 › Critical skeleton: Accounting Export › opens Cedar Ridge accounting export records (1.6s)
  ✓  696 [chromium] › tests/e2e/workflows/bank-reconciliation.spec.ts:12:7 › Critical skeleton: Bank Reconciliation › opens Cedar Ridge bank reconciliation records (1.8s)
  ✓  697 [chromium] › tests/e2e/workflows/cost-labor-payment.spec.ts:12:7 › Critical skeleton: Cost, labor, and payment execution › opens Cedar Ridge payable, payroll, and payment records (2.0s)
  ✓  698 [chromium] › tests/e2e/workflows/growth-to-opportunity.spec.ts:20:9 › Critical skeleton: Growth to Opportunity › opens Cedar Ridge Signal record (1.3s)
  ✓  699 [chromium] › tests/e2e/workflows/growth-to-opportunity.spec.ts:20:9 › Critical skeleton: Growth to Opportunity › opens Cedar Ridge Organization record (1.2s)
  ✓  700 [chromium] › tests/e2e/workflows/growth-to-opportunity.spec.ts:20:9 › Critical skeleton: Growth to Opportunity › opens Cedar Ridge Contact record (1.4s)
  ✓  701 [chromium] › tests/e2e/workflows/growth-to-opportunity.spec.ts:20:9 › Critical skeleton: Growth to Opportunity › opens Cedar Ridge Relationship Map record (1.1s)
  ✓  702 [chromium] › tests/e2e/workflows/growth-to-opportunity.spec.ts:20:9 › Critical skeleton: Growth to Opportunity › opens Cedar Ridge Opportunity Candidate record (1.1s)
  ✓  703 [chromium] › tests/e2e/workflows/growth-to-opportunity.spec.ts:20:9 › Critical skeleton: Growth to Opportunity › opens Cedar Ridge Opportunity record (1.1s)
  ✓  704 [chromium] › tests/e2e/workflows/opportunity-to-project.spec.ts:12:7 › Critical skeleton: Opportunity to Project › opens Cedar Ridge coverage and project records (1.9s)
  ✓  705 [chromium] › tests/e2e/workflows/project-to-qc.spec.ts:13:7 › Critical skeleton: Project to QC › opens Cedar Ridge execution records (2.4s)
  ✓  706 [chromium] › tests/e2e/workflows/revenue-cycle.spec.ts:12:7 › Critical skeleton: Revenue cycle › opens Cedar Ridge revenue records (3.3s)

  Slow test file: [chromium] › tests/e2e/action-states/action-state-personas.spec.ts (7.0m)
  Slow test file: [chromium] › tests/e2e/action-states/action-state-modals.spec.ts (5.3m)
  Consider running tests from slow files in parallel. See: https://playwright.dev/docs/test-parallel
  706 passed (24.9m)
