
Running 870 tests using 1 worker

(node:91626) Warning: The 'NO_COLOR' env is ignored due to the 'FORCE_COLOR' env being set.
(Use `node --trace-warnings ...` to show where the warning was created)
  ✓    1 [chromium] › tests/e2e/accepted-production-financials.spec.ts:39:7 › P12 accepted production financials › production item choices stay tenant-scoped and exclude unauthorized partners (97ms)
  ✓    2 [chromium] › tests/e2e/accepted-production-financials.spec.ts:50:7 › P12 accepted production financials › Customer-accepted production converts to one Billable using Customer rate only (284ms)
  ✓    3 [chromium] › tests/e2e/accepted-production-financials.spec.ts:66:7 › P12 accepted production financials › Invoice, cash, payment application, and invoice balance stay in Customer revenue chain (212ms)
  ✓    4 [chromium] › tests/e2e/accepted-production-financials.spec.ts:90:7 › P12 accepted production financials › Partner settlement, Contractor Payable, and pay-when-paid eligibility use Partner rate (548ms)
  ✓    5 [chromium] › tests/e2e/accepted-production-financials.spec.ts:120:7 › P12 accepted production financials › Partner Admin sees own settlement without Customer rate or margin; Foreman and Partner B are denied (70ms)
  ✓    6 [chromium] › tests/e2e/accepted-production-financials.spec.ts:131:7 › P12 accepted production financials › Customer and Partner coil commercial policies are independent and preserve base accepted quantity (232ms)
  ✓    7 [chromium] › tests/e2e/accepted-production-financials.spec.ts:176:7 › P12 accepted production financials › Editing a schedule cannot change an already approved partner rate (173ms)
  ✓    8 [chromium] › tests/e2e/accepted-production-financials.spec.ts:186:7 › P12 accepted production financials › Post-billing Customer QC change creates exception without rewriting issued invoice or Billable (111ms)
  ✓    9 [chromium] › tests/e2e/accepted-production-financials.spec.ts:347:5 › a newer pending customer QC cycle blocks readiness using an older accepted decision (705ms)
  ✓   10 [chromium] › tests/e2e/accepted-production-financials.spec.ts:384:6 › Financial handoff completion safeguards › workflow choices are tenant-scoped; cash retry and duplicate settlement cannot double financial facts (698ms)
  ✓   11 [chromium] › tests/e2e/accepted-production-financials.spec.ts:404:6 › Financial handoff completion safeguards › accepted correction production code controls locked customer rate, preserving original record (427ms)
  ✓   12 [chromium] › tests/e2e/accepted-production-financials.spec.ts:422:5 › targeted reinspection retains unrelated accepted production while unresolved corrected work stays blocked (574ms)
  ✓   13 [chromium] › tests/e2e/accepted-production-financials.spec.ts:464:5 › four-decimal approved rates survive conversion and invoice storage without early rounding (601ms)
  ✓   14 [chromium] › tests/e2e/accepted-production-financials.spec.ts:482:5 › agreement UI approves a reviewed business calendar and shows its history (4.6s)
{"timestamp":"2026-10-07T00:50:21.693Z","category":"Event","message":"event_created","tenantId":"fec2364d-e9b5-4765-93c7-773244bbb930","actorUserId":"9e27c9af-57fc-42c1-9fd9-5a04187d4d9e","eventId":"74809d38-3d9d-4946-8389-731bb7f88aba","eventType":"passport.receipt_rehearsed","aggregateType":"passport","aggregateId":"a4f2e87d-7b93-46c3-b248-911ce2846ca5"}
{"timestamp":"2026-10-07T00:50:21.702Z","category":"Audit","message":"audit_log_created","tenantId":"fec2364d-e9b5-4765-93c7-773244bbb930","actorUserId":"9e27c9af-57fc-42c1-9fd9-5a04187d4d9e","action":"passport.receipt_rehearsed","entityType":"passport_connection","entityId":"a4f2e87d-7b93-46c3-b248-911ce2846ca5"}
{"timestamp":"2026-10-07T00:50:21.775Z","category":"Event","message":"event_created","tenantId":"fec2364d-e9b5-4765-93c7-773244bbb930","actorUserId":"9e27c9af-57fc-42c1-9fd9-5a04187d4d9e","eventId":"d4f06b22-2b15-45cb-948a-65aaa5fe708f","eventType":"passport.receipt_rehearsed","aggregateType":"passport","aggregateId":"a4f2e87d-7b93-46c3-b248-911ce2846ca5"}
{"timestamp":"2026-10-07T00:50:21.778Z","category":"Audit","message":"audit_log_created","tenantId":"fec2364d-e9b5-4765-93c7-773244bbb930","actorUserId":"9e27c9af-57fc-42c1-9fd9-5a04187d4d9e","action":"passport.receipt_rehearsed","entityType":"passport_connection","entityId":"a4f2e87d-7b93-46c3-b248-911ce2846ca5"}
{"timestamp":"2026-10-07T00:50:22.030Z","category":"Event","message":"event_created","tenantId":"fec2364d-e9b5-4765-93c7-773244bbb930","actorUserId":"9e27c9af-57fc-42c1-9fd9-5a04187d4d9e","eventId":"0979d13f-17bb-4513-a28a-6a79aa0ee9a5","eventType":"passport.receipt_rehearsed","aggregateType":"passport","aggregateId":"a4f2e87d-7b93-46c3-b248-911ce2846ca5"}
{"timestamp":"2026-10-07T00:50:22.038Z","category":"Audit","message":"audit_log_created","tenantId":"fec2364d-e9b5-4765-93c7-773244bbb930","actorUserId":"9e27c9af-57fc-42c1-9fd9-5a04187d4d9e","action":"passport.receipt_rehearsed","entityType":"passport_connection","entityId":"a4f2e87d-7b93-46c3-b248-911ce2846ca5"}
{"timestamp":"2026-10-07T00:50:22.040Z","category":"Event","message":"event_created","tenantId":"fec2364d-e9b5-4765-93c7-773244bbb930","actorUserId":"9e27c9af-57fc-42c1-9fd9-5a04187d4d9e","eventId":"48daf780-a4c9-4cd3-aa26-b74d35627a4b","eventType":"cash_receipt.applied","aggregateType":"cash_receipt","aggregateId":"74a93380-96e1-42aa-be91-ff53a47de0bc"}
{"timestamp":"2026-10-07T00:50:22.045Z","category":"Audit","message":"audit_log_created","tenantId":"fec2364d-e9b5-4765-93c7-773244bbb930","actorUserId":"9e27c9af-57fc-42c1-9fd9-5a04187d4d9e","action":"cash_receipt.apply","entityType":"cash_receipt","entityId":"74a93380-96e1-42aa-be91-ff53a47de0bc"}
{"timestamp":"2026-10-07T00:50:22.054Z","category":"Event","message":"event_created","tenantId":"fec2364d-e9b5-4765-93c7-773244bbb930","actorUserId":"9e27c9af-57fc-42c1-9fd9-5a04187d4d9e","eventId":"ca029220-430d-4ada-a664-fcef9e4a8aff","eventType":"invoice.payment_applied","aggregateType":"invoice","aggregateId":"3c63a426-7f3b-4da8-ac29-b4d61e8ac33e"}
{"timestamp":"2026-10-07T00:50:22.059Z","category":"Audit","message":"audit_log_created","tenantId":"fec2364d-e9b5-4765-93c7-773244bbb930","actorUserId":"9e27c9af-57fc-42c1-9fd9-5a04187d4d9e","action":"invoice.cash_application.update","entityType":"invoice","entityId":"3c63a426-7f3b-4da8-ac29-b4d61e8ac33e"}
{"timestamp":"2026-10-07T00:50:22.067Z","category":"Event","message":"event_created","tenantId":"fec2364d-e9b5-4765-93c7-773244bbb930","actorUserId":"9e27c9af-57fc-42c1-9fd9-5a04187d4d9e","eventId":"dd8ad211-6808-487f-b286-d57d48f35e53","eventType":"invoice.balance_updated","aggregateType":"invoice","aggregateId":"3c63a426-7f3b-4da8-ac29-b4d61e8ac33e"}
{"timestamp":"2026-10-07T00:50:22.071Z","category":"Audit","message":"audit_log_created","tenantId":"fec2364d-e9b5-4765-93c7-773244bbb930","actorUserId":"9e27c9af-57fc-42c1-9fd9-5a04187d4d9e","action":"invoice.cash_application.update","entityType":"invoice","entityId":"3c63a426-7f3b-4da8-ac29-b4d61e8ac33e"}
{"timestamp":"2026-10-07T00:50:22.074Z","category":"Event","message":"event_created","tenantId":"fec2364d-e9b5-4765-93c7-773244bbb930","actorUserId":"9e27c9af-57fc-42c1-9fd9-5a04187d4d9e","eventId":"c6044fb1-3d44-465b-931d-741ded8da2c5","eventType":"payment_application.created","aggregateType":"payment_application","aggregateId":"da7209aa-9307-4da5-9caf-0205880ce8e0"}
{"timestamp":"2026-10-07T00:50:22.077Z","category":"Audit","message":"audit_log_created","tenantId":"fec2364d-e9b5-4765-93c7-773244bbb930","actorUserId":"9e27c9af-57fc-42c1-9fd9-5a04187d4d9e","action":"payment_application.create","entityType":"payment_application","entityId":"da7209aa-9307-4da5-9caf-0205880ce8e0"}
{"timestamp":"2026-10-07T00:50:22.078Z","category":"Event","message":"event_created","tenantId":"fec2364d-e9b5-4765-93c7-773244bbb930","actorUserId":"9e27c9af-57fc-42c1-9fd9-5a04187d4d9e","eventId":"74e30eba-2354-4a68-8736-8c7993f20345","eventType":"cash_receipt.created","aggregateType":"cash_receipt","aggregateId":"74a93380-96e1-42aa-be91-ff53a47de0bc"}
{"timestamp":"2026-10-07T00:50:22.089Z","category":"Audit","message":"audit_log_created","tenantId":"fec2364d-e9b5-4765-93c7-773244bbb930","actorUserId":"9e27c9af-57fc-42c1-9fd9-5a04187d4d9e","action":"passport.receipt_created","entityType":"cash_receipt","entityId":"74a93380-96e1-42aa-be91-ff53a47de0bc"}
{"timestamp":"2026-10-07T00:50:22.399Z","category":"Event","message":"event_created","tenantId":"fec2364d-e9b5-4765-93c7-773244bbb930","actorUserId":"9e27c9af-57fc-42c1-9fd9-5a04187d4d9e","eventId":"5ffb4db9-1adf-428d-b58e-c2d5d1a4e05b","eventType":"passport.receipt_rehearsed","aggregateType":"passport","aggregateId":"a4f2e87d-7b93-46c3-b248-911ce2846ca5"}
{"timestamp":"2026-10-07T00:50:22.406Z","category":"Audit","message":"audit_log_created","tenantId":"fec2364d-e9b5-4765-93c7-773244bbb930","actorUserId":"9e27c9af-57fc-42c1-9fd9-5a04187d4d9e","action":"passport.receipt_rehearsed","entityType":"passport_connection","entityId":"a4f2e87d-7b93-46c3-b248-911ce2846ca5"}
{"timestamp":"2026-10-07T00:50:22.431Z","category":"Event","message":"event_created","tenantId":"fec2364d-e9b5-4765-93c7-773244bbb930","actorUserId":"9e27c9af-57fc-42c1-9fd9-5a04187d4d9e","eventId":"1fbf4a77-45ef-4323-a121-58f7c6968241","eventType":"passport.receipt_rehearsed","aggregateType":"passport","aggregateId":"a4f2e87d-7b93-46c3-b248-911ce2846ca5"}
{"timestamp":"2026-10-07T00:50:22.438Z","category":"Audit","message":"audit_log_created","tenantId":"fec2364d-e9b5-4765-93c7-773244bbb930","actorUserId":"9e27c9af-57fc-42c1-9fd9-5a04187d4d9e","action":"passport.receipt_rehearsed","entityType":"passport_connection","entityId":"a4f2e87d-7b93-46c3-b248-911ce2846ca5"}
{"timestamp":"2026-10-07T00:50:22.560Z","category":"Event","message":"event_created","tenantId":"fec2364d-e9b5-4765-93c7-773244bbb930","actorUserId":"9e27c9af-57fc-42c1-9fd9-5a04187d4d9e","eventId":"74291a8e-46b4-4f05-b206-ba803e58c19a","eventType":"passport.receipt_rehearsed","aggregateType":"passport","aggregateId":"a4f2e87d-7b93-46c3-b248-911ce2846ca5"}
{"timestamp":"2026-10-07T00:50:22.566Z","category":"Audit","message":"audit_log_created","tenantId":"fec2364d-e9b5-4765-93c7-773244bbb930","actorUserId":"9e27c9af-57fc-42c1-9fd9-5a04187d4d9e","action":"passport.receipt_rehearsed","entityType":"passport_connection","entityId":"a4f2e87d-7b93-46c3-b248-911ce2846ca5"}
{"timestamp":"2026-10-07T00:50:22.575Z","category":"Event","message":"event_created","tenantId":"fec2364d-e9b5-4765-93c7-773244bbb930","actorUserId":"9e27c9af-57fc-42c1-9fd9-5a04187d4d9e","eventId":"6fdbe9c4-2f06-4ecc-acdc-7a673660a0b0","eventType":"cash_receipt.applied","aggregateType":"cash_receipt","aggregateId":"616a0d8e-11ef-4ee7-8ced-b427603f1ae6"}
{"timestamp":"2026-10-07T00:50:22.578Z","category":"Audit","message":"audit_log_created","tenantId":"fec2364d-e9b5-4765-93c7-773244bbb930","actorUserId":"9e27c9af-57fc-42c1-9fd9-5a04187d4d9e","action":"cash_receipt.apply","entityType":"cash_receipt","entityId":"616a0d8e-11ef-4ee7-8ced-b427603f1ae6"}
{"timestamp":"2026-10-07T00:50:22.582Z","category":"Event","message":"event_created","tenantId":"fec2364d-e9b5-4765-93c7-773244bbb930","actorUserId":"9e27c9af-57fc-42c1-9fd9-5a04187d4d9e","eventId":"1694944f-6d32-48cf-b96c-0b26bf6685f7","eventType":"invoice.payment_applied","aggregateType":"invoice","aggregateId":"3c63a426-7f3b-4da8-ac29-b4d61e8ac33e"}
{"timestamp":"2026-10-07T00:50:22.586Z","category":"Audit","message":"audit_log_created","tenantId":"fec2364d-e9b5-4765-93c7-773244bbb930","actorUserId":"9e27c9af-57fc-42c1-9fd9-5a04187d4d9e","action":"invoice.cash_application.update","entityType":"invoice","entityId":"3c63a426-7f3b-4da8-ac29-b4d61e8ac33e"}
{"timestamp":"2026-10-07T00:50:22.589Z","category":"Event","message":"event_created","tenantId":"fec2364d-e9b5-4765-93c7-773244bbb930","actorUserId":"9e27c9af-57fc-42c1-9fd9-5a04187d4d9e","eventId":"ecc74b50-3421-43d4-88f7-ecbb57e403c3","eventType":"invoice.balance_updated","aggregateType":"invoice","aggregateId":"3c63a426-7f3b-4da8-ac29-b4d61e8ac33e"}
{"timestamp":"2026-10-07T00:50:22.595Z","category":"Audit","message":"audit_log_created","tenantId":"fec2364d-e9b5-4765-93c7-773244bbb930","actorUserId":"9e27c9af-57fc-42c1-9fd9-5a04187d4d9e","action":"invoice.cash_application.update","entityType":"invoice","entityId":"3c63a426-7f3b-4da8-ac29-b4d61e8ac33e"}
{"timestamp":"2026-10-07T00:50:22.608Z","category":"Event","message":"event_created","tenantId":"fec2364d-e9b5-4765-93c7-773244bbb930","actorUserId":"9e27c9af-57fc-42c1-9fd9-5a04187d4d9e","eventId":"e51ddfc8-91bf-47f1-8a97-617a0b5bb400","eventType":"payment_application.created","aggregateType":"payment_application","aggregateId":"1cb39e61-af6c-44be-80a1-858a64ab0330"}
{"timestamp":"2026-10-07T00:50:22.611Z","category":"Audit","message":"audit_log_created","tenantId":"fec2364d-e9b5-4765-93c7-773244bbb930","actorUserId":"9e27c9af-57fc-42c1-9fd9-5a04187d4d9e","action":"payment_application.create","entityType":"payment_application","entityId":"1cb39e61-af6c-44be-80a1-858a64ab0330"}
{"timestamp":"2026-10-07T00:50:22.612Z","category":"Event","message":"event_created","tenantId":"fec2364d-e9b5-4765-93c7-773244bbb930","actorUserId":"9e27c9af-57fc-42c1-9fd9-5a04187d4d9e","eventId":"42b1561f-965b-474a-88eb-59f388a32d5e","eventType":"cash_receipt.created","aggregateType":"cash_receipt","aggregateId":"616a0d8e-11ef-4ee7-8ced-b427603f1ae6"}
{"timestamp":"2026-10-07T00:50:22.615Z","category":"Audit","message":"audit_log_created","tenantId":"fec2364d-e9b5-4765-93c7-773244bbb930","actorUserId":"9e27c9af-57fc-42c1-9fd9-5a04187d4d9e","action":"passport.receipt_created","entityType":"cash_receipt","entityId":"616a0d8e-11ef-4ee7-8ced-b427603f1ae6"}
  ✓   15 [chromium] › tests/e2e/accepted-production-financials.spec.ts:507:5 › prepared customer receipts post once, retain partial balances and send overpayments and reversals to review (3.7s)
  ✓   16 [chromium] › tests/e2e/account-onboarding-visibility.spec.ts:6:5 › saved profiles do not hide newly identified accounts (4.9s)
  ✓   17 [chromium] › tests/e2e/action-states/action-state-boundaries.spec.ts:33:9 › Action-state boundaries — open/cancel must not mutate forbidden tables › [Production] prodDraft: cancel does not mutate forbidden tables (6.8s)
  ✓   18 [chromium] › tests/e2e/action-states/action-state-boundaries.spec.ts:33:9 › Action-state boundaries — open/cancel must not mutate forbidden tables › [Production] prodSubmitted: cancel does not mutate forbidden tables (4.6s)
  ✓   19 [chromium] › tests/e2e/action-states/action-state-boundaries.spec.ts:33:9 › Action-state boundaries — open/cancel must not mutate forbidden tables › [Production] prodUnderReview: cancel does not mutate forbidden tables (3.5s)
  ✓   20 [chromium] › tests/e2e/action-states/action-state-boundaries.spec.ts:33:9 › Action-state boundaries — open/cancel must not mutate forbidden tables › [Production] prodCorrectionRequested: cancel does not mutate forbidden tables (2.7s)
  ✓   21 [chromium] › tests/e2e/action-states/action-state-boundaries.spec.ts:33:9 › Action-state boundaries — open/cancel must not mutate forbidden tables › [Production] prodApprovedNotMarked: cancel does not mutate forbidden tables (2.7s)
  ✓   22 [chromium] › tests/e2e/action-states/action-state-boundaries.spec.ts:33:9 › Action-state boundaries — open/cancel must not mutate forbidden tables › [Production] prodVoid: cancel does not mutate forbidden tables (2.6s)
  ✓   23 [chromium] › tests/e2e/action-states/action-state-boundaries.spec.ts:33:9 › Action-state boundaries — open/cancel must not mutate forbidden tables › [QC] qcPending: cancel does not mutate forbidden tables (2.6s)
  ✓   24 [chromium] › tests/e2e/action-states/action-state-boundaries.spec.ts:33:9 › Action-state boundaries — open/cancel must not mutate forbidden tables › [QC] qcInReview: cancel does not mutate forbidden tables (2.5s)
  ✓   25 [chromium] › tests/e2e/action-states/action-state-boundaries.spec.ts:33:9 › Action-state boundaries — open/cancel must not mutate forbidden tables › [QC] qcCorrectionRequested: cancel does not mutate forbidden tables (2.2s)
  ✓   26 [chromium] › tests/e2e/action-states/action-state-boundaries.spec.ts:33:9 › Action-state boundaries — open/cancel must not mutate forbidden tables › [QC] qcVoid: cancel does not mutate forbidden tables (2.7s)
  ✓   27 [chromium] › tests/e2e/action-states/action-state-boundaries.spec.ts:33:9 › Action-state boundaries — open/cancel must not mutate forbidden tables › [Billable] billableDraft: cancel does not mutate forbidden tables (2.5s)
  ✓   28 [chromium] › tests/e2e/action-states/action-state-boundaries.spec.ts:33:9 › Action-state boundaries — open/cancel must not mutate forbidden tables › [Billable] billableOnHold: cancel does not mutate forbidden tables (2.9s)
  ✓   29 [chromium] › tests/e2e/action-states/action-state-boundaries.spec.ts:33:9 › Action-state boundaries — open/cancel must not mutate forbidden tables › [Billable] billableDisputed: cancel does not mutate forbidden tables (3.2s)
  ✓   30 [chromium] › tests/e2e/action-states/action-state-boundaries.spec.ts:33:9 › Action-state boundaries — open/cancel must not mutate forbidden tables › [Billable] billableVoid: cancel does not mutate forbidden tables (4.4s)
  ✓   31 [chromium] › tests/e2e/action-states/action-state-boundaries.spec.ts:33:9 › Action-state boundaries — open/cancel must not mutate forbidden tables › [Settlement] settlementDraft: cancel does not mutate forbidden tables (4.3s)
  ✓   32 [chromium] › tests/e2e/action-states/action-state-boundaries.spec.ts:33:9 › Action-state boundaries — open/cancel must not mutate forbidden tables › [Settlement] settlementItemDraft: cancel does not mutate forbidden tables (5.1s)
  ✓   33 [chromium] › tests/e2e/action-states/action-state-boundaries.spec.ts:33:9 › Action-state boundaries — open/cancel must not mutate forbidden tables › [Settlement] settlementUnderReview: cancel does not mutate forbidden tables (4.1s)
  ✓   34 [chromium] › tests/e2e/action-states/action-state-boundaries.spec.ts:33:9 › Action-state boundaries — open/cancel must not mutate forbidden tables › [Settlement] settlementApproved: cancel does not mutate forbidden tables (3.9s)
  ✓   35 [chromium] › tests/e2e/action-states/action-state-boundaries.spec.ts:33:9 › Action-state boundaries — open/cancel must not mutate forbidden tables › [Settlement] settlementDisputed: cancel does not mutate forbidden tables (4.2s)
  ✓   36 [chromium] › tests/e2e/action-states/action-state-boundaries.spec.ts:33:9 › Action-state boundaries — open/cancel must not mutate forbidden tables › [Settlement] settlementVoid: cancel does not mutate forbidden tables (3.8s)
  ✓   37 [chromium] › tests/e2e/action-states/action-state-boundaries.spec.ts:33:9 › Action-state boundaries — open/cancel must not mutate forbidden tables › [Invoice] invoiceDraft: cancel does not mutate forbidden tables (2.5s)
  ✓   38 [chromium] › tests/e2e/action-states/action-state-boundaries.spec.ts:33:9 › Action-state boundaries — open/cancel must not mutate forbidden tables › [Invoice] invoiceItemDraft: cancel does not mutate forbidden tables (2.7s)
  ✓   39 [chromium] › tests/e2e/action-states/action-state-boundaries.spec.ts:33:9 › Action-state boundaries — open/cancel must not mutate forbidden tables › [Invoice] invoiceUnderReview: cancel does not mutate forbidden tables (2.5s)
  ✓   40 [chromium] › tests/e2e/action-states/action-state-boundaries.spec.ts:33:9 › Action-state boundaries — open/cancel must not mutate forbidden tables › [Invoice] invoiceApproved: cancel does not mutate forbidden tables (2.5s)
  ✓   41 [chromium] › tests/e2e/action-states/action-state-boundaries.spec.ts:33:9 › Action-state boundaries — open/cancel must not mutate forbidden tables › [Invoice] invoiceDisputed: cancel does not mutate forbidden tables (2.6s)
  ✓   42 [chromium] › tests/e2e/action-states/action-state-boundaries.spec.ts:33:9 › Action-state boundaries — open/cancel must not mutate forbidden tables › [Invoice] invoiceVoid: cancel does not mutate forbidden tables (3.7s)
  ✓   43 [chromium] › tests/e2e/action-states/action-state-boundaries.spec.ts:33:9 › Action-state boundaries — open/cancel must not mutate forbidden tables › [Cash] cashReceiptUnapplied: cancel does not mutate forbidden tables (2.7s)
  ✓   44 [chromium] › tests/e2e/action-states/action-state-boundaries.spec.ts:33:9 › Action-state boundaries — open/cancel must not mutate forbidden tables › [Cash] cashReceiptVoidTarget: cancel does not mutate forbidden tables (2.9s)
  ✓   45 [chromium] › tests/e2e/action-states/action-state-boundaries.spec.ts:33:9 › Action-state boundaries — open/cancel must not mutate forbidden tables › [Cash] cashReceiptVoid: cancel does not mutate forbidden tables (2.9s)
  ✓   46 [chromium] › tests/e2e/action-states/action-state-boundaries.spec.ts:33:9 › Action-state boundaries — open/cancel must not mutate forbidden tables › [Cash] paymentApplicationApplied: cancel does not mutate forbidden tables (3.8s)
  ✓   47 [chromium] › tests/e2e/action-states/action-state-boundaries.spec.ts:33:9 › Action-state boundaries — open/cancel must not mutate forbidden tables › [Cash] paymentApplicationVoid: cancel does not mutate forbidden tables (3.5s)
  ✓   48 [chromium] › tests/e2e/action-states/action-state-boundaries.spec.ts:33:9 › Action-state boundaries — open/cancel must not mutate forbidden tables › [Collections] collectionCaseOpen: cancel does not mutate forbidden tables (3.4s)
  ✓   49 [chromium] › tests/e2e/action-states/action-state-boundaries.spec.ts:33:9 › Action-state boundaries — open/cancel must not mutate forbidden tables › [Collections] collectionCaseClosed: cancel does not mutate forbidden tables (4.5s)
  ✓   50 [chromium] › tests/e2e/action-states/action-state-boundaries.spec.ts:33:9 › Action-state boundaries — open/cancel must not mutate forbidden tables › [Collections] collectionActionPlanned: cancel does not mutate forbidden tables (3.8s)
  ✓   51 [chromium] › tests/e2e/action-states/action-state-boundaries.spec.ts:33:9 › Action-state boundaries — open/cancel must not mutate forbidden tables › [Collections] collectionActionCompleted: cancel does not mutate forbidden tables (3.3s)
  ✓   52 [chromium] › tests/e2e/action-states/action-state-boundaries.spec.ts:33:9 › Action-state boundaries — open/cancel must not mutate forbidden tables › [Contractor Payable] cpayDraft: cancel does not mutate forbidden tables (5.3s)
  ✓   53 [chromium] › tests/e2e/action-states/action-state-boundaries.spec.ts:33:9 › Action-state boundaries — open/cancel must not mutate forbidden tables › [Contractor Payable] cpayItemDraft: cancel does not mutate forbidden tables (3.4s)
  ✓   54 [chromium] › tests/e2e/action-states/action-state-boundaries.spec.ts:33:9 › Action-state boundaries — open/cancel must not mutate forbidden tables › [Contractor Payable] cpayUnderReview: cancel does not mutate forbidden tables (3.7s)
  ✓   55 [chromium] › tests/e2e/action-states/action-state-boundaries.spec.ts:33:9 › Action-state boundaries — open/cancel must not mutate forbidden tables › [Contractor Payable] cpayApproved: cancel does not mutate forbidden tables (2.3s)
  ✓   56 [chromium] › tests/e2e/action-states/action-state-boundaries.spec.ts:33:9 › Action-state boundaries — open/cancel must not mutate forbidden tables › [Contractor Payable] cpayDisputed: cancel does not mutate forbidden tables (2.2s)
  ✓   57 [chromium] › tests/e2e/action-states/action-state-boundaries.spec.ts:33:9 › Action-state boundaries — open/cancel must not mutate forbidden tables › [Contractor Payable] cpayVoid: cancel does not mutate forbidden tables (1.9s)
  ✓   58 [chromium] › tests/e2e/action-states/action-state-boundaries.spec.ts:33:9 › Action-state boundaries — open/cancel must not mutate forbidden tables › [Payroll] payrollDraft: cancel does not mutate forbidden tables (1.5s)
  ✓   59 [chromium] › tests/e2e/action-states/action-state-boundaries.spec.ts:33:9 › Action-state boundaries — open/cancel must not mutate forbidden tables › [Payroll] payrollItemDraft: cancel does not mutate forbidden tables (1.3s)
  ✓   60 [chromium] › tests/e2e/action-states/action-state-boundaries.spec.ts:33:9 › Action-state boundaries — open/cancel must not mutate forbidden tables › [Payroll] payrollUnderReview: cancel does not mutate forbidden tables (1.3s)
  ✓   61 [chromium] › tests/e2e/action-states/action-state-boundaries.spec.ts:33:9 › Action-state boundaries — open/cancel must not mutate forbidden tables › [Payroll] payrollApproved: cancel does not mutate forbidden tables (1.6s)
  ✓   62 [chromium] › tests/e2e/action-states/action-state-boundaries.spec.ts:33:9 › Action-state boundaries — open/cancel must not mutate forbidden tables › [Payroll] payrollDisputed: cancel does not mutate forbidden tables (1.3s)
  ✓   63 [chromium] › tests/e2e/action-states/action-state-boundaries.spec.ts:33:9 › Action-state boundaries — open/cancel must not mutate forbidden tables › [Payroll] payrollVoid: cancel does not mutate forbidden tables (1.3s)
  ✓   64 [chromium] › tests/e2e/action-states/action-state-boundaries.spec.ts:33:9 › Action-state boundaries — open/cancel must not mutate forbidden tables › [Payment Execution] paymentBatchDraft: cancel does not mutate forbidden tables (1.1s)
  ✓   65 [chromium] › tests/e2e/action-states/action-state-boundaries.spec.ts:33:9 › Action-state boundaries — open/cancel must not mutate forbidden tables › [Payment Execution] paymentItemDraft: cancel does not mutate forbidden tables (1.2s)
  ✓   66 [chromium] › tests/e2e/action-states/action-state-boundaries.spec.ts:33:9 › Action-state boundaries — open/cancel must not mutate forbidden tables › [Payment Execution] paymentBatchUnderReview: cancel does not mutate forbidden tables (1.8s)
  ✓   67 [chromium] › tests/e2e/action-states/action-state-boundaries.spec.ts:33:9 › Action-state boundaries — open/cancel must not mutate forbidden tables › [Payment Execution] paymentBatchApproved: cancel does not mutate forbidden tables (1.7s)
  ✓   68 [chromium] › tests/e2e/action-states/action-state-boundaries.spec.ts:33:9 › Action-state boundaries — open/cancel must not mutate forbidden tables › [Payment Execution] paymentBatchScheduled: cancel does not mutate forbidden tables (1.8s)
  ✓   69 [chromium] › tests/e2e/action-states/action-state-boundaries.spec.ts:33:9 › Action-state boundaries — open/cancel must not mutate forbidden tables › [Payment Execution] paymentBatchExecutionSubmitted: cancel does not mutate forbidden tables (2.0s)
  ✓   70 [chromium] › tests/e2e/action-states/action-state-boundaries.spec.ts:33:9 › Action-state boundaries — open/cancel must not mutate forbidden tables › [Payment Execution] paymentBatchVoidTarget: cancel does not mutate forbidden tables (2.5s)
  ✓   71 [chromium] › tests/e2e/action-states/action-state-boundaries.spec.ts:33:9 › Action-state boundaries — open/cancel must not mutate forbidden tables › [Payment Execution] paymentBatchVoid: cancel does not mutate forbidden tables (2.2s)
  ✓   72 [chromium] › tests/e2e/action-states/action-state-boundaries.spec.ts:33:9 › Action-state boundaries — open/cancel must not mutate forbidden tables › [Bank Reconciliation] bankAccountArchivable: cancel does not mutate forbidden tables (2.1s)
  ✓   73 [chromium] › tests/e2e/action-states/action-state-boundaries.spec.ts:33:9 › Action-state boundaries — open/cancel must not mutate forbidden tables › [Bank Reconciliation] bankTxnUnmatchedDebit: cancel does not mutate forbidden tables (2.3s)
  ✓   74 [chromium] › tests/e2e/action-states/action-state-boundaries.spec.ts:33:9 › Action-state boundaries — open/cancel must not mutate forbidden tables › [Bank Reconciliation] bankTxnUnmatchedCredit: cancel does not mutate forbidden tables (2.4s)
  ✓   75 [chromium] › tests/e2e/action-states/action-state-boundaries.spec.ts:33:9 › Action-state boundaries — open/cancel must not mutate forbidden tables › [Bank Reconciliation] bankTxnExceptionNone: cancel does not mutate forbidden tables (2.4s)
  ✓   76 [chromium] › tests/e2e/action-states/action-state-boundaries.spec.ts:33:9 › Action-state boundaries — open/cancel must not mutate forbidden tables › [Bank Reconciliation] bankTxnExceptionOpen: cancel does not mutate forbidden tables (2.6s)
  ✓   77 [chromium] › tests/e2e/action-states/action-state-boundaries.spec.ts:33:9 › Action-state boundaries — open/cancel must not mutate forbidden tables › [Bank Reconciliation] bankTxnIgnorable: cancel does not mutate forbidden tables (2.1s)
  ✓   78 [chromium] › tests/e2e/action-states/action-state-boundaries.spec.ts:33:9 › Action-state boundaries — open/cancel must not mutate forbidden tables › [Bank Reconciliation] reconMatchProposed: cancel does not mutate forbidden tables (1.5s)
  ✓   79 [chromium] › tests/e2e/action-states/action-state-boundaries.spec.ts:33:9 › Action-state boundaries — open/cancel must not mutate forbidden tables › [Accounting Export] aexDraft: cancel does not mutate forbidden tables (1.8s)
  ✓   80 [chromium] › tests/e2e/action-states/action-state-boundaries.spec.ts:33:9 › Action-state boundaries — open/cancel must not mutate forbidden tables › [Accounting Export] aexItemDraft: cancel does not mutate forbidden tables (1.6s)
  ✓   81 [chromium] › tests/e2e/action-states/action-state-boundaries.spec.ts:33:9 › Action-state boundaries — open/cancel must not mutate forbidden tables › [Accounting Export] aexGenerated: cancel does not mutate forbidden tables (1.6s)
  ✓   82 [chromium] › tests/e2e/action-states/action-state-boundaries.spec.ts:33:9 › Action-state boundaries — open/cancel must not mutate forbidden tables › [Accounting Export] aexUnderReview: cancel does not mutate forbidden tables (1.6s)
  ✓   83 [chromium] › tests/e2e/action-states/action-state-boundaries.spec.ts:33:9 › Action-state boundaries — open/cancel must not mutate forbidden tables › [Accounting Export] aexSubmitted: cancel does not mutate forbidden tables (1.6s)
  ✓   84 [chromium] › tests/e2e/action-states/action-state-boundaries.spec.ts:33:9 › Action-state boundaries — open/cancel must not mutate forbidden tables › [Accounting Export] aexCancelable: cancel does not mutate forbidden tables (1.7s)
  ✓   85 [chromium] › tests/e2e/action-states/action-state-modals.spec.ts:25:9 › Action-state modals — open, inspect, cancel › [Production] prodDraft: modal opens and cancels cleanly (1.6s)
  ✓   86 [chromium] › tests/e2e/action-states/action-state-modals.spec.ts:25:9 › Action-state modals — open, inspect, cancel › [Production] prodSubmitted: modal opens and cancels cleanly (1.5s)
  ✓   87 [chromium] › tests/e2e/action-states/action-state-modals.spec.ts:25:9 › Action-state modals — open, inspect, cancel › [Production] prodUnderReview: modal opens and cancels cleanly (1.4s)
  ✓   88 [chromium] › tests/e2e/action-states/action-state-modals.spec.ts:25:9 › Action-state modals — open, inspect, cancel › [Production] prodCorrectionRequested: modal opens and cancels cleanly (1.8s)
  ✓   89 [chromium] › tests/e2e/action-states/action-state-modals.spec.ts:25:9 › Action-state modals — open, inspect, cancel › [Production] prodApprovedNotMarked: modal opens and cancels cleanly (1.7s)
  ✓   90 [chromium] › tests/e2e/action-states/action-state-modals.spec.ts:25:9 › Action-state modals — open, inspect, cancel › [Production] prodVoid: modal opens and cancels cleanly (2.4s)
  ✓   91 [chromium] › tests/e2e/action-states/action-state-modals.spec.ts:25:9 › Action-state modals — open, inspect, cancel › [QC] qcPending: modal opens and cancels cleanly (1.6s)
  ✓   92 [chromium] › tests/e2e/action-states/action-state-modals.spec.ts:25:9 › Action-state modals — open, inspect, cancel › [QC] qcInReview: modal opens and cancels cleanly (2.2s)
  ✓   93 [chromium] › tests/e2e/action-states/action-state-modals.spec.ts:25:9 › Action-state modals — open, inspect, cancel › [QC] qcCorrectionRequested: modal opens and cancels cleanly (2.2s)
  ✓   94 [chromium] › tests/e2e/action-states/action-state-modals.spec.ts:25:9 › Action-state modals — open, inspect, cancel › [QC] qcVoid: modal opens and cancels cleanly (2.6s)
  ✓   95 [chromium] › tests/e2e/action-states/action-state-modals.spec.ts:25:9 › Action-state modals — open, inspect, cancel › [Billable] billableDraft: modal opens and cancels cleanly (2.2s)
  ✓   96 [chromium] › tests/e2e/action-states/action-state-modals.spec.ts:25:9 › Action-state modals — open, inspect, cancel › [Billable] billableOnHold: modal opens and cancels cleanly (2.4s)
  ✓   97 [chromium] › tests/e2e/action-states/action-state-modals.spec.ts:25:9 › Action-state modals — open, inspect, cancel › [Billable] billableDisputed: modal opens and cancels cleanly (2.6s)
  ✓   98 [chromium] › tests/e2e/action-states/action-state-modals.spec.ts:25:9 › Action-state modals — open, inspect, cancel › [Billable] billableVoid: modal opens and cancels cleanly (2.3s)
  ✓   99 [chromium] › tests/e2e/action-states/action-state-modals.spec.ts:25:9 › Action-state modals — open, inspect, cancel › [Settlement] settlementDraft: modal opens and cancels cleanly (1.7s)
  ✓  100 [chromium] › tests/e2e/action-states/action-state-modals.spec.ts:25:9 › Action-state modals — open, inspect, cancel › [Settlement] settlementItemDraft: modal opens and cancels cleanly (2.1s)
  ✓  101 [chromium] › tests/e2e/action-states/action-state-modals.spec.ts:25:9 › Action-state modals — open, inspect, cancel › [Settlement] settlementUnderReview: modal opens and cancels cleanly (1.7s)
  ✓  102 [chromium] › tests/e2e/action-states/action-state-modals.spec.ts:25:9 › Action-state modals — open, inspect, cancel › [Settlement] settlementApproved: modal opens and cancels cleanly (1.5s)
  ✓  103 [chromium] › tests/e2e/action-states/action-state-modals.spec.ts:25:9 › Action-state modals — open, inspect, cancel › [Settlement] settlementDisputed: modal opens and cancels cleanly (1.6s)
  ✓  104 [chromium] › tests/e2e/action-states/action-state-modals.spec.ts:25:9 › Action-state modals — open, inspect, cancel › [Settlement] settlementVoid: modal opens and cancels cleanly (1.7s)
  ✓  105 [chromium] › tests/e2e/action-states/action-state-modals.spec.ts:25:9 › Action-state modals — open, inspect, cancel › [Invoice] invoiceDraft: modal opens and cancels cleanly (1.3s)
  ✓  106 [chromium] › tests/e2e/action-states/action-state-modals.spec.ts:25:9 › Action-state modals — open, inspect, cancel › [Invoice] invoiceItemDraft: modal opens and cancels cleanly (1.4s)
  ✓  107 [chromium] › tests/e2e/action-states/action-state-modals.spec.ts:25:9 › Action-state modals — open, inspect, cancel › [Invoice] invoiceUnderReview: modal opens and cancels cleanly (1.4s)
  ✓  108 [chromium] › tests/e2e/action-states/action-state-modals.spec.ts:25:9 › Action-state modals — open, inspect, cancel › [Invoice] invoiceApproved: modal opens and cancels cleanly (1.5s)
  ✓  109 [chromium] › tests/e2e/action-states/action-state-modals.spec.ts:25:9 › Action-state modals — open, inspect, cancel › [Invoice] invoiceDisputed: modal opens and cancels cleanly (1.4s)
  ✓  110 [chromium] › tests/e2e/action-states/action-state-modals.spec.ts:25:9 › Action-state modals — open, inspect, cancel › [Invoice] invoiceVoid: modal opens and cancels cleanly (1.4s)
  ✓  111 [chromium] › tests/e2e/action-states/action-state-modals.spec.ts:25:9 › Action-state modals — open, inspect, cancel › [Cash] cashReceiptUnapplied: modal opens and cancels cleanly (1.3s)
  ✓  112 [chromium] › tests/e2e/action-states/action-state-modals.spec.ts:25:9 › Action-state modals — open, inspect, cancel › [Cash] cashReceiptVoidTarget: modal opens and cancels cleanly (1.5s)
  ✓  113 [chromium] › tests/e2e/action-states/action-state-modals.spec.ts:25:9 › Action-state modals — open, inspect, cancel › [Cash] cashReceiptVoid: modal opens and cancels cleanly (1.7s)
  ✓  114 [chromium] › tests/e2e/action-states/action-state-modals.spec.ts:25:9 › Action-state modals — open, inspect, cancel › [Cash] paymentApplicationApplied: modal opens and cancels cleanly (1.7s)
  ✓  115 [chromium] › tests/e2e/action-states/action-state-modals.spec.ts:25:9 › Action-state modals — open, inspect, cancel › [Cash] paymentApplicationVoid: modal opens and cancels cleanly (2.3s)
  ✓  116 [chromium] › tests/e2e/action-states/action-state-modals.spec.ts:25:9 › Action-state modals — open, inspect, cancel › [Collections] collectionCaseOpen: modal opens and cancels cleanly (1.7s)
  ✓  117 [chromium] › tests/e2e/action-states/action-state-modals.spec.ts:25:9 › Action-state modals — open, inspect, cancel › [Collections] collectionCaseClosed: modal opens and cancels cleanly (2.0s)
  ✓  118 [chromium] › tests/e2e/action-states/action-state-modals.spec.ts:25:9 › Action-state modals — open, inspect, cancel › [Collections] collectionActionPlanned: modal opens and cancels cleanly (1.6s)
  ✓  119 [chromium] › tests/e2e/action-states/action-state-modals.spec.ts:25:9 › Action-state modals — open, inspect, cancel › [Collections] collectionActionCompleted: modal opens and cancels cleanly (1.6s)
  ✓  120 [chromium] › tests/e2e/action-states/action-state-modals.spec.ts:25:9 › Action-state modals — open, inspect, cancel › [Contractor Payable] cpayDraft: modal opens and cancels cleanly (1.9s)
  ✓  121 [chromium] › tests/e2e/action-states/action-state-modals.spec.ts:25:9 › Action-state modals — open, inspect, cancel › [Contractor Payable] cpayItemDraft: modal opens and cancels cleanly (1.9s)
  ✓  122 [chromium] › tests/e2e/action-states/action-state-modals.spec.ts:25:9 › Action-state modals — open, inspect, cancel › [Contractor Payable] cpayUnderReview: modal opens and cancels cleanly (1.9s)
  ✓  123 [chromium] › tests/e2e/action-states/action-state-modals.spec.ts:25:9 › Action-state modals — open, inspect, cancel › [Contractor Payable] cpayApproved: modal opens and cancels cleanly (1.7s)
  ✓  124 [chromium] › tests/e2e/action-states/action-state-modals.spec.ts:25:9 › Action-state modals — open, inspect, cancel › [Contractor Payable] cpayDisputed: modal opens and cancels cleanly (1.7s)
  ✓  125 [chromium] › tests/e2e/action-states/action-state-modals.spec.ts:25:9 › Action-state modals — open, inspect, cancel › [Contractor Payable] cpayVoid: modal opens and cancels cleanly (2.0s)
  ✓  126 [chromium] › tests/e2e/action-states/action-state-modals.spec.ts:25:9 › Action-state modals — open, inspect, cancel › [Payroll] payrollDraft: modal opens and cancels cleanly (1.4s)
  ✓  127 [chromium] › tests/e2e/action-states/action-state-modals.spec.ts:25:9 › Action-state modals — open, inspect, cancel › [Payroll] payrollItemDraft: modal opens and cancels cleanly (1.4s)
  ✓  128 [chromium] › tests/e2e/action-states/action-state-modals.spec.ts:25:9 › Action-state modals — open, inspect, cancel › [Payroll] payrollUnderReview: modal opens and cancels cleanly (1.3s)
  ✓  129 [chromium] › tests/e2e/action-states/action-state-modals.spec.ts:25:9 › Action-state modals — open, inspect, cancel › [Payroll] payrollApproved: modal opens and cancels cleanly (1.3s)
  ✓  130 [chromium] › tests/e2e/action-states/action-state-modals.spec.ts:25:9 › Action-state modals — open, inspect, cancel › [Payroll] payrollDisputed: modal opens and cancels cleanly (1.3s)
  ✓  131 [chromium] › tests/e2e/action-states/action-state-modals.spec.ts:25:9 › Action-state modals — open, inspect, cancel › [Payroll] payrollVoid: modal opens and cancels cleanly (1.4s)
  ✓  132 [chromium] › tests/e2e/action-states/action-state-modals.spec.ts:25:9 › Action-state modals — open, inspect, cancel › [Payment Execution] paymentBatchDraft: modal opens and cancels cleanly (1.2s)
  ✓  133 [chromium] › tests/e2e/action-states/action-state-modals.spec.ts:25:9 › Action-state modals — open, inspect, cancel › [Payment Execution] paymentItemDraft: modal opens and cancels cleanly (1.1s)
  ✓  134 [chromium] › tests/e2e/action-states/action-state-modals.spec.ts:25:9 › Action-state modals — open, inspect, cancel › [Payment Execution] paymentBatchUnderReview: modal opens and cancels cleanly (1.3s)
  ✓  135 [chromium] › tests/e2e/action-states/action-state-modals.spec.ts:25:9 › Action-state modals — open, inspect, cancel › [Payment Execution] paymentBatchApproved: modal opens and cancels cleanly (1.1s)
  ✓  136 [chromium] › tests/e2e/action-states/action-state-modals.spec.ts:25:9 › Action-state modals — open, inspect, cancel › [Payment Execution] paymentBatchScheduled: modal opens and cancels cleanly (1.2s)
  ✓  137 [chromium] › tests/e2e/action-states/action-state-modals.spec.ts:25:9 › Action-state modals — open, inspect, cancel › [Payment Execution] paymentBatchExecutionSubmitted: modal opens and cancels cleanly (1.2s)
  ✓  138 [chromium] › tests/e2e/action-states/action-state-modals.spec.ts:25:9 › Action-state modals — open, inspect, cancel › [Payment Execution] paymentBatchVoidTarget: modal opens and cancels cleanly (1.4s)
  ✓  139 [chromium] › tests/e2e/action-states/action-state-modals.spec.ts:25:9 › Action-state modals — open, inspect, cancel › [Payment Execution] paymentBatchVoid: modal opens and cancels cleanly (1.4s)
  ✓  140 [chromium] › tests/e2e/action-states/action-state-modals.spec.ts:25:9 › Action-state modals — open, inspect, cancel › [Bank Reconciliation] bankAccountArchivable: modal opens and cancels cleanly (1.2s)
  ✓  141 [chromium] › tests/e2e/action-states/action-state-modals.spec.ts:25:9 › Action-state modals — open, inspect, cancel › [Bank Reconciliation] bankTxnUnmatchedDebit: modal opens and cancels cleanly (1.4s)
  ✓  142 [chromium] › tests/e2e/action-states/action-state-modals.spec.ts:25:9 › Action-state modals — open, inspect, cancel › [Bank Reconciliation] bankTxnUnmatchedCredit: modal opens and cancels cleanly (1.6s)
  ✓  143 [chromium] › tests/e2e/action-states/action-state-modals.spec.ts:25:9 › Action-state modals — open, inspect, cancel › [Bank Reconciliation] bankTxnExceptionNone: modal opens and cancels cleanly (1.4s)
  ✓  144 [chromium] › tests/e2e/action-states/action-state-modals.spec.ts:25:9 › Action-state modals — open, inspect, cancel › [Bank Reconciliation] bankTxnExceptionOpen: modal opens and cancels cleanly (1.5s)
  ✓  145 [chromium] › tests/e2e/action-states/action-state-modals.spec.ts:25:9 › Action-state modals — open, inspect, cancel › [Bank Reconciliation] bankTxnIgnorable: modal opens and cancels cleanly (1.5s)
  ✓  146 [chromium] › tests/e2e/action-states/action-state-modals.spec.ts:25:9 › Action-state modals — open, inspect, cancel › [Bank Reconciliation] reconMatchProposed: modal opens and cancels cleanly (1.3s)
  ✓  147 [chromium] › tests/e2e/action-states/action-state-modals.spec.ts:25:9 › Action-state modals — open, inspect, cancel › [Accounting Export] aexDraft: modal opens and cancels cleanly (1.8s)
  ✓  148 [chromium] › tests/e2e/action-states/action-state-modals.spec.ts:25:9 › Action-state modals — open, inspect, cancel › [Accounting Export] aexItemDraft: modal opens and cancels cleanly (1.5s)
  ✓  149 [chromium] › tests/e2e/action-states/action-state-modals.spec.ts:25:9 › Action-state modals — open, inspect, cancel › [Accounting Export] aexGenerated: modal opens and cancels cleanly (1.5s)
  ✓  150 [chromium] › tests/e2e/action-states/action-state-modals.spec.ts:25:9 › Action-state modals — open, inspect, cancel › [Accounting Export] aexUnderReview: modal opens and cancels cleanly (1.6s)
  ✓  151 [chromium] › tests/e2e/action-states/action-state-modals.spec.ts:25:9 › Action-state modals — open, inspect, cancel › [Accounting Export] aexSubmitted: modal opens and cancels cleanly (1.6s)
  ✓  152 [chromium] › tests/e2e/action-states/action-state-modals.spec.ts:25:9 › Action-state modals — open, inspect, cancel › [Accounting Export] aexCancelable: modal opens and cancels cleanly (1.5s)
  ✓  153 [chromium] › tests/e2e/action-states/action-state-personas.spec.ts:30:11 › Action-state personas — natural persona sees action, read-only does not › [Production] prodDraft › natural persona sees action button (805ms)
  ✓  154 [chromium] › tests/e2e/action-states/action-state-personas.spec.ts:39:11 › Action-state personas — natural persona sees action, read-only does not › [Production] prodDraft › read-only auditor: route loads but action button hidden or disabled (560ms)
  ✓  155 [chromium] › tests/e2e/action-states/action-state-personas.spec.ts:30:11 › Action-state personas — natural persona sees action, read-only does not › [Production] prodSubmitted › natural persona sees action button (727ms)
  ✓  156 [chromium] › tests/e2e/action-states/action-state-personas.spec.ts:39:11 › Action-state personas — natural persona sees action, read-only does not › [Production] prodSubmitted › read-only auditor: route loads but action button hidden or disabled (562ms)
  ✓  157 [chromium] › tests/e2e/action-states/action-state-personas.spec.ts:30:11 › Action-state personas — natural persona sees action, read-only does not › [Production] prodUnderReview › natural persona sees action button (745ms)
  ✓  158 [chromium] › tests/e2e/action-states/action-state-personas.spec.ts:39:11 › Action-state personas — natural persona sees action, read-only does not › [Production] prodUnderReview › read-only auditor: route loads but action button hidden or disabled (550ms)
  ✓  159 [chromium] › tests/e2e/action-states/action-state-personas.spec.ts:30:11 › Action-state personas — natural persona sees action, read-only does not › [Production] prodCorrectionRequested › natural persona sees action button (655ms)
  ✓  160 [chromium] › tests/e2e/action-states/action-state-personas.spec.ts:39:11 › Action-state personas — natural persona sees action, read-only does not › [Production] prodCorrectionRequested › read-only auditor: route loads but action button hidden or disabled (778ms)
  ✓  161 [chromium] › tests/e2e/action-states/action-state-personas.spec.ts:30:11 › Action-state personas — natural persona sees action, read-only does not › [Production] prodApprovedNotMarked › natural persona sees action button (647ms)
  ✓  162 [chromium] › tests/e2e/action-states/action-state-personas.spec.ts:39:11 › Action-state personas — natural persona sees action, read-only does not › [Production] prodApprovedNotMarked › read-only auditor: route loads but action button hidden or disabled (550ms)
  ✓  163 [chromium] › tests/e2e/action-states/action-state-personas.spec.ts:30:11 › Action-state personas — natural persona sees action, read-only does not › [Production] prodVoid › natural persona sees action button (697ms)
  ✓  164 [chromium] › tests/e2e/action-states/action-state-personas.spec.ts:39:11 › Action-state personas — natural persona sees action, read-only does not › [Production] prodVoid › read-only auditor: route loads but action button hidden or disabled (610ms)
  ✓  165 [chromium] › tests/e2e/action-states/action-state-personas.spec.ts:30:11 › Action-state personas — natural persona sees action, read-only does not › [QC] qcPending › natural persona sees action button (641ms)
  ✓  166 [chromium] › tests/e2e/action-states/action-state-personas.spec.ts:39:11 › Action-state personas — natural persona sees action, read-only does not › [QC] qcPending › read-only auditor: route loads but action button hidden or disabled (555ms)
  ✓  167 [chromium] › tests/e2e/action-states/action-state-personas.spec.ts:30:11 › Action-state personas — natural persona sees action, read-only does not › [QC] qcInReview › natural persona sees action button (650ms)
  ✓  168 [chromium] › tests/e2e/action-states/action-state-personas.spec.ts:39:11 › Action-state personas — natural persona sees action, read-only does not › [QC] qcInReview › read-only auditor: route loads but action button hidden or disabled (576ms)
  ✓  169 [chromium] › tests/e2e/action-states/action-state-personas.spec.ts:30:11 › Action-state personas — natural persona sees action, read-only does not › [QC] qcCorrectionRequested › natural persona sees action button (637ms)
  ✓  170 [chromium] › tests/e2e/action-states/action-state-personas.spec.ts:39:11 › Action-state personas — natural persona sees action, read-only does not › [QC] qcCorrectionRequested › read-only auditor: route loads but action button hidden or disabled (490ms)
  ✓  171 [chromium] › tests/e2e/action-states/action-state-personas.spec.ts:30:11 › Action-state personas — natural persona sees action, read-only does not › [QC] qcVoid › natural persona sees action button (721ms)
  ✓  172 [chromium] › tests/e2e/action-states/action-state-personas.spec.ts:39:11 › Action-state personas — natural persona sees action, read-only does not › [QC] qcVoid › read-only auditor: route loads but action button hidden or disabled (575ms)
  ✓  173 [chromium] › tests/e2e/action-states/action-state-personas.spec.ts:30:11 › Action-state personas — natural persona sees action, read-only does not › [Billable] billableDraft › natural persona sees action button (602ms)
  ✓  174 [chromium] › tests/e2e/action-states/action-state-personas.spec.ts:39:11 › Action-state personas — natural persona sees action, read-only does not › [Billable] billableDraft › read-only auditor: route loads but action button hidden or disabled (622ms)
  ✓  175 [chromium] › tests/e2e/action-states/action-state-personas.spec.ts:30:11 › Action-state personas — natural persona sees action, read-only does not › [Billable] billableOnHold › natural persona sees action button (635ms)
  ✓  176 [chromium] › tests/e2e/action-states/action-state-personas.spec.ts:39:11 › Action-state personas — natural persona sees action, read-only does not › [Billable] billableOnHold › read-only auditor: route loads but action button hidden or disabled (660ms)
  ✓  177 [chromium] › tests/e2e/action-states/action-state-personas.spec.ts:30:11 › Action-state personas — natural persona sees action, read-only does not › [Billable] billableDisputed › natural persona sees action button (593ms)
  ✓  178 [chromium] › tests/e2e/action-states/action-state-personas.spec.ts:39:11 › Action-state personas — natural persona sees action, read-only does not › [Billable] billableDisputed › read-only auditor: route loads but action button hidden or disabled (594ms)
  ✓  179 [chromium] › tests/e2e/action-states/action-state-personas.spec.ts:30:11 › Action-state personas — natural persona sees action, read-only does not › [Billable] billableVoid › natural persona sees action button (753ms)
  ✓  180 [chromium] › tests/e2e/action-states/action-state-personas.spec.ts:39:11 › Action-state personas — natural persona sees action, read-only does not › [Billable] billableVoid › read-only auditor: route loads but action button hidden or disabled (594ms)
  ✓  181 [chromium] › tests/e2e/action-states/action-state-personas.spec.ts:30:11 › Action-state personas — natural persona sees action, read-only does not › [Settlement] settlementDraft › natural persona sees action button (666ms)
  ✓  182 [chromium] › tests/e2e/action-states/action-state-personas.spec.ts:39:11 › Action-state personas — natural persona sees action, read-only does not › [Settlement] settlementDraft › read-only auditor: route loads but action button hidden or disabled (677ms)
  ✓  183 [chromium] › tests/e2e/action-states/action-state-personas.spec.ts:30:11 › Action-state personas — natural persona sees action, read-only does not › [Settlement] settlementItemDraft › natural persona sees action button (654ms)
  ✓  184 [chromium] › tests/e2e/action-states/action-state-personas.spec.ts:39:11 › Action-state personas — natural persona sees action, read-only does not › [Settlement] settlementItemDraft › read-only auditor: route loads but action button hidden or disabled (705ms)
  ✓  185 [chromium] › tests/e2e/action-states/action-state-personas.spec.ts:30:11 › Action-state personas — natural persona sees action, read-only does not › [Settlement] settlementUnderReview › natural persona sees action button (660ms)
  ✓  186 [chromium] › tests/e2e/action-states/action-state-personas.spec.ts:39:11 › Action-state personas — natural persona sees action, read-only does not › [Settlement] settlementUnderReview › read-only auditor: route loads but action button hidden or disabled (668ms)
  ✓  187 [chromium] › tests/e2e/action-states/action-state-personas.spec.ts:30:11 › Action-state personas — natural persona sees action, read-only does not › [Settlement] settlementApproved › natural persona sees action button (678ms)
  ✓  188 [chromium] › tests/e2e/action-states/action-state-personas.spec.ts:39:11 › Action-state personas — natural persona sees action, read-only does not › [Settlement] settlementApproved › read-only auditor: route loads but action button hidden or disabled (672ms)
  ✓  189 [chromium] › tests/e2e/action-states/action-state-personas.spec.ts:30:11 › Action-state personas — natural persona sees action, read-only does not › [Settlement] settlementDisputed › natural persona sees action button (1.9s)
  ✓  190 [chromium] › tests/e2e/action-states/action-state-personas.spec.ts:39:11 › Action-state personas — natural persona sees action, read-only does not › [Settlement] settlementDisputed › read-only auditor: route loads but action button hidden or disabled (758ms)
  ✓  191 [chromium] › tests/e2e/action-states/action-state-personas.spec.ts:30:11 › Action-state personas — natural persona sees action, read-only does not › [Settlement] settlementVoid › natural persona sees action button (1.0s)
  ✓  192 [chromium] › tests/e2e/action-states/action-state-personas.spec.ts:39:11 › Action-state personas — natural persona sees action, read-only does not › [Settlement] settlementVoid › read-only auditor: route loads but action button hidden or disabled (735ms)
  ✓  193 [chromium] › tests/e2e/action-states/action-state-personas.spec.ts:30:11 › Action-state personas — natural persona sees action, read-only does not › [Invoice] invoiceDraft › natural persona sees action button (800ms)
  ✓  194 [chromium] › tests/e2e/action-states/action-state-personas.spec.ts:39:11 › Action-state personas — natural persona sees action, read-only does not › [Invoice] invoiceDraft › read-only auditor: route loads but action button hidden or disabled (663ms)
  ✓  195 [chromium] › tests/e2e/action-states/action-state-personas.spec.ts:30:11 › Action-state personas — natural persona sees action, read-only does not › [Invoice] invoiceItemDraft › natural persona sees action button (1.0s)
  ✓  196 [chromium] › tests/e2e/action-states/action-state-personas.spec.ts:39:11 › Action-state personas — natural persona sees action, read-only does not › [Invoice] invoiceItemDraft › read-only auditor: route loads but action button hidden or disabled (921ms)
  ✓  197 [chromium] › tests/e2e/action-states/action-state-personas.spec.ts:30:11 › Action-state personas — natural persona sees action, read-only does not › [Invoice] invoiceUnderReview › natural persona sees action button (901ms)
  ✓  198 [chromium] › tests/e2e/action-states/action-state-personas.spec.ts:39:11 › Action-state personas — natural persona sees action, read-only does not › [Invoice] invoiceUnderReview › read-only auditor: route loads but action button hidden or disabled (676ms)
  ✓  199 [chromium] › tests/e2e/action-states/action-state-personas.spec.ts:30:11 › Action-state personas — natural persona sees action, read-only does not › [Invoice] invoiceApproved › natural persona sees action button (989ms)
  ✓  200 [chromium] › tests/e2e/action-states/action-state-personas.spec.ts:39:11 › Action-state personas — natural persona sees action, read-only does not › [Invoice] invoiceApproved › read-only auditor: route loads but action button hidden or disabled (932ms)
  ✓  201 [chromium] › tests/e2e/action-states/action-state-personas.spec.ts:30:11 › Action-state personas — natural persona sees action, read-only does not › [Invoice] invoiceDisputed › natural persona sees action button (1.1s)
  ✓  202 [chromium] › tests/e2e/action-states/action-state-personas.spec.ts:39:11 › Action-state personas — natural persona sees action, read-only does not › [Invoice] invoiceDisputed › read-only auditor: route loads but action button hidden or disabled (754ms)
  ✓  203 [chromium] › tests/e2e/action-states/action-state-personas.spec.ts:30:11 › Action-state personas — natural persona sees action, read-only does not › [Invoice] invoiceVoid › natural persona sees action button (1.1s)
  ✓  204 [chromium] › tests/e2e/action-states/action-state-personas.spec.ts:39:11 › Action-state personas — natural persona sees action, read-only does not › [Invoice] invoiceVoid › read-only auditor: route loads but action button hidden or disabled (967ms)
  ✓  205 [chromium] › tests/e2e/action-states/action-state-personas.spec.ts:30:11 › Action-state personas — natural persona sees action, read-only does not › [Cash] cashReceiptUnapplied › natural persona sees action button (868ms)
  ✓  206 [chromium] › tests/e2e/action-states/action-state-personas.spec.ts:39:11 › Action-state personas — natural persona sees action, read-only does not › [Cash] cashReceiptUnapplied › read-only auditor: route loads but action button hidden or disabled (911ms)
  ✓  207 [chromium] › tests/e2e/action-states/action-state-personas.spec.ts:30:11 › Action-state personas — natural persona sees action, read-only does not › [Cash] cashReceiptVoidTarget › natural persona sees action button (807ms)
  ✓  208 [chromium] › tests/e2e/action-states/action-state-personas.spec.ts:39:11 › Action-state personas — natural persona sees action, read-only does not › [Cash] cashReceiptVoidTarget › read-only auditor: route loads but action button hidden or disabled (693ms)
  ✓  209 [chromium] › tests/e2e/action-states/action-state-personas.spec.ts:30:11 › Action-state personas — natural persona sees action, read-only does not › [Cash] cashReceiptVoid › natural persona sees action button (960ms)
  ✓  210 [chromium] › tests/e2e/action-states/action-state-personas.spec.ts:39:11 › Action-state personas — natural persona sees action, read-only does not › [Cash] cashReceiptVoid › read-only auditor: route loads but action button hidden or disabled (893ms)
  ✓  211 [chromium] › tests/e2e/action-states/action-state-personas.spec.ts:30:11 › Action-state personas — natural persona sees action, read-only does not › [Cash] paymentApplicationApplied › natural persona sees action button (808ms)
  ✓  212 [chromium] › tests/e2e/action-states/action-state-personas.spec.ts:39:11 › Action-state personas — natural persona sees action, read-only does not › [Cash] paymentApplicationApplied › read-only auditor: route loads but action button hidden or disabled (856ms)
  ✓  213 [chromium] › tests/e2e/action-states/action-state-personas.spec.ts:30:11 › Action-state personas — natural persona sees action, read-only does not › [Cash] paymentApplicationVoid › natural persona sees action button (914ms)
  ✓  214 [chromium] › tests/e2e/action-states/action-state-personas.spec.ts:39:11 › Action-state personas — natural persona sees action, read-only does not › [Cash] paymentApplicationVoid › read-only auditor: route loads but action button hidden or disabled (498ms)
  ✓  215 [chromium] › tests/e2e/action-states/action-state-personas.spec.ts:30:11 › Action-state personas — natural persona sees action, read-only does not › [Collections] collectionCaseOpen › natural persona sees action button (715ms)
  ✓  216 [chromium] › tests/e2e/action-states/action-state-personas.spec.ts:39:11 › Action-state personas — natural persona sees action, read-only does not › [Collections] collectionCaseOpen › read-only auditor: route loads but action button hidden or disabled (564ms)
  ✓  217 [chromium] › tests/e2e/action-states/action-state-personas.spec.ts:30:11 › Action-state personas — natural persona sees action, read-only does not › [Collections] collectionCaseClosed › natural persona sees action button (739ms)
  ✓  218 [chromium] › tests/e2e/action-states/action-state-personas.spec.ts:39:11 › Action-state personas — natural persona sees action, read-only does not › [Collections] collectionCaseClosed › read-only auditor: route loads but action button hidden or disabled (659ms)
  ✓  219 [chromium] › tests/e2e/action-states/action-state-personas.spec.ts:30:11 › Action-state personas — natural persona sees action, read-only does not › [Collections] collectionActionPlanned › natural persona sees action button (609ms)
  ✓  220 [chromium] › tests/e2e/action-states/action-state-personas.spec.ts:39:11 › Action-state personas — natural persona sees action, read-only does not › [Collections] collectionActionPlanned › read-only auditor: route loads but action button hidden or disabled (492ms)
  ✓  221 [chromium] › tests/e2e/action-states/action-state-personas.spec.ts:30:11 › Action-state personas — natural persona sees action, read-only does not › [Collections] collectionActionCompleted › natural persona sees action button (612ms)
  ✓  222 [chromium] › tests/e2e/action-states/action-state-personas.spec.ts:39:11 › Action-state personas — natural persona sees action, read-only does not › [Collections] collectionActionCompleted › read-only auditor: route loads but action button hidden or disabled (653ms)
  ✓  223 [chromium] › tests/e2e/action-states/action-state-personas.spec.ts:30:11 › Action-state personas — natural persona sees action, read-only does not › [Contractor Payable] cpayDraft › natural persona sees action button (1.1s)
  ✓  224 [chromium] › tests/e2e/action-states/action-state-personas.spec.ts:39:11 › Action-state personas — natural persona sees action, read-only does not › [Contractor Payable] cpayDraft › read-only auditor: route loads but action button hidden or disabled (750ms)
  ✓  225 [chromium] › tests/e2e/action-states/action-state-personas.spec.ts:30:11 › Action-state personas — natural persona sees action, read-only does not › [Contractor Payable] cpayItemDraft › natural persona sees action button (801ms)
  ✓  226 [chromium] › tests/e2e/action-states/action-state-personas.spec.ts:39:11 › Action-state personas — natural persona sees action, read-only does not › [Contractor Payable] cpayItemDraft › read-only auditor: route loads but action button hidden or disabled (678ms)
  ✓  227 [chromium] › tests/e2e/action-states/action-state-personas.spec.ts:30:11 › Action-state personas — natural persona sees action, read-only does not › [Contractor Payable] cpayUnderReview › natural persona sees action button (894ms)
  ✓  228 [chromium] › tests/e2e/action-states/action-state-personas.spec.ts:39:11 › Action-state personas — natural persona sees action, read-only does not › [Contractor Payable] cpayUnderReview › read-only auditor: route loads but action button hidden or disabled (692ms)
  ✓  229 [chromium] › tests/e2e/action-states/action-state-personas.spec.ts:30:11 › Action-state personas — natural persona sees action, read-only does not › [Contractor Payable] cpayApproved › natural persona sees action button (720ms)
  ✓  230 [chromium] › tests/e2e/action-states/action-state-personas.spec.ts:39:11 › Action-state personas — natural persona sees action, read-only does not › [Contractor Payable] cpayApproved › read-only auditor: route loads but action button hidden or disabled (501ms)
  ✓  231 [chromium] › tests/e2e/action-states/action-state-personas.spec.ts:30:11 › Action-state personas — natural persona sees action, read-only does not › [Contractor Payable] cpayDisputed › natural persona sees action button (848ms)
  ✓  232 [chromium] › tests/e2e/action-states/action-state-personas.spec.ts:39:11 › Action-state personas — natural persona sees action, read-only does not › [Contractor Payable] cpayDisputed › read-only auditor: route loads but action button hidden or disabled (781ms)
  ✓  233 [chromium] › tests/e2e/action-states/action-state-personas.spec.ts:30:11 › Action-state personas — natural persona sees action, read-only does not › [Contractor Payable] cpayVoid › natural persona sees action button (958ms)
  ✓  234 [chromium] › tests/e2e/action-states/action-state-personas.spec.ts:39:11 › Action-state personas — natural persona sees action, read-only does not › [Contractor Payable] cpayVoid › read-only auditor: route loads but action button hidden or disabled (671ms)
  ✓  235 [chromium] › tests/e2e/action-states/action-state-personas.spec.ts:30:11 › Action-state personas — natural persona sees action, read-only does not › [Payroll] payrollDraft › natural persona sees action button (966ms)
  ✓  236 [chromium] › tests/e2e/action-states/action-state-personas.spec.ts:39:11 › Action-state personas — natural persona sees action, read-only does not › [Payroll] payrollDraft › read-only auditor: route loads but action button hidden or disabled (1.0s)
  ✓  237 [chromium] › tests/e2e/action-states/action-state-personas.spec.ts:30:11 › Action-state personas — natural persona sees action, read-only does not › [Payroll] payrollItemDraft › natural persona sees action button (1.1s)
  ✓  238 [chromium] › tests/e2e/action-states/action-state-personas.spec.ts:39:11 › Action-state personas — natural persona sees action, read-only does not › [Payroll] payrollItemDraft › read-only auditor: route loads but action button hidden or disabled (956ms)
  ✓  239 [chromium] › tests/e2e/action-states/action-state-personas.spec.ts:30:11 › Action-state personas — natural persona sees action, read-only does not › [Payroll] payrollUnderReview › natural persona sees action button (957ms)
  ✓  240 [chromium] › tests/e2e/action-states/action-state-personas.spec.ts:39:11 › Action-state personas — natural persona sees action, read-only does not › [Payroll] payrollUnderReview › read-only auditor: route loads but action button hidden or disabled (960ms)
  ✓  241 [chromium] › tests/e2e/action-states/action-state-personas.spec.ts:30:11 › Action-state personas — natural persona sees action, read-only does not › [Payroll] payrollApproved › natural persona sees action button (1.1s)
  ✓  242 [chromium] › tests/e2e/action-states/action-state-personas.spec.ts:39:11 › Action-state personas — natural persona sees action, read-only does not › [Payroll] payrollApproved › read-only auditor: route loads but action button hidden or disabled (1.1s)
  ✓  243 [chromium] › tests/e2e/action-states/action-state-personas.spec.ts:30:11 › Action-state personas — natural persona sees action, read-only does not › [Payroll] payrollDisputed › natural persona sees action button (884ms)
  ✓  244 [chromium] › tests/e2e/action-states/action-state-personas.spec.ts:39:11 › Action-state personas — natural persona sees action, read-only does not › [Payroll] payrollDisputed › read-only auditor: route loads but action button hidden or disabled (798ms)
  ✓  245 [chromium] › tests/e2e/action-states/action-state-personas.spec.ts:30:11 › Action-state personas — natural persona sees action, read-only does not › [Payroll] payrollVoid › natural persona sees action button (1.3s)
  ✓  246 [chromium] › tests/e2e/action-states/action-state-personas.spec.ts:39:11 › Action-state personas — natural persona sees action, read-only does not › [Payroll] payrollVoid › read-only auditor: route loads but action button hidden or disabled (920ms)
  ✓  247 [chromium] › tests/e2e/action-states/action-state-personas.spec.ts:30:11 › Action-state personas — natural persona sees action, read-only does not › [Payment Execution] paymentBatchDraft › natural persona sees action button (899ms)
  ✓  248 [chromium] › tests/e2e/action-states/action-state-personas.spec.ts:39:11 › Action-state personas — natural persona sees action, read-only does not › [Payment Execution] paymentBatchDraft › read-only auditor: route loads but action button hidden or disabled (670ms)
  ✓  249 [chromium] › tests/e2e/action-states/action-state-personas.spec.ts:30:11 › Action-state personas — natural persona sees action, read-only does not › [Payment Execution] paymentItemDraft › natural persona sees action button (848ms)
  ✓  250 [chromium] › tests/e2e/action-states/action-state-personas.spec.ts:39:11 › Action-state personas — natural persona sees action, read-only does not › [Payment Execution] paymentItemDraft › read-only auditor: route loads but action button hidden or disabled (801ms)
  ✓  251 [chromium] › tests/e2e/action-states/action-state-personas.spec.ts:30:11 › Action-state personas — natural persona sees action, read-only does not › [Payment Execution] paymentBatchUnderReview › natural persona sees action button (1.4s)
  ✓  252 [chromium] › tests/e2e/action-states/action-state-personas.spec.ts:39:11 › Action-state personas — natural persona sees action, read-only does not › [Payment Execution] paymentBatchUnderReview › read-only auditor: route loads but action button hidden or disabled (1.2s)
  ✓  253 [chromium] › tests/e2e/action-states/action-state-personas.spec.ts:30:11 › Action-state personas — natural persona sees action, read-only does not › [Payment Execution] paymentBatchApproved › natural persona sees action button (1.5s)
  ✓  254 [chromium] › tests/e2e/action-states/action-state-personas.spec.ts:39:11 › Action-state personas — natural persona sees action, read-only does not › [Payment Execution] paymentBatchApproved › read-only auditor: route loads but action button hidden or disabled (823ms)
  ✓  255 [chromium] › tests/e2e/action-states/action-state-personas.spec.ts:30:11 › Action-state personas — natural persona sees action, read-only does not › [Payment Execution] paymentBatchScheduled › natural persona sees action button (1.2s)
  ✓  256 [chromium] › tests/e2e/action-states/action-state-personas.spec.ts:39:11 › Action-state personas — natural persona sees action, read-only does not › [Payment Execution] paymentBatchScheduled › read-only auditor: route loads but action button hidden or disabled (731ms)
  ✓  257 [chromium] › tests/e2e/action-states/action-state-personas.spec.ts:30:11 › Action-state personas — natural persona sees action, read-only does not › [Payment Execution] paymentBatchExecutionSubmitted › natural persona sees action button (1.1s)
  ✓  258 [chromium] › tests/e2e/action-states/action-state-personas.spec.ts:39:11 › Action-state personas — natural persona sees action, read-only does not › [Payment Execution] paymentBatchExecutionSubmitted › read-only auditor: route loads but action button hidden or disabled (598ms)
  ✓  259 [chromium] › tests/e2e/action-states/action-state-personas.spec.ts:30:11 › Action-state personas — natural persona sees action, read-only does not › [Payment Execution] paymentBatchVoidTarget › natural persona sees action button (1.1s)
  ✓  260 [chromium] › tests/e2e/action-states/action-state-personas.spec.ts:39:11 › Action-state personas — natural persona sees action, read-only does not › [Payment Execution] paymentBatchVoidTarget › read-only auditor: route loads but action button hidden or disabled (649ms)
  ✓  261 [chromium] › tests/e2e/action-states/action-state-personas.spec.ts:30:11 › Action-state personas — natural persona sees action, read-only does not › [Payment Execution] paymentBatchVoid › natural persona sees action button (1.0s)
  ✓  262 [chromium] › tests/e2e/action-states/action-state-personas.spec.ts:39:11 › Action-state personas — natural persona sees action, read-only does not › [Payment Execution] paymentBatchVoid › read-only auditor: route loads but action button hidden or disabled (649ms)
  ✓  263 [chromium] › tests/e2e/action-states/action-state-personas.spec.ts:30:11 › Action-state personas — natural persona sees action, read-only does not › [Bank Reconciliation] bankAccountArchivable › natural persona sees action button (832ms)
  ✓  264 [chromium] › tests/e2e/action-states/action-state-personas.spec.ts:39:11 › Action-state personas — natural persona sees action, read-only does not › [Bank Reconciliation] bankAccountArchivable › read-only auditor: route loads but action button hidden or disabled (641ms)
  ✓  265 [chromium] › tests/e2e/action-states/action-state-personas.spec.ts:30:11 › Action-state personas — natural persona sees action, read-only does not › [Bank Reconciliation] bankTxnUnmatchedDebit › natural persona sees action button (709ms)
  ✓  266 [chromium] › tests/e2e/action-states/action-state-personas.spec.ts:39:11 › Action-state personas — natural persona sees action, read-only does not › [Bank Reconciliation] bankTxnUnmatchedDebit › read-only auditor: route loads but action button hidden or disabled (613ms)
  ✓  267 [chromium] › tests/e2e/action-states/action-state-personas.spec.ts:30:11 › Action-state personas — natural persona sees action, read-only does not › [Bank Reconciliation] bankTxnUnmatchedCredit › natural persona sees action button (715ms)
  ✓  268 [chromium] › tests/e2e/action-states/action-state-personas.spec.ts:39:11 › Action-state personas — natural persona sees action, read-only does not › [Bank Reconciliation] bankTxnUnmatchedCredit › read-only auditor: route loads but action button hidden or disabled (498ms)
  ✓  269 [chromium] › tests/e2e/action-states/action-state-personas.spec.ts:30:11 › Action-state personas — natural persona sees action, read-only does not › [Bank Reconciliation] bankTxnExceptionNone › natural persona sees action button (632ms)
  ✓  270 [chromium] › tests/e2e/action-states/action-state-personas.spec.ts:39:11 › Action-state personas — natural persona sees action, read-only does not › [Bank Reconciliation] bankTxnExceptionNone › read-only auditor: route loads but action button hidden or disabled (649ms)
  ✓  271 [chromium] › tests/e2e/action-states/action-state-personas.spec.ts:30:11 › Action-state personas — natural persona sees action, read-only does not › [Bank Reconciliation] bankTxnExceptionOpen › natural persona sees action button (632ms)
  ✓  272 [chromium] › tests/e2e/action-states/action-state-personas.spec.ts:39:11 › Action-state personas — natural persona sees action, read-only does not › [Bank Reconciliation] bankTxnExceptionOpen › read-only auditor: route loads but action button hidden or disabled (485ms)
  ✓  273 [chromium] › tests/e2e/action-states/action-state-personas.spec.ts:30:11 › Action-state personas — natural persona sees action, read-only does not › [Bank Reconciliation] bankTxnIgnorable › natural persona sees action button (638ms)
  ✓  274 [chromium] › tests/e2e/action-states/action-state-personas.spec.ts:39:11 › Action-state personas — natural persona sees action, read-only does not › [Bank Reconciliation] bankTxnIgnorable › read-only auditor: route loads but action button hidden or disabled (645ms)
  ✓  275 [chromium] › tests/e2e/action-states/action-state-personas.spec.ts:30:11 › Action-state personas — natural persona sees action, read-only does not › [Bank Reconciliation] reconMatchProposed › natural persona sees action button (549ms)
  ✓  276 [chromium] › tests/e2e/action-states/action-state-personas.spec.ts:39:11 › Action-state personas — natural persona sees action, read-only does not › [Bank Reconciliation] reconMatchProposed › read-only auditor: route loads but action button hidden or disabled (550ms)
  ✓  277 [chromium] › tests/e2e/action-states/action-state-personas.spec.ts:30:11 › Action-state personas — natural persona sees action, read-only does not › [Accounting Export] aexDraft › natural persona sees action button (682ms)
  ✓  278 [chromium] › tests/e2e/action-states/action-state-personas.spec.ts:39:11 › Action-state personas — natural persona sees action, read-only does not › [Accounting Export] aexDraft › read-only auditor: route loads but action button hidden or disabled (456ms)
  ✓  279 [chromium] › tests/e2e/action-states/action-state-personas.spec.ts:30:11 › Action-state personas — natural persona sees action, read-only does not › [Accounting Export] aexItemDraft › natural persona sees action button (580ms)
  ✓  280 [chromium] › tests/e2e/action-states/action-state-personas.spec.ts:39:11 › Action-state personas — natural persona sees action, read-only does not › [Accounting Export] aexItemDraft › read-only auditor: route loads but action button hidden or disabled (677ms)
  ✓  281 [chromium] › tests/e2e/action-states/action-state-personas.spec.ts:30:11 › Action-state personas — natural persona sees action, read-only does not › [Accounting Export] aexGenerated › natural persona sees action button (714ms)
  ✓  282 [chromium] › tests/e2e/action-states/action-state-personas.spec.ts:39:11 › Action-state personas — natural persona sees action, read-only does not › [Accounting Export] aexGenerated › read-only auditor: route loads but action button hidden or disabled (555ms)
  ✓  283 [chromium] › tests/e2e/action-states/action-state-personas.spec.ts:30:11 › Action-state personas — natural persona sees action, read-only does not › [Accounting Export] aexUnderReview › natural persona sees action button (680ms)
  ✓  284 [chromium] › tests/e2e/action-states/action-state-personas.spec.ts:39:11 › Action-state personas — natural persona sees action, read-only does not › [Accounting Export] aexUnderReview › read-only auditor: route loads but action button hidden or disabled (657ms)
  ✓  285 [chromium] › tests/e2e/action-states/action-state-personas.spec.ts:30:11 › Action-state personas — natural persona sees action, read-only does not › [Accounting Export] aexSubmitted › natural persona sees action button (734ms)
  ✓  286 [chromium] › tests/e2e/action-states/action-state-personas.spec.ts:39:11 › Action-state personas — natural persona sees action, read-only does not › [Accounting Export] aexSubmitted › read-only auditor: route loads but action button hidden or disabled (680ms)
  ✓  287 [chromium] › tests/e2e/action-states/action-state-personas.spec.ts:30:11 › Action-state personas — natural persona sees action, read-only does not › [Accounting Export] aexCancelable › natural persona sees action button (645ms)
  ✓  288 [chromium] › tests/e2e/action-states/action-state-personas.spec.ts:39:11 › Action-state personas — natural persona sees action, read-only does not › [Accounting Export] aexCancelable › read-only auditor: route loads but action button hidden or disabled (620ms)
  ✓  289 [chromium] › tests/e2e/action-states/action-state-personas.spec.ts:71:9 › Action-state personas — backend denies writes for read-only auditor › [Production] prodDraft: backend denies write as read-only (14ms)
  ✓  290 [chromium] › tests/e2e/action-states/action-state-personas.spec.ts:71:9 › Action-state personas — backend denies writes for read-only auditor › [Settlement] settlementDraft: backend denies write as read-only (10ms)
  ✓  291 [chromium] › tests/e2e/action-states/action-state-personas.spec.ts:71:9 › Action-state personas — backend denies writes for read-only auditor › [Invoice] invoiceApproved: backend denies write as read-only (10ms)
  ✓  292 [chromium] › tests/e2e/action-states/action-state-personas.spec.ts:71:9 › Action-state personas — backend denies writes for read-only auditor › [Accounting Export] aexDraft: backend denies write as read-only (10ms)
  ✓  293 [chromium] › tests/e2e/action-states/action-state-readiness.spec.ts:21:9 › Action-state readiness — route loads, label hydrates, action visible › [Production] prodDraft: route loads and action label visible (934ms)
  ✓  294 [chromium] › tests/e2e/action-states/action-state-readiness.spec.ts:21:9 › Action-state readiness — route loads, label hydrates, action visible › [Production] prodSubmitted: route loads and action label visible (898ms)
  ✓  295 [chromium] › tests/e2e/action-states/action-state-readiness.spec.ts:21:9 › Action-state readiness — route loads, label hydrates, action visible › [Production] prodUnderReview: route loads and action label visible (824ms)
  ✓  296 [chromium] › tests/e2e/action-states/action-state-readiness.spec.ts:21:9 › Action-state readiness — route loads, label hydrates, action visible › [Production] prodCorrectionRequested: route loads and action label visible (805ms)
  ✓  297 [chromium] › tests/e2e/action-states/action-state-readiness.spec.ts:21:9 › Action-state readiness — route loads, label hydrates, action visible › [Production] prodApprovedNotMarked: route loads and action label visible (811ms)
  ✓  298 [chromium] › tests/e2e/action-states/action-state-readiness.spec.ts:21:9 › Action-state readiness — route loads, label hydrates, action visible › [Production] prodVoid: route loads and action label visible (893ms)
  ✓  299 [chromium] › tests/e2e/action-states/action-state-readiness.spec.ts:21:9 › Action-state readiness — route loads, label hydrates, action visible › [QC] qcPending: route loads and action label visible (945ms)
  ✓  300 [chromium] › tests/e2e/action-states/action-state-readiness.spec.ts:21:9 › Action-state readiness — route loads, label hydrates, action visible › [QC] qcInReview: route loads and action label visible (899ms)
  ✓  301 [chromium] › tests/e2e/action-states/action-state-readiness.spec.ts:21:9 › Action-state readiness — route loads, label hydrates, action visible › [QC] qcCorrectionRequested: route loads and action label visible (881ms)
  ✓  302 [chromium] › tests/e2e/action-states/action-state-readiness.spec.ts:21:9 › Action-state readiness — route loads, label hydrates, action visible › [QC] qcVoid: route loads and action label visible (1.1s)
  ✓  303 [chromium] › tests/e2e/action-states/action-state-readiness.spec.ts:21:9 › Action-state readiness — route loads, label hydrates, action visible › [Billable] billableDraft: route loads and action label visible (832ms)
  ✓  304 [chromium] › tests/e2e/action-states/action-state-readiness.spec.ts:21:9 › Action-state readiness — route loads, label hydrates, action visible › [Billable] billableOnHold: route loads and action label visible (825ms)
  ✓  305 [chromium] › tests/e2e/action-states/action-state-readiness.spec.ts:21:9 › Action-state readiness — route loads, label hydrates, action visible › [Billable] billableDisputed: route loads and action label visible (861ms)
  ✓  306 [chromium] › tests/e2e/action-states/action-state-readiness.spec.ts:21:9 › Action-state readiness — route loads, label hydrates, action visible › [Billable] billableVoid: route loads and action label visible (1.0s)
  ✓  307 [chromium] › tests/e2e/action-states/action-state-readiness.spec.ts:21:9 › Action-state readiness — route loads, label hydrates, action visible › [Settlement] settlementDraft: route loads and action label visible (876ms)
  ✓  308 [chromium] › tests/e2e/action-states/action-state-readiness.spec.ts:21:9 › Action-state readiness — route loads, label hydrates, action visible › [Settlement] settlementItemDraft: route loads and action label visible (998ms)
  ✓  309 [chromium] › tests/e2e/action-states/action-state-readiness.spec.ts:21:9 › Action-state readiness — route loads, label hydrates, action visible › [Settlement] settlementUnderReview: route loads and action label visible (1.1s)
  ✓  310 [chromium] › tests/e2e/action-states/action-state-readiness.spec.ts:21:9 › Action-state readiness — route loads, label hydrates, action visible › [Settlement] settlementApproved: route loads and action label visible (923ms)
  ✓  311 [chromium] › tests/e2e/action-states/action-state-readiness.spec.ts:21:9 › Action-state readiness — route loads, label hydrates, action visible › [Settlement] settlementDisputed: route loads and action label visible (1.1s)
  ✓  312 [chromium] › tests/e2e/action-states/action-state-readiness.spec.ts:21:9 › Action-state readiness — route loads, label hydrates, action visible › [Settlement] settlementVoid: route loads and action label visible (1.2s)
  ✓  313 [chromium] › tests/e2e/action-states/action-state-readiness.spec.ts:21:9 › Action-state readiness — route loads, label hydrates, action visible › [Invoice] invoiceDraft: route loads and action label visible (928ms)
  ✓  314 [chromium] › tests/e2e/action-states/action-state-readiness.spec.ts:21:9 › Action-state readiness — route loads, label hydrates, action visible › [Invoice] invoiceItemDraft: route loads and action label visible (930ms)
  ✓  315 [chromium] › tests/e2e/action-states/action-state-readiness.spec.ts:21:9 › Action-state readiness — route loads, label hydrates, action visible › [Invoice] invoiceUnderReview: route loads and action label visible (1.1s)
  ✓  316 [chromium] › tests/e2e/action-states/action-state-readiness.spec.ts:21:9 › Action-state readiness — route loads, label hydrates, action visible › [Invoice] invoiceApproved: route loads and action label visible (946ms)
  ✓  317 [chromium] › tests/e2e/action-states/action-state-readiness.spec.ts:21:9 › Action-state readiness — route loads, label hydrates, action visible › [Invoice] invoiceDisputed: route loads and action label visible (1.1s)
  ✓  318 [chromium] › tests/e2e/action-states/action-state-readiness.spec.ts:21:9 › Action-state readiness — route loads, label hydrates, action visible › [Invoice] invoiceVoid: route loads and action label visible (1.1s)
  ✓  319 [chromium] › tests/e2e/action-states/action-state-readiness.spec.ts:21:9 › Action-state readiness — route loads, label hydrates, action visible › [Cash] cashReceiptUnapplied: route loads and action label visible (926ms)
  ✓  320 [chromium] › tests/e2e/action-states/action-state-readiness.spec.ts:21:9 › Action-state readiness — route loads, label hydrates, action visible › [Cash] cashReceiptVoidTarget: route loads and action label visible (1.0s)
  ✓  321 [chromium] › tests/e2e/action-states/action-state-readiness.spec.ts:21:9 › Action-state readiness — route loads, label hydrates, action visible › [Cash] cashReceiptVoid: route loads and action label visible (1.1s)
  ✓  322 [chromium] › tests/e2e/action-states/action-state-readiness.spec.ts:21:9 › Action-state readiness — route loads, label hydrates, action visible › [Cash] paymentApplicationApplied: route loads and action label visible (991ms)
  ✓  323 [chromium] › tests/e2e/action-states/action-state-readiness.spec.ts:21:9 › Action-state readiness — route loads, label hydrates, action visible › [Cash] paymentApplicationVoid: route loads and action label visible (1.0s)
  ✓  324 [chromium] › tests/e2e/action-states/action-state-readiness.spec.ts:21:9 › Action-state readiness — route loads, label hydrates, action visible › [Collections] collectionCaseOpen: route loads and action label visible (1.2s)
  ✓  325 [chromium] › tests/e2e/action-states/action-state-readiness.spec.ts:21:9 › Action-state readiness — route loads, label hydrates, action visible › [Collections] collectionCaseClosed: route loads and action label visible (1.2s)
  ✓  326 [chromium] › tests/e2e/action-states/action-state-readiness.spec.ts:21:9 › Action-state readiness — route loads, label hydrates, action visible › [Collections] collectionActionPlanned: route loads and action label visible (961ms)
  ✓  327 [chromium] › tests/e2e/action-states/action-state-readiness.spec.ts:21:9 › Action-state readiness — route loads, label hydrates, action visible › [Collections] collectionActionCompleted: route loads and action label visible (1.1s)
  ✓  328 [chromium] › tests/e2e/action-states/action-state-readiness.spec.ts:21:9 › Action-state readiness — route loads, label hydrates, action visible › [Contractor Payable] cpayDraft: route loads and action label visible (1.3s)
  ✓  329 [chromium] › tests/e2e/action-states/action-state-readiness.spec.ts:21:9 › Action-state readiness — route loads, label hydrates, action visible › [Contractor Payable] cpayItemDraft: route loads and action label visible (1.2s)
  ✓  330 [chromium] › tests/e2e/action-states/action-state-readiness.spec.ts:21:9 › Action-state readiness — route loads, label hydrates, action visible › [Contractor Payable] cpayUnderReview: route loads and action label visible (1.3s)
  ✓  331 [chromium] › tests/e2e/action-states/action-state-readiness.spec.ts:21:9 › Action-state readiness — route loads, label hydrates, action visible › [Contractor Payable] cpayApproved: route loads and action label visible (1.2s)
  ✓  332 [chromium] › tests/e2e/action-states/action-state-readiness.spec.ts:21:9 › Action-state readiness — route loads, label hydrates, action visible › [Contractor Payable] cpayDisputed: route loads and action label visible (1.7s)
  ✓  333 [chromium] › tests/e2e/action-states/action-state-readiness.spec.ts:21:9 › Action-state readiness — route loads, label hydrates, action visible › [Contractor Payable] cpayVoid: route loads and action label visible (1.2s)
  ✓  334 [chromium] › tests/e2e/action-states/action-state-readiness.spec.ts:21:9 › Action-state readiness — route loads, label hydrates, action visible › [Payroll] payrollDraft: route loads and action label visible (853ms)
  ✓  335 [chromium] › tests/e2e/action-states/action-state-readiness.spec.ts:21:9 › Action-state readiness — route loads, label hydrates, action visible › [Payroll] payrollItemDraft: route loads and action label visible (863ms)
  ✓  336 [chromium] › tests/e2e/action-states/action-state-readiness.spec.ts:21:9 › Action-state readiness — route loads, label hydrates, action visible › [Payroll] payrollUnderReview: route loads and action label visible (805ms)
  ✓  337 [chromium] › tests/e2e/action-states/action-state-readiness.spec.ts:21:9 › Action-state readiness — route loads, label hydrates, action visible › [Payroll] payrollApproved: route loads and action label visible (797ms)
  ✓  338 [chromium] › tests/e2e/action-states/action-state-readiness.spec.ts:21:9 › Action-state readiness — route loads, label hydrates, action visible › [Payroll] payrollDisputed: route loads and action label visible (797ms)
  ✓  339 [chromium] › tests/e2e/action-states/action-state-readiness.spec.ts:21:9 › Action-state readiness — route loads, label hydrates, action visible › [Payroll] payrollVoid: route loads and action label visible (938ms)
  ✓  340 [chromium] › tests/e2e/action-states/action-state-readiness.spec.ts:21:9 › Action-state readiness — route loads, label hydrates, action visible › [Payment Execution] paymentBatchDraft: route loads and action label visible (842ms)
  ✓  341 [chromium] › tests/e2e/action-states/action-state-readiness.spec.ts:21:9 › Action-state readiness — route loads, label hydrates, action visible › [Payment Execution] paymentItemDraft: route loads and action label visible (874ms)
  ✓  342 [chromium] › tests/e2e/action-states/action-state-readiness.spec.ts:21:9 › Action-state readiness — route loads, label hydrates, action visible › [Payment Execution] paymentBatchUnderReview: route loads and action label visible (958ms)
  ✓  343 [chromium] › tests/e2e/action-states/action-state-readiness.spec.ts:21:9 › Action-state readiness — route loads, label hydrates, action visible › [Payment Execution] paymentBatchApproved: route loads and action label visible (983ms)
  ✓  344 [chromium] › tests/e2e/action-states/action-state-readiness.spec.ts:21:9 › Action-state readiness — route loads, label hydrates, action visible › [Payment Execution] paymentBatchScheduled: route loads and action label visible (947ms)
  ✓  345 [chromium] › tests/e2e/action-states/action-state-readiness.spec.ts:21:9 › Action-state readiness — route loads, label hydrates, action visible › [Payment Execution] paymentBatchExecutionSubmitted: route loads and action label visible (964ms)
  ✓  346 [chromium] › tests/e2e/action-states/action-state-readiness.spec.ts:21:9 › Action-state readiness — route loads, label hydrates, action visible › [Payment Execution] paymentBatchVoidTarget: route loads and action label visible (887ms)
  ✓  347 [chromium] › tests/e2e/action-states/action-state-readiness.spec.ts:21:9 › Action-state readiness — route loads, label hydrates, action visible › [Payment Execution] paymentBatchVoid: route loads and action label visible (1.2s)
  ✓  348 [chromium] › tests/e2e/action-states/action-state-readiness.spec.ts:21:9 › Action-state readiness — route loads, label hydrates, action visible › [Bank Reconciliation] bankAccountArchivable: route loads and action label visible (960ms)
  ✓  349 [chromium] › tests/e2e/action-states/action-state-readiness.spec.ts:21:9 › Action-state readiness — route loads, label hydrates, action visible › [Bank Reconciliation] bankTxnUnmatchedDebit: route loads and action label visible (931ms)
  ✓  350 [chromium] › tests/e2e/action-states/action-state-readiness.spec.ts:21:9 › Action-state readiness — route loads, label hydrates, action visible › [Bank Reconciliation] bankTxnUnmatchedCredit: route loads and action label visible (986ms)
  ✓  351 [chromium] › tests/e2e/action-states/action-state-readiness.spec.ts:21:9 › Action-state readiness — route loads, label hydrates, action visible › [Bank Reconciliation] bankTxnExceptionNone: route loads and action label visible (883ms)
  ✓  352 [chromium] › tests/e2e/action-states/action-state-readiness.spec.ts:21:9 › Action-state readiness — route loads, label hydrates, action visible › [Bank Reconciliation] bankTxnExceptionOpen: route loads and action label visible (981ms)
  ✓  353 [chromium] › tests/e2e/action-states/action-state-readiness.spec.ts:21:9 › Action-state readiness — route loads, label hydrates, action visible › [Bank Reconciliation] bankTxnIgnorable: route loads and action label visible (1.1s)
  ✓  354 [chromium] › tests/e2e/action-states/action-state-readiness.spec.ts:21:9 › Action-state readiness — route loads, label hydrates, action visible › [Bank Reconciliation] reconMatchProposed: route loads and action label visible (867ms)
  ✓  355 [chromium] › tests/e2e/action-states/action-state-readiness.spec.ts:21:9 › Action-state readiness — route loads, label hydrates, action visible › [Accounting Export] aexDraft: route loads and action label visible (1.1s)
  ✓  356 [chromium] › tests/e2e/action-states/action-state-readiness.spec.ts:21:9 › Action-state readiness — route loads, label hydrates, action visible › [Accounting Export] aexItemDraft: route loads and action label visible (1.4s)
  ✓  357 [chromium] › tests/e2e/action-states/action-state-readiness.spec.ts:21:9 › Action-state readiness — route loads, label hydrates, action visible › [Accounting Export] aexGenerated: route loads and action label visible (1.5s)
  ✓  358 [chromium] › tests/e2e/action-states/action-state-readiness.spec.ts:21:9 › Action-state readiness — route loads, label hydrates, action visible › [Accounting Export] aexUnderReview: route loads and action label visible (1.5s)
  ✓  359 [chromium] › tests/e2e/action-states/action-state-readiness.spec.ts:21:9 › Action-state readiness — route loads, label hydrates, action visible › [Accounting Export] aexSubmitted: route loads and action label visible (1.7s)
  ✓  360 [chromium] › tests/e2e/action-states/action-state-readiness.spec.ts:21:9 › Action-state readiness — route loads, label hydrates, action visible › [Accounting Export] aexCancelable: route loads and action label visible (1.4s)
  ✓  361 [chromium] › tests/e2e/action-states/action-state-submit.spec.ts:86:7 › Action-state full submit certification › [Billable] billableDraft: Recalculate Readiness submits without mutation (2.1s)
  ✓  362 [chromium] › tests/e2e/action-states/action-state-submit.spec.ts:97:7 › Action-state full submit certification › [Settlement] settlementItemDraft: Recalculate Readiness submits without mutation (2.8s)
  ✓  363 [chromium] › tests/e2e/action-states/action-state-submit.spec.ts:108:7 › Action-state full submit certification › [Contractor Payable] cpayItemDraft: Recalculate Totals submits without mutation (2.4s)
  ✓  364 [chromium] › tests/e2e/action-states/action-state-submit.spec.ts:119:7 › Action-state full submit certification › [Payroll] payrollItemDraft: Recalculate Totals submits without mutation (2.4s)
  ✓  365 [chromium] › tests/e2e/action-states/action-state-submit.spec.ts:132:7 › Action-state full submit certification › [Production] legacy draft without reviewed safety cannot submit (2.1s)
  ✓  366 [chromium] › tests/e2e/action-states/action-state-submit.spec.ts:147:7 › Action-state full submit certification › [Production] prodSubmitted: Start Review → status=under_review (2.0s)
  ✓  367 [chromium] › tests/e2e/action-states/action-state-submit.spec.ts:160:7 › Action-state full submit certification › [Production] prodUnderReview: Approve → status=approved (2.7s)
  ✓  368 [chromium] › tests/e2e/action-states/action-state-submit.spec.ts:177:7 › Action-state full submit certification › [Production] legacy correction without reviewed safety cannot advance (2.2s)
  ✓  369 [chromium] › tests/e2e/action-states/action-state-submit.spec.ts:193:7 › Action-state full submit certification › [Production] prodApprovedNotMarked: Mark Billable → billable_status=billable (2.3s)
  ✓  370 [chromium] › tests/e2e/action-states/action-state-submit.spec.ts:209:7 › Action-state full submit certification › [Production] prodVoid: Archive → status=archived (2.1s)
  ✓  371 [chromium] › tests/e2e/action-states/action-state-submit.spec.ts:225:7 › Action-state full submit certification › [QC] qcPending: Start Review → review_status=in_review (1.8s)
  ✓  372 [chromium] › tests/e2e/action-states/action-state-submit.spec.ts:238:7 › Action-state full submit certification › [QC] qcInReview: Approve → review_status=approved (1.8s)
  ✓  373 [chromium] › tests/e2e/action-states/action-state-submit.spec.ts:255:7 › Action-state full submit certification › [QC] qcCorrectionRequested: Mark Corrected → review_status=corrected (1.8s)
  ✓  374 [chromium] › tests/e2e/action-states/action-state-submit.spec.ts:269:7 › Action-state full submit certification › [QC] qcVoid: Archive → review_status=archived (2.0s)
  ✓  375 [chromium] › tests/e2e/action-states/action-state-submit.spec.ts:285:7 › Action-state full submit certification › [Billable] billableOnHold: Release Hold → status != held (2.2s)
  ✓  376 [chromium] › tests/e2e/action-states/action-state-submit.spec.ts:299:7 › Action-state full submit certification › [Billable] billableDisputed: Resolve Dispute → status != disputed (2.0s)
  ✓  377 [chromium] › tests/e2e/action-states/action-state-submit.spec.ts:313:7 › Action-state full submit certification › [Billable] billableVoid: Archive → status=archived (2.4s)
  ✓  378 [chromium] › tests/e2e/action-states/action-state-submit.spec.ts:332:7 › Action-state full submit certification › [Bank Recon] bankAccountArchivable: Archive → status=archived (2.3s)
  ✓  379 [chromium] › tests/e2e/action-states/action-state-submit.spec.ts:346:7 › Action-state full submit certification › [Bank Recon] bankTxnUnmatchedDebit: Match Payment Batch → reconciliation_match created (2.7s)
  ✓  380 [chromium] › tests/e2e/action-states/action-state-submit.spec.ts:363:7 › Action-state full submit certification › [Bank Recon] bankTxnUnmatchedCredit: Match Cash Receipt → reconciliation_match created [deferred-fix] (2.5s)
  ✓  381 [chromium] › tests/e2e/action-states/action-state-submit.spec.ts:380:7 › Action-state full submit certification › [Bank Recon] bankTxnExceptionNone: Open Exception → exception_status=open (2.2s)
  ✓  382 [chromium] › tests/e2e/action-states/action-state-submit.spec.ts:394:7 › Action-state full submit certification › [Bank Recon] bankTxnExceptionOpen: Resolve Exception → exception_status != open (2.2s)
  ✓  383 [chromium] › tests/e2e/action-states/action-state-submit.spec.ts:408:7 › Action-state full submit certification › [Bank Recon] bankTxnIgnorable: Ignore → reconciliation_status=ignored (2.5s)
  ✓  384 [chromium] › tests/e2e/action-states/action-state-submit.spec.ts:422:7 › Action-state full submit certification › [Bank Recon] reconMatchProposed: Review → match_status=reviewed (1.8s)
  ✓  385 [chromium] › tests/e2e/action-states/action-state-submit.spec.ts:439:7 › Action-state full submit certification › [Cash] cashReceiptUnapplied: Apply To Invoice → payment_application created (2.1s)
  ✓  386 [chromium] › tests/e2e/action-states/action-state-submit.spec.ts:457:7 › Action-state full submit certification › [Cash] cashReceiptVoidTarget: Void → receipt_status=voided (2.5s)
  ✓  387 [chromium] › tests/e2e/action-states/action-state-submit.spec.ts:471:7 › Action-state full submit certification › [Cash] cashReceiptVoid: Archive → receipt_status=archived (2.2s)
  ✓  388 [chromium] › tests/e2e/action-states/action-state-submit.spec.ts:485:7 › Action-state full submit certification › [Cash] paymentApplicationApplied: Void → application_status=voided (2.4s)
  ✓  389 [chromium] › tests/e2e/action-states/action-state-submit.spec.ts:499:7 › Action-state full submit certification › [Cash] paymentApplicationVoid: Archive → application_status=archived (2.2s)
  ✓  390 [chromium] › tests/e2e/action-states/action-state-submit.spec.ts:517:7 › Action-state full submit certification › [Invoice] invoiceDraft: Submit Review → status=ready_for_review (1.4s)
  ✓  391 [chromium] › tests/e2e/action-states/action-state-submit.spec.ts:530:7 › Action-state full submit certification › [Invoice] invoiceItemDraft: Reject → approval_status=rejected (1.8s)
  ✓  392 [chromium] › tests/e2e/action-states/action-state-submit.spec.ts:546:7 › Action-state full submit certification › [Invoice] invoiceUnderReview: Reject → status=rejected (2.0s)
  ✓  393 [chromium] › tests/e2e/action-states/action-state-submit.spec.ts:560:7 › Action-state full submit certification › [Invoice] legacy Mark Sent opens package review and blocks missing approved terms (1.5s)
  ✓  394 [chromium] › tests/e2e/action-states/action-state-submit.spec.ts:575:7 › Action-state full submit certification › [Invoice] invoiceDisputed: Resolve Dispute → status != disputed (1.4s)
  ✓  395 [chromium] › tests/e2e/action-states/action-state-submit.spec.ts:589:7 › Action-state full submit certification › [Invoice] invoiceVoid: Archive → status=archived (1.5s)
  ✓  396 [chromium] › tests/e2e/action-states/action-state-submit.spec.ts:605:7 › Action-state full submit certification › [Settlement] settlementDraft: Submit Review → status=ready_for_review (1.5s)
  ✓  397 [chromium] › tests/e2e/action-states/action-state-submit.spec.ts:618:7 › Action-state full submit certification › [Settlement] settlementUnderReview: Reject → status=rejected (1.5s)
  ✓  398 [chromium] › tests/e2e/action-states/action-state-submit.spec.ts:632:7 › Action-state full submit certification › [Settlement] settlementApproved: Mark Invoice Ready → invoice_ready (1.6s)
  ✓  399 [chromium] › tests/e2e/action-states/action-state-submit.spec.ts:649:7 › Action-state full submit certification › [Settlement] settlementDisputed: Resolve Dispute → status != disputed (1.5s)
  ✓  400 [chromium] › tests/e2e/action-states/action-state-submit.spec.ts:663:7 › Action-state full submit certification › [Settlement] settlementVoid: Archive → status=archived (1.5s)
  ✓  401 [chromium] › tests/e2e/action-states/action-state-submit.spec.ts:679:7 › Action-state full submit certification › [Collections] collectionCaseOpen: Assign Owner → assigned_owner_user_id set (1.5s)
  ✓  402 [chromium] › tests/e2e/action-states/action-state-submit.spec.ts:694:7 › Action-state full submit certification › [Collections] collectionCaseClosed: Archive → case_status=archived (1.4s)
  ✓  403 [chromium] › tests/e2e/action-states/action-state-submit.spec.ts:708:7 › Action-state full submit certification › [Collections] collectionActionPlanned: Complete → action_status=completed (1.2s)
  ✓  404 [chromium] › tests/e2e/action-states/action-state-submit.spec.ts:721:7 › Action-state full submit certification › [Collections] collectionActionCompleted: Archive Action → action_status=archived (1.2s)
  ✓  405 [chromium] › tests/e2e/action-states/action-state-submit.spec.ts:737:7 › Action-state full submit certification › [Contractor Payable] cpayDraft: Submit Review → status=ready_for_review (1.4s)
  ✓  406 [chromium] › tests/e2e/action-states/action-state-submit.spec.ts:750:7 › Action-state full submit certification › [Contractor Payable] cpayUnderReview: missing accepted-work lineage blocks Approve (1.4s)
  ✓  407 [chromium] › tests/e2e/action-states/action-state-submit.spec.ts:766:7 › Action-state full submit certification › [Contractor Payable] cpayApproved: missing accepted-work lineage blocks Mark Payment Ready (1.3s)
  ✓  408 [chromium] › tests/e2e/action-states/action-state-submit.spec.ts:782:7 › Action-state full submit certification › [Contractor Payable] cpayDisputed: Resolve Dispute → status != disputed (1.6s)
  ✓  409 [chromium] › tests/e2e/action-states/action-state-submit.spec.ts:796:7 › Action-state full submit certification › [Contractor Payable] cpayVoid: Archive → status=archived (1.7s)
  ✓  410 [chromium] › tests/e2e/action-states/action-state-submit.spec.ts:812:7 › Action-state full submit certification › [Payroll] payrollDraft: Submit Review → status=ready_for_review (1.8s)
  ✓  411 [chromium] › tests/e2e/action-states/action-state-submit.spec.ts:825:7 › Action-state full submit certification › [Payroll] payrollUnderReview: Approve → status=approved (1.8s)
  ✓  412 [chromium] › tests/e2e/action-states/action-state-submit.spec.ts:839:7 › Action-state full submit certification › [Payroll] payrollApproved: Mark Payroll Ready → payroll_readiness_status=ready_for_payroll (1.5s)
  ✓  413 [chromium] › tests/e2e/action-states/action-state-submit.spec.ts:853:7 › Action-state full submit certification › [Payroll] payrollDisputed: Resolve Dispute → status != disputed (1.6s)
  ✓  414 [chromium] › tests/e2e/action-states/action-state-submit.spec.ts:867:7 › Action-state full submit certification › [Payroll] payrollVoid: Archive → status=archived (1.8s)
  ✓  415 [chromium] › tests/e2e/action-states/action-state-submit.spec.ts:886:7 › Action-state full submit certification › [Payment Execution] paymentBatchDraft: Submit Review → status=ready_for_review (1.6s)
  ✓  416 [chromium] › tests/e2e/action-states/action-state-submit.spec.ts:899:7 › Action-state full submit certification › [Payment Execution] paymentItemDraft: Archive Item → status=archived (1.3s)
  ✓  417 [chromium] › tests/e2e/action-states/action-state-submit.spec.ts:913:7 › Action-state full submit certification › [Payment Execution] paymentBatchUnderReview: missing accepted-work lineage blocks advancement (1.6s)
  ✓  418 [chromium] › tests/e2e/action-states/action-state-submit.spec.ts:929:7 › Action-state full submit certification › [Payment Execution] paymentBatchApproved: missing accepted-work lineage blocks advancement (1.4s)
  ✓  419 [chromium] › tests/e2e/action-states/action-state-submit.spec.ts:945:7 › Action-state full submit certification › [Payment Execution] paymentBatchVoidTarget: Void → status=voided [deferred-fix] (1.4s)
  ✓  420 [chromium] › tests/e2e/action-states/action-state-submit.spec.ts:959:7 › Action-state full submit certification › [Payment Execution] paymentBatchScheduled: missing accepted-work lineage blocks advancement (1.4s)
  ✓  421 [chromium] › tests/e2e/action-states/action-state-submit.spec.ts:975:7 › Action-state full submit certification › [Payment Execution] paymentBatchExecutionSubmitted: missing accepted-work lineage blocks advancement (1.3s)
  ✓  422 [chromium] › tests/e2e/action-states/action-state-submit.spec.ts:992:7 › Action-state full submit certification › [Payment Execution] paymentBatchVoid: Archive → status=archived (1.3s)
  ✓  423 [chromium] › tests/e2e/action-states/action-state-submit.spec.ts:1008:7 › Action-state full submit certification › [Accounting Export] aexDraft: Submit Review → status=ready_for_review (1.2s)
  ✓  424 [chromium] › tests/e2e/action-states/action-state-submit.spec.ts:1021:7 › Action-state full submit certification › [Accounting Export] aexItemDraft: Archive Item → export_status=archived (1.0s)
  ✓  425 [chromium] › tests/e2e/action-states/action-state-submit.spec.ts:1035:7 › Action-state full submit certification › [Accounting Export] aexGenerated: Mark Submitted → export_status=submitted_later (1.1s)
  ✓  426 [chromium] › tests/e2e/action-states/action-state-submit.spec.ts:1049:7 › Action-state full submit certification › [Accounting Export] aexUnderReview: Approve → approval_status=approved (1.2s)
  ✓  427 [chromium] › tests/e2e/action-states/action-state-submit.spec.ts:1063:7 › Action-state full submit certification › [Accounting Export] aexSubmitted: Mark Accepted → export_status=accepted_later (1.2s)
  ✓  428 [chromium] › tests/e2e/action-states/action-state-submit.spec.ts:1077:7 › Action-state full submit certification › [Accounting Export] aexCancelable: Cancel → status=cancelled (1.3s)
  ✓  429 [chromium] › tests/e2e/action-states/application-permission-denials.spec.ts:12:38 › all protected writes deny missing grants for system-admin (56ms)
  ✓  430 [chromium] › tests/e2e/action-states/application-permission-denials.spec.ts:12:38 › all protected writes deny missing grants for growth-operator (3.5s)
  ✓  431 [chromium] › tests/e2e/action-states/application-permission-denials.spec.ts:12:38 › all protected writes deny missing grants for ops-manager (3.3s)
  ✓  432 [chromium] › tests/e2e/action-states/application-permission-denials.spec.ts:12:38 › all protected writes deny missing grants for field-supervisor (3.5s)
  ✓  433 [chromium] › tests/e2e/action-states/application-permission-denials.spec.ts:12:38 › all protected writes deny missing grants for qc-reviewer (3.3s)
  ✓  434 [chromium] › tests/e2e/action-states/application-permission-denials.spec.ts:12:38 › all protected writes deny missing grants for finance-user (2.9s)
  ✓  435 [chromium] › tests/e2e/action-states/application-permission-denials.spec.ts:12:38 › all protected writes deny missing grants for collections-specialist (3.7s)
  ✓  436 [chromium] › tests/e2e/action-states/application-permission-denials.spec.ts:12:38 › all protected writes deny missing grants for payables-payroll-admin (3.7s)
  ✓  437 [chromium] › tests/e2e/action-states/application-permission-denials.spec.ts:12:38 › all protected writes deny missing grants for accounting-manager (4.0s)
  ✓  438 [chromium] › tests/e2e/action-states/application-permission-denials.spec.ts:12:38 › all protected writes deny missing grants for read-only-auditor (4.0s)
  ✓  439 [chromium] › tests/e2e/action-states/application-permission-denials.spec.ts:12:38 › all protected writes deny missing grants for qc-manager (3.8s)
  ✓  440 [chromium] › tests/e2e/action-states/application-permission-denials.spec.ts:12:38 › all protected writes deny missing grants for billing-manager (3.5s)
  ✓  441 [chromium] › tests/e2e/auth.spec.ts:8:7 › E2E auth storage state foundation › system admin storage state is generated and can open the app shell (803ms)
  ✓  442 [chromium] › tests/e2e/bank-match-permission.spec.ts:12:7 › bank match tabs honor read-only access and lifecycle (814ms)
  ✓  443 [chromium] › tests/e2e/bank-match-permission.spec.ts:12:7 › bank match tabs honor authorized access and lifecycle (988ms)
  ✓  444 [chromium] › tests/e2e/bank-match-permission.spec.ts:12:7 › bank match tabs honor archived access and lifecycle (754ms)
  ✓  445 [chromium] › tests/e2e/boundaries/boundary-copy.spec.ts:31:9 › Boundary placeholder and copy certification › Production boundary copy is visible (1.1s)
  ✓  446 [chromium] › tests/e2e/boundaries/boundary-copy.spec.ts:31:9 › Boundary placeholder and copy certification › QC boundary copy is visible (1.1s)
  ✓  447 [chromium] › tests/e2e/boundaries/boundary-copy.spec.ts:31:9 › Boundary placeholder and copy certification › Billable boundary copy is visible (1.6s)
  ✓  448 [chromium] › tests/e2e/boundaries/boundary-copy.spec.ts:31:9 › Boundary placeholder and copy certification › Settlement boundary copy is visible (904ms)
  ✓  449 [chromium] › tests/e2e/boundaries/boundary-copy.spec.ts:31:9 › Boundary placeholder and copy certification › Invoice boundary copy is visible (937ms)
  ✓  450 [chromium] › tests/e2e/boundaries/boundary-copy.spec.ts:31:9 › Boundary placeholder and copy certification › Cash boundary copy is visible (918ms)
  ✓  451 [chromium] › tests/e2e/boundaries/boundary-copy.spec.ts:31:9 › Boundary placeholder and copy certification › Collection boundary copy is visible (950ms)
  ✓  452 [chromium] › tests/e2e/boundaries/boundary-copy.spec.ts:31:9 › Boundary placeholder and copy certification › Contractor boundary copy is visible (1.3s)
  ✓  453 [chromium] › tests/e2e/boundaries/boundary-copy.spec.ts:31:9 › Boundary placeholder and copy certification › Payroll boundary copy is visible (1.2s)
  ✓  454 [chromium] › tests/e2e/boundaries/boundary-copy.spec.ts:31:9 › Boundary placeholder and copy certification › Payment boundary copy is visible (1.1s)
  ✓  455 [chromium] › tests/e2e/boundaries/boundary-copy.spec.ts:31:9 › Boundary placeholder and copy certification › Bank boundary copy is visible (1.2s)
  ✓  456 [chromium] › tests/e2e/boundaries/boundary-copy.spec.ts:31:9 › Boundary placeholder and copy certification › Accounting boundary copy is visible (1.4s)
  ✓  457 [chromium] › tests/e2e/boundaries/downstream-creation.spec.ts:32:9 › Forbidden downstream creation boundaries › production inspection creates no forbidden downstream objects (856ms)
  ✓  458 [chromium] › tests/e2e/boundaries/downstream-creation.spec.ts:32:9 › Forbidden downstream creation boundaries › invoice inspection creates no forbidden downstream objects (907ms)
  ✓  459 [chromium] › tests/e2e/boundaries/downstream-creation.spec.ts:32:9 › Forbidden downstream creation boundaries › cash receipt inspection creates no forbidden downstream objects (1.0s)
  ✓  460 [chromium] › tests/e2e/boundaries/downstream-creation.spec.ts:32:9 › Forbidden downstream creation boundaries › collections inspection creates no forbidden downstream objects (912ms)
  ✓  461 [chromium] › tests/e2e/boundaries/downstream-creation.spec.ts:32:9 › Forbidden downstream creation boundaries › payment execution inspection creates no forbidden downstream objects (785ms)
  ✓  462 [chromium] › tests/e2e/boundaries/downstream-creation.spec.ts:32:9 › Forbidden downstream creation boundaries › bank reconciliation inspection creates no forbidden downstream objects (932ms)
  ✓  463 [chromium] › tests/e2e/boundaries/downstream-creation.spec.ts:32:9 › Forbidden downstream creation boundaries › accounting export inspection creates no forbidden downstream objects (791ms)
  ✓  464 [chromium] › tests/e2e/boundaries/source-mutation.spec.ts:12:7 › Source mutation boundaries › bank reconciliation inspection does not alter invoice balance fields (886ms)
  ✓  465 [chromium] › tests/e2e/boundaries/source-mutation.spec.ts:19:7 › Source mutation boundaries › accounting export inspection does not alter source invoice or payment batch status (809ms)
  ✓  466 [chromium] › tests/e2e/boundaries/source-mutation.spec.ts:26:7 › Source mutation boundaries › collections inspection does not alter invoice balance fields (945ms)
  ✓  467 [chromium] › tests/e2e/boundary-assertions.spec.ts:16:7 › Boundary assertion foundation › Payment Execution route inspection does not create bank transactions (1.0s)
  ✓  468 [chromium] › tests/e2e/boundary-assertions.spec.ts:22:7 › Boundary assertion foundation › Bank Reconciliation route inspection does not create accounting exports (1.0s)
  ✓  469 [chromium] › tests/e2e/boundary-assertions.spec.ts:28:7 › Boundary assertion foundation › Accounting Export route inspection does not mutate source financial records (837ms)
  ✓  470 [chromium] › tests/e2e/coil-policy-organization-choice.spec.ts:11:5 › policy counterparty uses organization names and preserves the nullable default (934ms)
  ✓  471 [chromium] › tests/e2e/coil-policy-organization-choice.spec.ts:35:5 › policy writers without organization read never load or display organization choices (659ms)
  ✓  472 [chromium] › tests/e2e/coil-policy-organization-choice.spec.ts:45:5 › separate production item uses named choices and a failed save preserves the policy draft (869ms)
  ✓  473 [chromium] › tests/e2e/dashboard-access.spec.ts:7:5 › a resource reader cannot open a dashboard or request its metrics (603ms)
  ✓  474 [chromium] › tests/e2e/dashboard-access.spec.ts:17:5 › dashboard requests use the signed-in identity and preserve successful metrics (645ms)
  ✓  475 [chromium] › tests/e2e/dashboard-access.spec.ts:31:7 › / reports failed data instead of a zero dashboard (601ms)
  ✓  476 [chromium] › tests/e2e/dashboard-access.spec.ts:31:7 › /executive reports failed data instead of a zero dashboard (598ms)
  ✓  477 [chromium] › tests/e2e/dashboard-access.spec.ts:31:7 › /operations reports failed data instead of a zero dashboard (642ms)
  ✓  478 [chromium] › tests/e2e/dashboard-access.spec.ts:31:7 › /finance reports failed data instead of a zero dashboard (601ms)
  ✓  479 [chromium] › tests/e2e/dashboard-access.spec.ts:31:7 › /growth reports failed data instead of a zero dashboard (603ms)
  ✓  480 [chromium] › tests/e2e/dashboard-access.spec.ts:31:7 › /constraints-center reports failed data instead of a zero dashboard (560ms)
  ✓  481 [chromium] › tests/e2e/dashboard-access.spec.ts:31:7 › /recommendations-center reports failed data instead of a zero dashboard (564ms)
  ✓  482 [chromium] › tests/e2e/dashboard-access.spec.ts:31:7 › /kpis-center reports failed data instead of a zero dashboard (533ms)
  ✓  483 [chromium] › tests/e2e/dashboard-access.spec.ts:31:7 › /workflows-center reports failed data instead of a zero dashboard (529ms)
  ✓  484 [chromium] › tests/e2e/dashboard-access.spec.ts:41:5 › unauthenticated requests never receive server-rendered dashboard metrics (383ms)
  ✓  485 [chromium] › tests/e2e/dashboard-access.spec.ts:53:5 › login falls back to the permitted queue when the suggested dashboard is not authorized (804ms)
  ✓  486 [chromium] › tests/e2e/detail-hydration/checkpoint-details.spec.ts:11:9 › Seeded detail hydration › Signal detail renders seeded checkpoint data (597ms)
  ✓  487 [chromium] › tests/e2e/detail-hydration/checkpoint-details.spec.ts:11:9 › Seeded detail hydration › Organization detail renders seeded checkpoint data (575ms)
  ✓  488 [chromium] › tests/e2e/detail-hydration/checkpoint-details.spec.ts:11:9 › Seeded detail hydration › Contact detail renders seeded checkpoint data (604ms)
  ✓  489 [chromium] › tests/e2e/detail-hydration/checkpoint-details.spec.ts:11:9 › Seeded detail hydration › Relationship Map detail renders seeded checkpoint data (553ms)
  ✓  490 [chromium] › tests/e2e/detail-hydration/checkpoint-details.spec.ts:11:9 › Seeded detail hydration › Opportunity Candidate detail renders seeded checkpoint data (569ms)
  ✓  491 [chromium] › tests/e2e/detail-hydration/checkpoint-details.spec.ts:11:9 › Seeded detail hydration › Opportunity detail renders seeded checkpoint data (564ms)
  ✓  492 [chromium] › tests/e2e/detail-hydration/checkpoint-details.spec.ts:11:9 › Seeded detail hydration › Coverage Plan detail renders seeded checkpoint data (532ms)
  ✓  493 [chromium] › tests/e2e/detail-hydration/checkpoint-details.spec.ts:11:9 › Seeded detail hydration › Project detail renders seeded checkpoint data (540ms)
  ✓  494 [chromium] › tests/e2e/detail-hydration/checkpoint-details.spec.ts:11:9 › Seeded detail hydration › Work Order detail renders seeded checkpoint data (562ms)
  ✓  495 [chromium] › tests/e2e/detail-hydration/checkpoint-details.spec.ts:11:9 › Seeded detail hydration › Production Record detail renders seeded checkpoint data (630ms)
  ✓  496 [chromium] › tests/e2e/detail-hydration/checkpoint-details.spec.ts:11:9 › Seeded detail hydration › QC Review detail renders seeded checkpoint data (520ms)
  ✓  497 [chromium] › tests/e2e/detail-hydration/checkpoint-details.spec.ts:11:9 › Seeded detail hydration › Billable Item detail renders seeded checkpoint data (693ms)
  ✓  498 [chromium] › tests/e2e/detail-hydration/checkpoint-details.spec.ts:11:9 › Seeded detail hydration › Settlement detail renders seeded checkpoint data (619ms)
  ✓  499 [chromium] › tests/e2e/detail-hydration/checkpoint-details.spec.ts:11:9 › Seeded detail hydration › Invoice detail renders seeded checkpoint data (619ms)
  ✓  500 [chromium] › tests/e2e/detail-hydration/checkpoint-details.spec.ts:11:9 › Seeded detail hydration › Cash Receipt detail renders seeded checkpoint data (586ms)
  ✓  501 [chromium] › tests/e2e/detail-hydration/checkpoint-details.spec.ts:11:9 › Seeded detail hydration › Payment Application detail renders seeded checkpoint data (606ms)
  ✓  502 [chromium] › tests/e2e/detail-hydration/checkpoint-details.spec.ts:11:9 › Seeded detail hydration › Collection Case detail renders seeded checkpoint data (674ms)
  ✓  503 [chromium] › tests/e2e/detail-hydration/checkpoint-details.spec.ts:11:9 › Seeded detail hydration › Collection Action detail renders seeded checkpoint data (618ms)
  ✓  504 [chromium] › tests/e2e/detail-hydration/checkpoint-details.spec.ts:11:9 › Seeded detail hydration › Contractor Payable detail renders seeded checkpoint data (808ms)
  ✓  505 [chromium] › tests/e2e/detail-hydration/checkpoint-details.spec.ts:11:9 › Seeded detail hydration › Payroll Run detail renders seeded checkpoint data (654ms)
  ✓  506 [chromium] › tests/e2e/detail-hydration/checkpoint-details.spec.ts:11:9 › Seeded detail hydration › Payment Batch detail renders seeded checkpoint data (651ms)
  ✓  507 [chromium] › tests/e2e/detail-hydration/checkpoint-details.spec.ts:11:9 › Seeded detail hydration › Payment Item detail renders seeded checkpoint data (750ms)
  ✓  508 [chromium] › tests/e2e/detail-hydration/checkpoint-details.spec.ts:11:9 › Seeded detail hydration › Bank Account detail renders seeded checkpoint data (784ms)
  ✓  509 [chromium] › tests/e2e/detail-hydration/checkpoint-details.spec.ts:11:9 › Seeded detail hydration › Bank Transaction detail renders seeded checkpoint data (663ms)
  ✓  510 [chromium] › tests/e2e/detail-hydration/checkpoint-details.spec.ts:11:9 › Seeded detail hydration › Reconciliation Match detail renders seeded checkpoint data (695ms)
  ✓  511 [chromium] › tests/e2e/detail-hydration/checkpoint-details.spec.ts:11:9 › Seeded detail hydration › Accounting Export Batch detail renders seeded checkpoint data (961ms)
  ✓  512 [chromium] › tests/e2e/detail-hydration/checkpoint-details.spec.ts:11:9 › Seeded detail hydration › Accounting Export Item detail renders seeded checkpoint data (750ms)
  ✓  513 [chromium] › tests/e2e/executive-command-throughput.spec.ts:33:7 › P16 Executive Command Center throughput and daily decision support › authorized executive can open Command Center; Partner and cross-tenant users are denied (648ms)
  ✓  514 [chromium] › tests/e2e/executive-command-throughput.spec.ts:49:7 › P16 Executive Command Center throughput and daily decision support › growth and capacity KPIs consume P15/P14 without mutating opportunities or assignments (22ms)
  ✓  515 [chromium] › tests/e2e/executive-command-throughput.spec.ts:63:7 › P16 Executive Command Center throughput and daily decision support › production and Customer QC KPIs are unit-aware and separate Customer delay from Partner correction (16ms)
  ✓  516 [chromium] › tests/e2e/executive-command-throughput.spec.ts:76:7 › P16 Executive Command Center throughput and daily decision support › finance KPIs preserve Customer revenue and Partner payable chain separation (16ms)
  ✓  517 [chromium] › tests/e2e/executive-command-throughput.spec.ts:90:7 › P16 Executive Command Center throughput and daily decision support › daily actions are deterministic, deduped, routed, and do not execute source actions (34ms)
  ✓  518 [chromium] › tests/e2e/executive-command-throughput.spec.ts:104:7 › P16 Executive Command Center throughput and daily decision support › scheduled scan is locked and idempotent; no rates, secrets, Worker PII, or auto-actions leak (107ms)
  ✓  519 [chromium] › tests/e2e/history-search-and-admin.spec.ts:4:5 › record history search is usable, scoped and recoverable (742ms)
  ✓  520 [chromium] › tests/e2e/history-search-and-admin.spec.ts:9:5 › administration uses member search and hides unauthorized controls (752ms)
  ✓  521 [chromium] › tests/e2e/history-search-and-admin.spec.ts:13:5 › unconfigured sign-in alternatives stay unavailable (1.0s)
  ✓  522 [chromium] › tests/e2e/history-search-and-admin.spec.ts:14:5 › global search returns readable records and recovers from an empty search (792ms)
{"timestamp":"2026-10-07T01:02:16.510Z","category":"Event","message":"event_created","tenantId":"41b6014e-25c5-42f9-87ce-70e444fce04f","actorUserId":"e341c69b-cc3e-4406-bf9e-e15f49b44351","eventId":"00b803a2-a150-489b-ab16-7ffd0a868b31","eventType":"prime_delivery.destination_approved","aggregateType":"invoice","aggregateId":"95737721-1669-477b-891f-86b77c68478c"}
{"timestamp":"2026-10-07T01:02:16.512Z","category":"Audit","message":"audit_log_created","tenantId":"41b6014e-25c5-42f9-87ce-70e444fce04f","actorUserId":"e341c69b-cc3e-4406-bf9e-e15f49b44351","action":"prime_delivery.destination_approved","entityType":"prime_delivery_destination","entityId":"95737721-1669-477b-891f-86b77c68478c"}
{"timestamp":"2026-10-07T01:02:16.570Z","category":"Event","message":"event_created","tenantId":"41b6014e-25c5-42f9-87ce-70e444fce04f","actorUserId":"e341c69b-cc3e-4406-bf9e-e15f49b44351","eventId":"907edd11-2fa3-4c29-893e-67d2aa7d82cd","eventType":"prime_delivery.queued","aggregateType":"invoice","aggregateId":"24de971d-c19e-4339-a571-aace19ecb6f2"}
{"timestamp":"2026-10-07T01:02:16.571Z","category":"Audit","message":"audit_log_created","tenantId":"41b6014e-25c5-42f9-87ce-70e444fce04f","actorUserId":"e341c69b-cc3e-4406-bf9e-e15f49b44351","action":"prime_delivery.queued","entityType":"prime_delivery_job","entityId":"24de971d-c19e-4339-a571-aace19ecb6f2"}
{"timestamp":"2026-10-07T01:02:16.640Z","category":"Event","message":"event_created","tenantId":"41b6014e-25c5-42f9-87ce-70e444fce04f","actorUserId":"e341c69b-cc3e-4406-bf9e-e15f49b44351","eventId":"7d01420e-1222-49be-9a54-799a3da9e56c","eventType":"prime_delivery.cancelled","aggregateType":"invoice","aggregateId":"24de971d-c19e-4339-a571-aace19ecb6f2"}
{"timestamp":"2026-10-07T01:02:16.641Z","category":"Audit","message":"audit_log_created","tenantId":"41b6014e-25c5-42f9-87ce-70e444fce04f","actorUserId":"e341c69b-cc3e-4406-bf9e-e15f49b44351","action":"prime_delivery.cancelled","entityType":"prime_delivery_job","entityId":"24de971d-c19e-4339-a571-aace19ecb6f2"}
{"timestamp":"2026-10-07T01:02:16.668Z","category":"Event","message":"event_created","tenantId":"41b6014e-25c5-42f9-87ce-70e444fce04f","actorUserId":"e341c69b-cc3e-4406-bf9e-e15f49b44351","eventId":"e920ab19-c016-4772-bf29-ac8975f17add","eventType":"prime_delivery.queued","aggregateType":"invoice","aggregateId":"9177aef3-56a6-4336-86a2-4b64c10159e1"}
{"timestamp":"2026-10-07T01:02:16.669Z","category":"Audit","message":"audit_log_created","tenantId":"41b6014e-25c5-42f9-87ce-70e444fce04f","actorUserId":"e341c69b-cc3e-4406-bf9e-e15f49b44351","action":"prime_delivery.queued","entityType":"prime_delivery_job","entityId":"9177aef3-56a6-4336-86a2-4b64c10159e1"}
{"timestamp":"2026-10-07T01:02:16.715Z","category":"Event","message":"event_created","tenantId":"41b6014e-25c5-42f9-87ce-70e444fce04f","actorUserId":"e341c69b-cc3e-4406-bf9e-e15f49b44351","eventId":"3b02b2fb-e4a1-435b-92dd-014a98fdbaf3","eventType":"prime_delivery.review_resolved","aggregateType":"invoice","aggregateId":"9177aef3-56a6-4336-86a2-4b64c10159e1"}
{"timestamp":"2026-10-07T01:02:16.716Z","category":"Audit","message":"audit_log_created","tenantId":"41b6014e-25c5-42f9-87ce-70e444fce04f","actorUserId":"e341c69b-cc3e-4406-bf9e-e15f49b44351","action":"prime_delivery.review_resolved","entityType":"prime_delivery_job","entityId":"9177aef3-56a6-4336-86a2-4b64c10159e1"}
{"timestamp":"2026-10-07T01:02:16.741Z","category":"Event","message":"event_created","tenantId":"41b6014e-25c5-42f9-87ce-70e444fce04f","actorUserId":"e341c69b-cc3e-4406-bf9e-e15f49b44351","eventId":"625fa987-1d9e-4d43-bc02-d0db5ff6293b","eventType":"prime_delivery.queued","aggregateType":"invoice","aggregateId":"f5d4d641-43db-45d2-a6fb-5ef2210b718f"}
{"timestamp":"2026-10-07T01:02:16.742Z","category":"Audit","message":"audit_log_created","tenantId":"41b6014e-25c5-42f9-87ce-70e444fce04f","actorUserId":"e341c69b-cc3e-4406-bf9e-e15f49b44351","action":"prime_delivery.queued","entityType":"prime_delivery_job","entityId":"f5d4d641-43db-45d2-a6fb-5ef2210b718f"}
{"timestamp":"2026-10-07T01:02:16.863Z","category":"Event","message":"event_created","tenantId":"41b6014e-25c5-42f9-87ce-70e444fce04f","actorUserId":"e341c69b-cc3e-4406-bf9e-e15f49b44351","eventId":"f74c86ac-0099-4f77-9a7d-841cc81a1a5a","eventType":"invoice_package.delivered","aggregateType":"invoice","aggregateId":"e27d80d8-d94f-4154-84cd-f01803722c69"}
{"timestamp":"2026-10-07T01:02:16.864Z","category":"Audit","message":"audit_log_created","tenantId":"41b6014e-25c5-42f9-87ce-70e444fce04f","actorUserId":"e341c69b-cc3e-4406-bf9e-e15f49b44351","action":"invoice_package.delivered","entityType":"invoice_delivery_event","entityId":"e27d80d8-d94f-4154-84cd-f01803722c69"}
{"timestamp":"2026-10-07T01:02:16.874Z","category":"Event","message":"event_created","tenantId":"41b6014e-25c5-42f9-87ce-70e444fce04f","actorUserId":"e341c69b-cc3e-4406-bf9e-e15f49b44351","eventId":"153d8e44-3be9-425e-bfc6-e85d9a59ea59","eventType":"prime_delivery.destination_revoked","aggregateType":"invoice","aggregateId":"95737721-1669-477b-891f-86b77c68478c"}
{"timestamp":"2026-10-07T01:02:16.875Z","category":"Audit","message":"audit_log_created","tenantId":"41b6014e-25c5-42f9-87ce-70e444fce04f","actorUserId":"e341c69b-cc3e-4406-bf9e-e15f49b44351","action":"prime_delivery.destination_revoked","entityType":"prime_delivery_destination","entityId":"95737721-1669-477b-891f-86b77c68478c"}
  ✓  523 [chromium] › tests/e2e/internal-workforce.spec.ts:10:5 › Sync management provisions a real internal crew through field production with strict readiness and access boundaries (5.7s)
  ✓  524 [chromium] › tests/e2e/lifecycle/high-risk-modals.spec.ts:12:9 › High-risk lifecycle modal certification › Payment Execution: /Mark Executed/i modal opens with required fields and boundary copy (1.1s)
  ✓  525 [chromium] › tests/e2e/lifecycle/high-risk-modals.spec.ts:12:9 › High-risk lifecycle modal certification › Bank Reconciliation: /Open Exception/i modal opens with required fields and boundary copy (1.0s)
  ✓  526 [chromium] › tests/e2e/lifecycle/high-risk-modals.spec.ts:12:9 › High-risk lifecycle modal certification › Accounting Export: /Generate/i modal opens with required fields and boundary copy (1.1s)
  ✓  527 [chromium] › tests/e2e/lifecycle/high-risk-modals.spec.ts:12:9 › High-risk lifecycle modal certification › Accounting Export: /Mark Submitted/i modal opens with required fields and boundary copy (1.1s)
  ✓  528 [chromium] › tests/e2e/login-accessibility.spec.ts:5:5 › login submits with Enter and announces a failed attempt (981ms)
  ✓  529 [chromium] › tests/e2e/login-accessibility.spec.ts:22:5 › login validates required fields before sending credentials (825ms)
  ✓  530 [chromium] › tests/e2e/operator-phase10.spec.ts:26:7 › Operator UI Phase 10 mobile, accessibility, and UAT readiness › mobile shell renders without accidental horizontal overflow (731ms)
  ✓  531 [chromium] › tests/e2e/operator-phase10.spec.ts:40:7 › Operator UI Phase 10 mobile, accessibility, and UAT readiness › tablet workbenches keep titles, queues, and controls visible (1.7s)
  ✓  532 [chromium] › tests/e2e/operator-phase10.spec.ts:62:7 › Operator UI Phase 10 mobile, accessibility, and UAT readiness › mobile Create Signal modal keeps title and actions in viewport (865ms)
  ✓  533 [chromium] › tests/e2e/operator-phase10.spec.ts:83:7 › Operator UI Phase 10 mobile, accessibility, and UAT readiness › keyboard focus reaches navigation, queue controls, and modal controls (790ms)
  ✓  534 [chromium] › tests/e2e/operator-phase10.spec.ts:103:7 › Operator UI Phase 10 mobile, accessibility, and UAT readiness › representative accessibility semantics are present (883ms)
  ✓  535 [chromium] › tests/e2e/operator-phase10.spec.ts:119:7 › Operator UI Phase 10 mobile, accessibility, and UAT readiness › read-only detail still explains view-only state on tablet (742ms)
  ✓  536 [chromium] › tests/e2e/operator-phase11.spec.ts:13:7 › Operator UI Phase 11 account onboarding workbench › renders the account onboarding pipeline and boundary copy (631ms)
  ✓  537 [chromium] › tests/e2e/operator-phase11.spec.ts:31:7 › Operator UI Phase 11 account onboarding workbench › stage tabs and account lanes are interactive (755ms)
  ✓  538 [chromium] › tests/e2e/operator-phase11.spec.ts:51:7 › Operator UI Phase 11 account onboarding workbench › shows contract-backed prime onboarding fields instead of hardcoded UI data (1.0s)
  ✓  539 [chromium] › tests/e2e/operator-phase3.spec.ts:6:7 › Operator UI Phase 3 command surfaces › Command Center renders daily priorities instead of redirect-only shell (682ms)
  ✓  540 [chromium] › tests/e2e/operator-phase3.spec.ts:24:7 › Operator UI Phase 3 command surfaces › Executive Command Center leads with decisions and risk queues (746ms)
  ✓  541 [chromium] › tests/e2e/operator-phase3.spec.ts:41:7 › Operator UI Phase 3 command surfaces › Operations Board renders workflow-first execution lanes (664ms)
  ✓  542 [chromium] › tests/e2e/operator-phase3.spec.ts:60:7 › Operator UI Phase 3 command surfaces › operations users retain execution oversight without QC mutation authority (962ms)
  ✓  543 [chromium] › tests/e2e/operator-phase4.spec.ts:6:7 › Operator UI Phase 4 execution queues › Work Orders page renders operator queue (580ms)
  ✓  544 [chromium] › tests/e2e/operator-phase4.spec.ts:24:7 › Operator UI Phase 4 execution queues › Production Board renders operator queue (600ms)
  ✓  545 [chromium] › tests/e2e/operator-phase4.spec.ts:41:7 › Operator UI Phase 4 execution queues › field supervisor retains production creation without approval or financial authority (751ms)
  ✓  546 [chromium] › tests/e2e/operator-phase4.spec.ts:54:7 › Operator UI Phase 4 execution queues › QC Review Queue renders operator queue (630ms)
  ✓  547 [chromium] › tests/e2e/operator-phase4.spec.ts:70:7 › Operator UI Phase 4 execution queues › developer session UI is hidden by default on execution pages (982ms)
  ✓  548 [chromium] › tests/e2e/operator-phase4.spec.ts:84:7 › Operator UI Phase 4 execution queues › read-only auditor can view execution queue without mutation controls (768ms)
  ✓  549 [chromium] › tests/e2e/operator-phase4.spec.ts:97:7 › Operator UI Phase 4 execution queues › queue tabs can be selected on execution pages (1.3s)
  ✓  550 [chromium] › tests/e2e/operator-phase5.spec.ts:6:7 › Operator UI Phase 5 finance workbenches › Billable Workbench renders operator queue (776ms)
  ✓  551 [chromium] › tests/e2e/operator-phase5.spec.ts:23:7 › Operator UI Phase 5 finance workbenches › Settlement Workbench renders operator queue (831ms)
  ✓  552 [chromium] › tests/e2e/operator-phase5.spec.ts:39:7 › Operator UI Phase 5 finance workbenches › Invoice Workbench renders operator queue (884ms)
  ✓  553 [chromium] › tests/e2e/operator-phase5.spec.ts:55:7 › Operator UI Phase 5 finance workbenches › developer session UI is hidden by default on finance workbenches (1.5s)
  ✓  554 [chromium] › tests/e2e/operator-phase5.spec.ts:69:7 › Operator UI Phase 5 finance workbenches › financial boundary copy appears on finance workbenches (997ms)
  ✓  555 [chromium] › tests/e2e/operator-phase5.spec.ts:86:7 › Operator UI Phase 5 finance workbenches › queue tabs can be selected on finance workbenches (1.3s)
  ✓  556 [chromium] › tests/e2e/operator-phase5.spec.ts:109:7 › Operator UI Phase 5 finance workbenches › read-only auditor can view finance workbench without mutation controls (925ms)
  ✓  557 [chromium] › tests/e2e/operator-phase6.spec.ts:6:7 › Operator UI Phase 6 cash and collections workbenches › Cash Application Workbench renders operator queue (894ms)
  ✓  558 [chromium] › tests/e2e/operator-phase6.spec.ts:23:7 › Operator UI Phase 6 cash and collections workbenches › Collections Workbench renders operator queue (793ms)
  ✓  559 [chromium] › tests/e2e/operator-phase6.spec.ts:40:7 › Operator UI Phase 6 cash and collections workbenches › developer session UI is hidden by default on cash and collections pages (1.9s)
  ✓  560 [chromium] › tests/e2e/operator-phase6.spec.ts:66:7 › Operator UI Phase 6 cash and collections workbenches › cash boundary copy appears (823ms)
  ✓  561 [chromium] › tests/e2e/operator-phase6.spec.ts:77:7 › Operator UI Phase 6 cash and collections workbenches › collections boundary copy appears (811ms)
  ✓  562 [chromium] › tests/e2e/operator-phase6.spec.ts:88:7 › Operator UI Phase 6 cash and collections workbenches › queue tabs can be selected on cash and collections workbenches (1.8s)
  ✓  563 [chromium] › tests/e2e/operator-phase6.spec.ts:112:7 › Operator UI Phase 6 cash and collections workbenches › read-only auditor can view cash workbench without create access (778ms)
  ✓  564 [chromium] › tests/e2e/operator-phase7.spec.ts:6:7 › Operator UI Phase 7 payout workbenches › Contractor Payables Workbench renders operator queue (770ms)
  ✓  565 [chromium] › tests/e2e/operator-phase7.spec.ts:23:7 › Operator UI Phase 7 payout workbenches › Payroll Readiness Workbench renders operator queue (708ms)
  ✓  566 [chromium] › tests/e2e/operator-phase7.spec.ts:40:7 › Operator UI Phase 7 payout workbenches › Payment Execution Workbench renders operator queue (765ms)
  ✓  567 [chromium] › tests/e2e/operator-phase7.spec.ts:57:7 › Operator UI Phase 7 payout workbenches › developer session UI is hidden by default on payout pages (1.1s)
  ✓  568 [chromium] › tests/e2e/operator-phase7.spec.ts:71:7 › Operator UI Phase 7 payout workbenches › payout boundary copy appears (929ms)
  ✓  569 [chromium] › tests/e2e/operator-phase7.spec.ts:88:7 › Operator UI Phase 7 payout workbenches › queue tabs can be selected on payout workbenches (1.2s)
  ✓  570 [chromium] › tests/e2e/operator-phase7.spec.ts:111:7 › Operator UI Phase 7 payout workbenches › read-only auditor can view contractor payables without create access (758ms)
  ✓  571 [chromium] › tests/e2e/operator-phase8.spec.ts:6:7 › Operator UI Phase 8 finance control workbenches › Bank Reconciliation Workbench renders operator queue (774ms)
  ✓  572 [chromium] › tests/e2e/operator-phase8.spec.ts:23:7 › Operator UI Phase 8 finance control workbenches › Accounting Export Workbench renders operator queue (730ms)
  ✓  573 [chromium] › tests/e2e/operator-phase8.spec.ts:40:7 › Operator UI Phase 8 finance control workbenches › developer session UI is hidden by default on finance control pages (986ms)
  ✓  574 [chromium] › tests/e2e/operator-phase8.spec.ts:54:7 › Operator UI Phase 8 finance control workbenches › finance control boundary copy appears (741ms)
  ✓  575 [chromium] › tests/e2e/operator-phase8.spec.ts:68:7 › Operator UI Phase 8 finance control workbenches › queue tabs can be selected on finance control workbenches (1.0s)
  ✓  576 [chromium] › tests/e2e/operator-phase8.spec.ts:86:7 › Operator UI Phase 8 finance control workbenches › read-only auditor can view bank reconciliation without create access (730ms)
  ✓  577 [chromium] › tests/e2e/operator-phase9.spec.ts:16:7 › Operator UI Phase 9 detail and form standards › representative operational detail shows next action and boundary copy (694ms)
  ✘  578 [chromium] › tests/e2e/operator-phase9.spec.ts:31:7 › Operator UI Phase 9 detail and form standards › representative finance detail shows boundary and danger separation (10.6s)
(node:96226) Warning: The 'NO_COLOR' env is ignored due to the 'FORCE_COLOR' env being set.
(Use `node --trace-warnings ...` to show where the warning was created)
  ✓  579 [chromium] › tests/e2e/operator-phase9.spec.ts:47:7 › Operator UI Phase 9 detail and form standards › read-only auditor sees record context without lifecycle guidance or mutation controls (706ms)
  ✓  580 [chromium] › tests/e2e/operator-phase9.spec.ts:64:7 › Operator UI Phase 9 detail and form standards › representative create form has purpose header and boundary notice (553ms)
  ✓  581 [chromium] › tests/e2e/operator-phase9.spec.ts:79:7 › Operator UI Phase 9 detail and form standards › signal detail hides developer controls and shows conversion boundary (559ms)
  ✓  582 [chromium] › tests/e2e/operator-phase9.spec.ts:93:7 › Operator UI Phase 9 detail and form standards › accounting export detail shows handoff next-action guidance (584ms)
  ✓  583 [chromium] › tests/e2e/operator-shell.spec.ts:8:7 › Operator shell and page templates › operator shell renders compact workspace navigation (613ms)
  ✓  584 [chromium] › tests/e2e/operator-shell.spec.ts:35:7 › Operator shell and page templates › workspace subnavigation follows the active workspace (790ms)
  ✓  585 [chromium] › tests/e2e/operator-shell.spec.ts:57:7 › Operator shell and page templates › Signal Feed uses the shared queue page pattern (580ms)
  ✓  586 [chromium] › tests/e2e/operator-shell.spec.ts:74:7 › Operator shell and page templates › production/default UI hides developer session controls on operator pages (864ms)
  ✓  587 [chromium] › tests/e2e/operator-shell.spec.ts:89:7 › Operator shell and page templates › read-only auditor can view Signal Feed without mutation actions (552ms)
  ✓  588 [chromium] › tests/e2e/operator-shell.spec.ts:102:7 › Operator shell and page templates › ActionButton disabled reason appears for blocked Verify action (690ms)
  ✓  589 [chromium] › tests/e2e/operator-shell.spec.ts:117:7 › Operator shell and page templates › queue tabs expose active state changes (603ms)
  ✓  590 [chromium] › tests/e2e/opportunity-capacity-matching.spec.ts:38:7 › P15 Opportunity capacity matching and recommendation intelligence › structured requirements are versioned and missing requirements are not guessed (45ms)
  ✓  591 [chromium] › tests/e2e/opportunity-capacity-matching.spec.ts:51:7 › P15 Opportunity capacity matching and recommendation intelligence › hard blockers override high scores and partner score remains distinct from match score (58ms)
  ✓  592 [chromium] › tests/e2e/opportunity-capacity-matching.spec.ts:67:7 › P15 Opportunity capacity matching and recommendation intelligence › capacity gap and multi-Partner coverage are explainable and do not assign work (17ms)
  ✓  593 [chromium] › tests/e2e/opportunity-capacity-matching.spec.ts:82:7 › P15 Opportunity capacity matching and recommendation intelligence › mandatory equipment blocks coverage where canonical equipment fit is missing (50ms)
  ✓  594 [chromium] › tests/e2e/opportunity-capacity-matching.spec.ts:91:7 › P15 Opportunity capacity matching and recommendation intelligence › shortlist and human decision are audited decision support, not assignment (24ms)
  ✓  595 [chromium] › tests/e2e/opportunity-capacity-matching.spec.ts:102:7 › P15 Opportunity capacity matching and recommendation intelligence › scheduled scan is locked and idempotent; Partner and cross-tenant access are denied (106ms)
  ✓  596 [chromium] › tests/e2e/partner-admin-invitations.spec.ts:47:7 › P18 Partner inquiry, invitation, and onboarding controls › public inquiry creates only a low-confidence inquiry and requires human qualification before invite (66ms)
  ✓  597 [chromium] › tests/e2e/partner-admin-invitations.spec.ts:95:7 › P18 Partner inquiry, invitation, and onboarding controls › Partner Admin invitation token lifecycle is hash-only, single-use, scoped, and race-safe (228ms)
  ✓  598 [chromium] › tests/e2e/partner-admin-invitations.spec.ts:170:7 › P18 Partner inquiry, invitation, and onboarding controls › Foreman invitation binds exact Worker/Crew assignment and rejects changed relationships (92ms)
  ✓  599 [chromium] › tests/e2e/partner-admin-invitations.spec.ts:212:7 › P18 Partner inquiry, invitation, and onboarding controls › onboarding workspace, approval boundary, analytics, and token-leak controls stay internal (49ms)
  ✓  600 [chromium] › tests/e2e/partner-admin-invitations.spec.ts:239:7 › P18 Partner inquiry, invitation, and onboarding controls › authenticated routing context is safe, server-trusted, and persona-aware (61ms)
  ✓  601 [chromium] › tests/e2e/partner-admin-invitations.spec.ts:276:7 › P18 Partner inquiry, invitation, and onboarding controls › production login uses email and password, then routes by server-trusted persona (351ms)
  ✓  602 [chromium] › tests/e2e/partner-admin-invitations.spec.ts:337:7 › P18 Partner inquiry, invitation, and onboarding controls › Partner Network workspace remains internal-only and preserves the human gate (57ms)
  ✓  603 [chromium] › tests/e2e/partner-admin-invitations.spec.ts:367:7 › P18 Partner inquiry, invitation, and onboarding controls › focused UI files encode login simplification, nav fail-closed, and Foreman Today route (11ms)
  ✓  604 [chromium] › tests/e2e/partner-agreements-work-orders-vehicles.spec.ts:47:7 › P5 Partner agreements, work orders, rates, and vehicles › internal user creates an MSA, enforces signer rules, and Partner can read only own safe view (172ms)
  ✓  605 [chromium] › tests/e2e/partner-agreements-work-orders-vehicles.spec.ts:137:7 › P5 Partner agreements, work orders, rates, and vehicles › Work Order activation preserves Partner rate isolation and cannot be managed by Partner users (121ms)
  ✓  606 [chromium] › tests/e2e/partner-agreements-work-orders-vehicles.spec.ts:182:7 › P5 Partner agreements, work orders, rates, and vehicles › vehicle custody, operators, condition, and allocation are tenant and Partner safe (101ms)
  ✓  607 [chromium] › tests/e2e/partner-agreements-work-orders-vehicles.spec.ts:233:7 › P5 Partner agreements, work orders, rates, and vehicles › vehicle agreement artifacts are restricted and Foreman sees only safe operational summary (100ms)
  ✓  608 [chromium] › tests/e2e/partner-agreements-work-orders-vehicles.spec.ts:256:7 › P5 Partner agreements, work orders, rates, and vehicles › events and audit omit restricted legal bytes, storage keys, internal rates, and internal notes (11ms)
  ✓  609 [chromium] › tests/e2e/partner-compliance-onboarding.spec.ts:38:7 › P3 Partner compliance onboarding foundation › setup declarations are scoped, idempotent, reviewable, and do not change readiness (117ms)
  ✓  610 [chromium] › tests/e2e/partner-compliance-onboarding.spec.ts:58:7 › P3 Partner compliance onboarding foundation › empty Partner compliance summary is organization scoped and Foreman safe (38ms)
  ✓  611 [chromium] › tests/e2e/partner-compliance-onboarding.spec.ts:77:7 › P3 Partner compliance onboarding foundation › Partner Admin submits own profile, W-9, payment readiness, and insurance without broadening scope (302ms)
  ✓  612 [chromium] › tests/e2e/partner-compliance-onboarding.spec.ts:156:7 › P3 Partner compliance onboarding foundation › restricted evidence is never public and remains tenant and Partner scoped (50ms)
  ✓  613 [chromium] › tests/e2e/partner-compliance-onboarding.spec.ts:173:7 › P3 Partner compliance onboarding foundation › internal reviewer verifies records, Partner users cannot self-approve, and compliance becomes ready (121ms)
  ✓  614 [chromium] › tests/e2e/partner-compliance-onboarding.spec.ts:208:7 › P3 Partner compliance onboarding foundation › insurance limit and expiration changes recalculate blockers and preserve version history (46ms)
  ✘  615 [chromium] › tests/e2e/partner-compliance-reviewer-download.spec.ts:6:5 › authenticated Partner Admin uploads canonical Partner Compliance evidence @reviewer-fixture-upload (0ms)
  -  616 [chromium] › tests/e2e/partner-compliance-reviewer-download.spec.ts:7:5 › authenticated reviewer downloads exact evidence-linked binary artifact @authenticated-reviewer
  -  617 [chromium] › tests/e2e/partner-compliance-reviewer-download.spec.ts:8:5 › authenticated Partner Admin downloads own-company artifact through Partner route @authenticated-reviewer
  -  618 [chromium] › tests/e2e/partner-compliance-reviewer-download.spec.ts:9:5 › authenticated Partner Admin is denied from internal reviewer route @authenticated-reviewer
  -  619 [chromium] › tests/e2e/partner-compliance-reviewer-download.spec.ts:10:5 › route registration smoke
  -  620 [chromium] › tests/e2e/partner-compliance-reviewer-download.spec.ts:11:5 › unauthenticated guard smoke
  -  621 [chromium] › tests/e2e/partner-compliance-reviewer-download.spec.ts:12:5 › invalid organization-ID validation
  -  622 [chromium] › tests/e2e/partner-compliance-reviewer-download.spec.ts:13:5 › invalid evidence-ID validation
(node:96292) Warning: The 'NO_COLOR' env is ignored due to the 'FORCE_COLOR' env being set.
(Use `node --trace-warnings ...` to show where the warning was created)
  ✓  623 [chromium] › tests/e2e/partner-domain-scope.spec.ts:41:7 › P1 Partner domain organization scope › organization-scoped list and detail are limited to the scoped Partner Organization (60ms)
  ✓  624 [chromium] › tests/e2e/partner-domain-scope.spec.ts:52:7 › P1 Partner domain organization scope › organization-scoped mutations revalidate scope server-side (33ms)
  ✓  625 [chromium] › tests/e2e/partner-domain-scope.spec.ts:69:7 › P1 Partner domain organization scope › guessed capacity provider and mismatched child records are denied (26ms)
  ✓  626 [chromium] › tests/e2e/partner-domain-scope.spec.ts:99:7 › P1 Partner domain organization scope › client-supplied scope inputs cannot broaden access (23ms)
  ✓  627 [chromium] › tests/e2e/partner-domain-scope.spec.ts:119:7 › P1 Partner domain organization scope › tenant-scoped internal access still works and unauthorized internal roles stay denied (32ms)
  ✓  628 [chromium] › tests/e2e/partner-domain-scope.spec.ts:131:7 › P1 Partner domain organization scope › cross-tenant Partner Organization access is denied (20ms)
  ✓  629 [chromium] › tests/e2e/partner-domain-scope.spec.ts:139:7 › P1 Partner domain organization scope › classification is provider-type constrained, idempotent, and audited only for creation (35ms)
  ✓  630 [chromium] › tests/e2e/partner-domain-scope.spec.ts:176:7 › P1 Partner domain organization scope › near-concurrent classification does not create duplicate active linkage (18ms)
  ✓  631 [chromium] › tests/e2e/partner-mobilization-readiness.spec.ts:56:7 › P6 Partner mobilization readiness and Notice to Proceed › evaluates canonical assignment context and blocks on missing source readiness (61ms)
  ✓  632 [chromium] › tests/e2e/partner-mobilization-readiness.spec.ts:73:7 › P6 Partner mobilization readiness and Notice to Proceed › enforces override governance and clears only overrideable administrative blockers (73ms)
  ✓  633 [chromium] › tests/e2e/partner-mobilization-readiness.spec.ts:99:7 › P6 Partner mobilization readiness and Notice to Proceed › approves mobilization, issues structured Notice, and keeps production start separate from QC and settlement (69ms)
  ✓  634 [chromium] › tests/e2e/partner-mobilization-readiness.spec.ts:126:7 › P6 Partner mobilization readiness and Notice to Proceed › Partner Admin and Foreman see only safe own Notice/readiness and acknowledgment is receipt-only (69ms)
  ✓  635 [chromium] › tests/e2e/partner-mobilization-readiness.spec.ts:153:7 › P6 Partner mobilization readiness and Notice to Proceed › canonical source mutations automatically invalidate readiness and hold authorization without restricted payload leaks (84ms)
  ✓  636 [chromium] › tests/e2e/partner-mobilization-readiness.spec.ts:217:7 › P6 Partner mobilization readiness and Notice to Proceed › canonical P3/P4/P5 source events automatically invalidate ready authorization (903ms)
{"timestamp":"2026-10-07T01:03:31.884Z","category":"Event","message":"event_created","tenantId":"74ce6eb1-f7ac-4bd0-a658-7ddb0559987a","actorUserId":"efac4d2b-2611-436f-821b-b97a73665908","eventId":"71743c0c-523d-4539-8794-be42c776765b","eventType":"partner_insurance_policy.expired","aggregateType":"partner_insurance_policy","aggregateId":"129a6de2-ae77-4ac5-b698-1c2cb2f570f9"}
{"timestamp":"2026-10-07T01:03:31.885Z","category":"Audit","message":"audit_log_created","tenantId":"74ce6eb1-f7ac-4bd0-a658-7ddb0559987a","actorUserId":"efac4d2b-2611-436f-821b-b97a73665908","action":"mobilization_expiration.scan","entityType":"partner_insurance_policy","entityId":"129a6de2-ae77-4ac5-b698-1c2cb2f570f9"}
{"timestamp":"2026-10-07T01:03:31.894Z","category":"Event","message":"event_created","tenantId":"74ce6eb1-f7ac-4bd0-a658-7ddb0559987a","actorUserId":"efac4d2b-2611-436f-821b-b97a73665908","eventId":"4ade5b8a-3128-40f3-8eb6-6242b46beae5","eventType":"mobilization_readiness.changed","aggregateType":"mobilization_readiness","aggregateId":"951dd718-ab37-4896-948e-2e305c3319c0"}
{"timestamp":"2026-10-07T01:03:31.895Z","category":"Audit","message":"audit_log_created","tenantId":"74ce6eb1-f7ac-4bd0-a658-7ddb0559987a","actorUserId":"efac4d2b-2611-436f-821b-b97a73665908","action":"mobilization_readiness.source_event_invalidate","entityType":"mobilization_readiness","entityId":"951dd718-ab37-4896-948e-2e305c3319c0"}
{"timestamp":"2026-10-07T01:03:31.898Z","category":"Event","message":"event_created","tenantId":"74ce6eb1-f7ac-4bd0-a658-7ddb0559987a","actorUserId":"efac4d2b-2611-436f-821b-b97a73665908","eventId":"294d23ed-ef57-4f6c-9aff-52bcf7a50429","eventType":"mobilization.held","aggregateType":"mobilization_decision","aggregateId":"f9895a45-67cb-42f0-89f3-d2f4ccb0f073"}
{"timestamp":"2026-10-07T01:03:31.899Z","category":"Audit","message":"audit_log_created","tenantId":"74ce6eb1-f7ac-4bd0-a658-7ddb0559987a","actorUserId":"efac4d2b-2611-436f-821b-b97a73665908","action":"mobilization.source_event_hold","entityType":"mobilization_decision","entityId":"f9895a45-67cb-42f0-89f3-d2f4ccb0f073"}
{"timestamp":"2026-10-07T01:03:31.901Z","category":"Event","message":"event_created","tenantId":"74ce6eb1-f7ac-4bd0-a658-7ddb0559987a","actorUserId":"efac4d2b-2611-436f-821b-b97a73665908","eventId":"62fdab85-b136-48d5-a44a-d6c9451a6623","eventType":"notice_to_proceed.held","aggregateType":"notice_to_proceed","aggregateId":"ec978b08-47f6-492b-b385-77eeb414a52a"}
{"timestamp":"2026-10-07T01:03:31.902Z","category":"Audit","message":"audit_log_created","tenantId":"74ce6eb1-f7ac-4bd0-a658-7ddb0559987a","actorUserId":"efac4d2b-2611-436f-821b-b97a73665908","action":"notice_to_proceed.source_event_hold","entityType":"notice_to_proceed","entityId":"ec978b08-47f6-492b-b385-77eeb414a52a"}
{"timestamp":"2026-10-07T01:03:31.903Z","category":"Event","message":"event_created","tenantId":"74ce6eb1-f7ac-4bd0-a658-7ddb0559987a","actorUserId":"efac4d2b-2611-436f-821b-b97a73665908","eventId":"c27d0b31-1f17-4c11-8bf3-47c5a520f719","eventType":"production_start.held","aggregateType":"production_start","aggregateId":"b9684a77-0fd7-414d-9f7c-615af55265d7"}
{"timestamp":"2026-10-07T01:03:31.903Z","category":"Audit","message":"audit_log_created","tenantId":"74ce6eb1-f7ac-4bd0-a658-7ddb0559987a","actorUserId":"efac4d2b-2611-436f-821b-b97a73665908","action":"production_start.source_event_hold","entityType":"production_start_authorization","entityId":"b9684a77-0fd7-414d-9f7c-615af55265d7"}
{"timestamp":"2026-10-07T01:03:31.905Z","category":"Event","message":"event_created","tenantId":"74ce6eb1-f7ac-4bd0-a658-7ddb0559987a","actorUserId":"efac4d2b-2611-436f-821b-b97a73665908","eventId":"87f3c36f-f3b8-4a69-b6e4-6c8c63df3389","eventType":"worker_credential.expired","aggregateType":"worker_credential","aggregateId":"1ac73843-9d7f-4b09-b509-6ab5b6a2e199"}
{"timestamp":"2026-10-07T01:03:31.906Z","category":"Audit","message":"audit_log_created","tenantId":"74ce6eb1-f7ac-4bd0-a658-7ddb0559987a","actorUserId":"efac4d2b-2611-436f-821b-b97a73665908","action":"mobilization_expiration.scan","entityType":"worker_credential","entityId":"1ac73843-9d7f-4b09-b509-6ab5b6a2e199"}
{"timestamp":"2026-10-07T01:03:31.911Z","category":"Event","message":"event_created","tenantId":"74ce6eb1-f7ac-4bd0-a658-7ddb0559987a","actorUserId":"efac4d2b-2611-436f-821b-b97a73665908","eventId":"176c5931-f73a-44dd-9e1d-afd556ec72c4","eventType":"mobilization_readiness.changed","aggregateType":"mobilization_readiness","aggregateId":"f0ae7219-fb07-424e-b1b3-f45d6d32f753"}
{"timestamp":"2026-10-07T01:03:31.912Z","category":"Audit","message":"audit_log_created","tenantId":"74ce6eb1-f7ac-4bd0-a658-7ddb0559987a","actorUserId":"efac4d2b-2611-436f-821b-b97a73665908","action":"mobilization_readiness.source_event_invalidate","entityType":"mobilization_readiness","entityId":"f0ae7219-fb07-424e-b1b3-f45d6d32f753"}
{"timestamp":"2026-10-07T01:03:31.915Z","category":"Event","message":"event_created","tenantId":"74ce6eb1-f7ac-4bd0-a658-7ddb0559987a","actorUserId":"efac4d2b-2611-436f-821b-b97a73665908","eventId":"44af297a-795c-4678-aaa0-3e663cfada7f","eventType":"worker_credential.expired","aggregateType":"worker_credential","aggregateId":"1ac73843-9d7f-4b09-b509-6ab5b6a2e199"}
{"timestamp":"2026-10-07T01:03:31.915Z","category":"Audit","message":"audit_log_created","tenantId":"74ce6eb1-f7ac-4bd0-a658-7ddb0559987a","actorUserId":"efac4d2b-2611-436f-821b-b97a73665908","action":"mobilization_expiration.scan","entityType":"worker_credential","entityId":"1ac73843-9d7f-4b09-b509-6ab5b6a2e199"}
{"timestamp":"2026-10-07T01:03:31.918Z","category":"Event","message":"event_created","tenantId":"74ce6eb1-f7ac-4bd0-a658-7ddb0559987a","actorUserId":"efac4d2b-2611-436f-821b-b97a73665908","eventId":"e41d4ba8-0b80-41d6-9dfb-830188f76d66","eventType":"vehicle_assignment.inspection_expired","aggregateType":"vehicle_assignment","aggregateId":"78ca65ad-c4b3-4a38-9a4d-8e647d53b2de"}
{"timestamp":"2026-10-07T01:03:31.918Z","category":"Audit","message":"audit_log_created","tenantId":"74ce6eb1-f7ac-4bd0-a658-7ddb0559987a","actorUserId":"efac4d2b-2611-436f-821b-b97a73665908","action":"mobilization_expiration.scan","entityType":"vehicle_assignment","entityId":"78ca65ad-c4b3-4a38-9a4d-8e647d53b2de"}
{"timestamp":"2026-10-07T01:03:31.924Z","category":"Event","message":"event_created","tenantId":"74ce6eb1-f7ac-4bd0-a658-7ddb0559987a","actorUserId":"efac4d2b-2611-436f-821b-b97a73665908","eventId":"bd4e45fc-aaa5-4597-af4f-1c9a7d1a7db8","eventType":"mobilization_readiness.changed","aggregateType":"mobilization_readiness","aggregateId":"ffc3e72c-403d-44ec-8b29-5072f60b81a9"}
{"timestamp":"2026-10-07T01:03:31.924Z","category":"Audit","message":"audit_log_created","tenantId":"74ce6eb1-f7ac-4bd0-a658-7ddb0559987a","actorUserId":"efac4d2b-2611-436f-821b-b97a73665908","action":"mobilization_readiness.source_event_invalidate","entityType":"mobilization_readiness","entityId":"ffc3e72c-403d-44ec-8b29-5072f60b81a9"}
{"timestamp":"2026-10-07T01:03:31.927Z","category":"Event","message":"event_created","tenantId":"74ce6eb1-f7ac-4bd0-a658-7ddb0559987a","actorUserId":"efac4d2b-2611-436f-821b-b97a73665908","eventId":"196e748f-cd16-4ea4-b552-6f03610db12e","eventType":"mobilization_override.expired","aggregateType":"mobilization_override","aggregateId":"9b43aa4d-10e0-4f0a-b381-5dbb7a6adc86"}
{"timestamp":"2026-10-07T01:03:31.927Z","category":"Audit","message":"audit_log_created","tenantId":"74ce6eb1-f7ac-4bd0-a658-7ddb0559987a","actorUserId":"efac4d2b-2611-436f-821b-b97a73665908","action":"mobilization_expiration.scan","entityType":"mobilization_override","entityId":"9b43aa4d-10e0-4f0a-b381-5dbb7a6adc86"}
{"timestamp":"2026-10-07T01:03:31.932Z","category":"Event","message":"event_created","tenantId":"74ce6eb1-f7ac-4bd0-a658-7ddb0559987a","actorUserId":"efac4d2b-2611-436f-821b-b97a73665908","eventId":"3d76f85a-c0c6-4ea4-9a59-052c9866233c","eventType":"mobilization_readiness.changed","aggregateType":"mobilization_readiness","aggregateId":"cebf6e6c-4709-4273-b51a-a44ba67b43a3"}
{"timestamp":"2026-10-07T01:03:31.932Z","category":"Audit","message":"audit_log_created","tenantId":"74ce6eb1-f7ac-4bd0-a658-7ddb0559987a","actorUserId":"efac4d2b-2611-436f-821b-b97a73665908","action":"mobilization_readiness.source_event_invalidate","entityType":"mobilization_readiness","entityId":"cebf6e6c-4709-4273-b51a-a44ba67b43a3"}
{"timestamp":"2026-10-07T01:03:31.935Z","category":"Event","message":"event_created","tenantId":"74ce6eb1-f7ac-4bd0-a658-7ddb0559987a","actorUserId":"efac4d2b-2611-436f-821b-b97a73665908","eventId":"ff078233-f2fe-410c-bb7d-e12b84477934","eventType":"mobilization_decision.expired","aggregateType":"mobilization_decision","aggregateId":"17a43e02-23f1-42ad-a74e-32b6adc3e840"}
{"timestamp":"2026-10-07T01:03:31.935Z","category":"Audit","message":"audit_log_created","tenantId":"74ce6eb1-f7ac-4bd0-a658-7ddb0559987a","actorUserId":"efac4d2b-2611-436f-821b-b97a73665908","action":"mobilization_expiration.scan","entityType":"mobilization_decision","entityId":"17a43e02-23f1-42ad-a74e-32b6adc3e840"}
{"timestamp":"2026-10-07T01:03:31.940Z","category":"Event","message":"event_created","tenantId":"74ce6eb1-f7ac-4bd0-a658-7ddb0559987a","actorUserId":"efac4d2b-2611-436f-821b-b97a73665908","eventId":"8ce15b1a-6156-4da6-afe4-df9d1d979f96","eventType":"mobilization_readiness.changed","aggregateType":"mobilization_readiness","aggregateId":"e822ed7f-1730-488e-9f15-26d5a8f7b38c"}
{"timestamp":"2026-10-07T01:03:31.940Z","category":"Audit","message":"audit_log_created","tenantId":"74ce6eb1-f7ac-4bd0-a658-7ddb0559987a","actorUserId":"efac4d2b-2611-436f-821b-b97a73665908","action":"mobilization_readiness.source_event_invalidate","entityType":"mobilization_readiness","entityId":"e822ed7f-1730-488e-9f15-26d5a8f7b38c"}
{"timestamp":"2026-10-07T01:03:31.954Z","category":"Event","message":"event_created","tenantId":"74ce6eb1-f7ac-4bd0-a658-7ddb0559987a","actorUserId":"efac4d2b-2611-436f-821b-b97a73665908","eventId":"ffccdcf4-d5ce-4a95-83c2-461ae0e2a0f9","eventType":"partner_insurance_policy.expired","aggregateType":"partner_insurance_policy","aggregateId":"129a6de2-ae77-4ac5-b698-1c2cb2f570f9"}
{"timestamp":"2026-10-07T01:03:31.955Z","category":"Audit","message":"audit_log_created","tenantId":"74ce6eb1-f7ac-4bd0-a658-7ddb0559987a","actorUserId":"efac4d2b-2611-436f-821b-b97a73665908","action":"mobilization_expiration.scan","entityType":"partner_insurance_policy","entityId":"129a6de2-ae77-4ac5-b698-1c2cb2f570f9"}
{"timestamp":"2026-10-07T01:03:31.957Z","category":"Event","message":"event_created","tenantId":"74ce6eb1-f7ac-4bd0-a658-7ddb0559987a","actorUserId":"efac4d2b-2611-436f-821b-b97a73665908","eventId":"a166afe6-ce2f-4888-9331-b6d87c7a2a24","eventType":"worker_credential.expired","aggregateType":"worker_credential","aggregateId":"1ac73843-9d7f-4b09-b509-6ab5b6a2e199"}
{"timestamp":"2026-10-07T01:03:31.958Z","category":"Audit","message":"audit_log_created","tenantId":"74ce6eb1-f7ac-4bd0-a658-7ddb0559987a","actorUserId":"efac4d2b-2611-436f-821b-b97a73665908","action":"mobilization_expiration.scan","entityType":"worker_credential","entityId":"1ac73843-9d7f-4b09-b509-6ab5b6a2e199"}
{"timestamp":"2026-10-07T01:03:31.960Z","category":"Event","message":"event_created","tenantId":"74ce6eb1-f7ac-4bd0-a658-7ddb0559987a","actorUserId":"efac4d2b-2611-436f-821b-b97a73665908","eventId":"aef2bb6e-0d19-475c-b557-3c3328286729","eventType":"worker_credential.expired","aggregateType":"worker_credential","aggregateId":"1ac73843-9d7f-4b09-b509-6ab5b6a2e199"}
{"timestamp":"2026-10-07T01:03:31.961Z","category":"Audit","message":"audit_log_created","tenantId":"74ce6eb1-f7ac-4bd0-a658-7ddb0559987a","actorUserId":"efac4d2b-2611-436f-821b-b97a73665908","action":"mobilization_expiration.scan","entityType":"worker_credential","entityId":"1ac73843-9d7f-4b09-b509-6ab5b6a2e199"}
{"timestamp":"2026-10-07T01:03:31.963Z","category":"Event","message":"event_created","tenantId":"74ce6eb1-f7ac-4bd0-a658-7ddb0559987a","actorUserId":"efac4d2b-2611-436f-821b-b97a73665908","eventId":"e21ddfa2-05cb-4c7a-8002-de17c84c295e","eventType":"vehicle_assignment.inspection_expired","aggregateType":"vehicle_assignment","aggregateId":"78ca65ad-c4b3-4a38-9a4d-8e647d53b2de"}
{"timestamp":"2026-10-07T01:03:31.964Z","category":"Audit","message":"audit_log_created","tenantId":"74ce6eb1-f7ac-4bd0-a658-7ddb0559987a","actorUserId":"efac4d2b-2611-436f-821b-b97a73665908","action":"mobilization_expiration.scan","entityType":"vehicle_assignment","entityId":"78ca65ad-c4b3-4a38-9a4d-8e647d53b2de"}
  ✓  637 [chromium] › tests/e2e/partner-mobilization-readiness.spec.ts:291:7 › P6 Partner mobilization readiness and Notice to Proceed › scheduled expiration scan invalidates time-based sources and is idempotent (217ms)
  ✓  638 [chromium] › tests/e2e/partner-mobilization-readiness.spec.ts:335:7 › P6 Partner mobilization readiness and Notice to Proceed › duplicate and older source-event replay does not duplicate or restore authorization (120ms)
  ✓  639 [chromium] › tests/e2e/partner-performance-capacity.spec.ts:34:7 › P14 Partner performance, reputation, and capacity intelligence › recalculation creates one explainable versioned score snapshot and is idempotent (50ms)
  ✓  640 [chromium] › tests/e2e/partner-performance-capacity.spec.ts:50:7 › P14 Partner performance, reputation, and capacity intelligence › Daily Report timeliness uses operational timezone and leaves missing timezone unevaluated (177ms)
  ✓  641 [chromium] › tests/e2e/partner-performance-capacity.spec.ts:77:7 › P14 Partner performance, reputation, and capacity intelligence › quality, sample size, mixed units, and critical risk stay separate and explainable (34ms)
  ✓  642 [chromium] › tests/e2e/partner-performance-capacity.spec.ts:97:7 › P14 Partner performance, reputation, and capacity intelligence › capacity intelligence distinguishes verified ready capacity from unverified stated capacity (96ms)
  ✓  643 [chromium] › tests/e2e/partner-performance-capacity.spec.ts:115:7 › P14 Partner performance, reputation, and capacity intelligence › run-once scheduled scan is locked, idempotent, and time-sensitive for capacity horizons and critical risk (67ms)
  ✓  644 [chromium] › tests/e2e/partner-performance-capacity.spec.ts:135:7 › P14 Partner performance, reputation, and capacity intelligence › Partner Admin sees only own safe scorecard; Foreman and cross-tenant access are denied (24ms)
  ✓  645 [chromium] › tests/e2e/partner-personas-permissions.spec.ts:48:7 › P2 Partner personas, permissions, and route visibility › authentication and role gates deny unauthenticated, inactive membership, and no-role users (21ms)
  ✓  646 [chromium] › tests/e2e/partner-personas-permissions.spec.ts:76:7 › P2 Partner personas, permissions, and route visibility › authorized internal user assigns Partner Admin and Partner Foreman only to Partner Organizations (79ms)
  ✓  647 [chromium] › tests/e2e/partner-personas-permissions.spec.ts:133:7 › P2 Partner personas, permissions, and route visibility › Partner context resolves safe persona, organization, actions, and route visibility (46ms)
  ✓  648 [chromium] › tests/e2e/partner-personas-permissions.spec.ts:155:7 › P2 Partner personas, permissions, and route visibility › Partner users cannot broaden organization scope through headers, query, body, or guessed IDs (29ms)
  ✓  649 [chromium] › tests/e2e/partner-personas-permissions.spec.ts:175:7 › P2 Partner personas, permissions, and route visibility › Partner users cannot access internal routes or P1 classification mutation (26ms)
  ✓  650 [chromium] › tests/e2e/partner-personas-permissions.spec.ts:190:7 › P2 Partner personas, permissions, and route visibility › cross-tenant Partner users and capacity-provider guesses are denied (11ms)
  ✓  651 [chromium] › tests/e2e/partner-personas-permissions.spec.ts:203:7 › P2 Partner personas, permissions, and route visibility › role revocation and tenant membership deactivation revoke Partner context immediately (37ms)
  ✓  652 [chromium] › tests/e2e/partner-personas-permissions.spec.ts:228:7 › P2 Partner personas, permissions, and route visibility › multiple active Partner organization scopes are blocked instead of selectable (20ms)
  ✓  653 [chromium] › tests/e2e/partner-portal-shell.spec.ts:43:7 › P7 Partner Portal shell › Partner Admin enters dashboard with safe P1-P6 operational summary (966ms)
  ✓  654 [chromium] › tests/e2e/partner-portal-shell.spec.ts:79:7 › P7 Partner Portal shell › Partner Admin workspaces expose safe company, workforce, agreement, vehicle, and mobilization views (2.1s)
  ✓  655 [chromium] › tests/e2e/partner-portal-shell.spec.ts:120:7 › P7 Partner Portal shell › Partner Foreman receives field-focused navigation and no company-sensitive workspaces (1.5s)
  ✓  656 [chromium] › tests/e2e/partner-portal-shell.spec.ts:153:7 › P7 Partner Portal shell › guessed IDs and cross-Partner scope do not broaden Partner Portal access (1.2s)
  ✓  657 [chromium] › tests/e2e/partner-portal-shell.spec.ts:172:7 › P7 Partner Portal shell › Partner and SyncField shells reach terminal UI states without browser dialogs or client organization scope (1.4s)
  ✓  658 [chromium] › tests/e2e/partner-workforce-credentials.spec.ts:38:7 › P4 Partner crews, workers, credentials, and secure headshots › Partner Admin creates own Workers but cannot cross Partner scope or self-approve (127ms)
  ✓  659 [chromium] › tests/e2e/partner-workforce-credentials.spec.ts:72:7 › P4 Partner crews, workers, credentials, and secure headshots › Headshot upload stores actual bytes and enforces tenant, Partner, and persona authorization (164ms)
  ✓  660 [chromium] › tests/e2e/partner-workforce-credentials.spec.ts:110:7 › P4 Partner crews, workers, credentials, and secure headshots › Credentials are Partner-scoped, review-only internally, and readiness blocks on unverified or expired required credentials (237ms)
  ✓  661 [chromium] › tests/e2e/partner-workforce-credentials.spec.ts:142:7 › P4 Partner crews, workers, credentials, and secure headshots › Crews preserve membership history, foreman links gate Foreman roster/headshot access, and readiness is derived (552ms)
  ✓  662 [chromium] › tests/e2e/partner-workforce-credentials.spec.ts:183:7 › P4 Partner crews, workers, credentials, and secure headshots › events and audit payloads omit restricted PII and file storage details (154ms)
{"timestamp":"2026-10-07T01:03:42.997Z","category":"Event","message":"event_created","tenantId":"d09ecec6-2077-4a1b-aeb7-9f809604eb6b","actorUserId":"a0ed1af4-9647-475c-849e-d7191382ad5d","eventId":"a92edd2e-ff60-4c39-bdb0-bfda9c21d1b1","eventType":"contractor_payable.eligibility_changed","aggregateType":"contractor_payable","aggregateId":"b171ac69-a7d1-45e0-bcab-4e8fdcfe1aca"}
{"timestamp":"2026-10-07T01:03:43.000Z","category":"Audit","message":"audit_log_created","tenantId":"d09ecec6-2077-4a1b-aeb7-9f809604eb6b","actorUserId":"a0ed1af4-9647-475c-849e-d7191382ad5d","action":"contractor_payable.eligibility_changed","entityType":"contractor_payable","entityId":"b171ac69-a7d1-45e0-bcab-4e8fdcfe1aca"}
  ✓  663 [chromium] › tests/e2e/payment-retainage-adjustments.spec.ts:39:7 › P13 payment, retainage, and controlled financial adjustments › eligible Contractor Payable creates, submits, and confirms one Partner payment instruction (248ms)
  ✓  664 [chromium] › tests/e2e/payment-retainage-adjustments.spec.ts:79:7 › P13 payment, retainage, and controlled financial adjustments › failed provider attempt preserves history and releases in-flight amount for retry (119ms)
  ✓  665 [chromium] › tests/e2e/payment-retainage-adjustments.spec.ts:97:7 › P13 payment, retainage, and controlled financial adjustments › retainage release creates separate payable and preserves original retained history (309ms)
  ✓  666 [chromium] › tests/e2e/payment-retainage-adjustments.spec.ts:143:7 › P13 payment, retainage, and controlled financial adjustments › controlled adjustment preserves issued invoice and Partner payment view remains scoped and redacted (60ms)
{"timestamp":"2026-10-07T01:03:44.063Z","category":"Event","message":"event_created","tenantId":"26be2f7f-374b-4b8e-8d7a-230827290fd6","actorUserId":"ae30900a-a642-4d44-8234-3ace57fda243","eventId":"144da0a8-83cf-406b-8b57-3bf44a2e92c8","eventType":"contractor_payable.eligibility_changed","aggregateType":"contractor_payable","aggregateId":"991516c1-7047-4875-8dce-88411e09b98e"}
{"timestamp":"2026-10-07T01:03:44.065Z","category":"Audit","message":"audit_log_created","tenantId":"26be2f7f-374b-4b8e-8d7a-230827290fd6","actorUserId":"ae30900a-a642-4d44-8234-3ace57fda243","action":"contractor_payable.eligibility_changed","entityType":"contractor_payable","entityId":"991516c1-7047-4875-8dce-88411e09b98e"}
  ✓  667 [chromium] › tests/e2e/payment-retainage-adjustments.spec.ts:307:5 › external payment records are idempotent, evidence-backed, and serialized against concurrent overpayment (460ms)
{"timestamp":"2026-10-07T01:03:44.538Z","category":"Event","message":"event_created","tenantId":"486e5698-bcf4-4822-8ae9-d1094b246846","actorUserId":"50a7d75e-3914-433f-af92-37587ce7fb50","eventId":"6b4e1971-4e72-460e-b817-8f71fb78a678","eventType":"contractor_payable.eligibility_changed","aggregateType":"contractor_payable","aggregateId":"173bb4fc-5928-401f-b129-b4bcb55942d2"}
{"timestamp":"2026-10-07T01:03:44.540Z","category":"Audit","message":"audit_log_created","tenantId":"486e5698-bcf4-4822-8ae9-d1094b246846","actorUserId":"50a7d75e-3914-433f-af92-37587ce7fb50","action":"contractor_payable.eligibility_changed","entityType":"contractor_payable","entityId":"173bb4fc-5928-401f-b129-b4bcb55942d2"}
  ✓  668 [chromium] › tests/e2e/payment-retainage-adjustments.spec.ts:345:5 › competing pending retainage authorizations cannot exceed the remaining balance (529ms)
{"timestamp":"2026-10-07T01:03:45.078Z","category":"Event","message":"event_created","tenantId":"eecfd488-a04c-4c5a-8f5b-4b7404d25cb3","actorUserId":"0654014e-5683-483c-9feb-18b3b4aae823","eventId":"cedcb6d9-9d6d-4edd-a988-d46891d99335","eventType":"contractor_payable.eligibility_changed","aggregateType":"contractor_payable","aggregateId":"a10e4341-df72-4d0d-8566-2f461369237d"}
{"timestamp":"2026-10-07T01:03:45.080Z","category":"Audit","message":"audit_log_created","tenantId":"eecfd488-a04c-4c5a-8f5b-4b7404d25cb3","actorUserId":"0654014e-5683-483c-9feb-18b3b4aae823","action":"contractor_payable.eligibility_changed","entityType":"contractor_payable","entityId":"a10e4341-df72-4d0d-8566-2f461369237d"}
  ✓  669 [chromium] › tests/e2e/payment-retainage-adjustments.spec.ts:366:5 › payment advancement rejects unverified agreements and duplicate payable exposure (315ms)
{"timestamp":"2026-10-07T01:03:45.507Z","category":"Event","message":"event_created","tenantId":"76af15d5-d877-4810-b0ce-e91d8a00c9bd","actorUserId":"fd44e3f0-8cec-4dd8-89ca-e1f2e304c9a2","eventId":"f8b8850e-c4de-463c-997c-b01758c1c3e0","eventType":"contractor_payable.eligibility_changed","aggregateType":"contractor_payable","aggregateId":"e857ce7b-a571-48bf-adba-772d60e52ba5"}
{"timestamp":"2026-10-07T01:03:45.510Z","category":"Audit","message":"audit_log_created","tenantId":"76af15d5-d877-4810-b0ce-e91d8a00c9bd","actorUserId":"fd44e3f0-8cec-4dd8-89ca-e1f2e304c9a2","action":"contractor_payable.eligibility_changed","entityType":"contractor_payable","entityId":"e857ce7b-a571-48bf-adba-772d60e52ba5"}
  ✓  670 [chromium] › tests/e2e/payment-retainage-adjustments.spec.ts:383:5 › finance review UI retains unmatched observations without posting payments and hides controls from foremen (1.3s)
{"timestamp":"2026-10-07T01:03:47.128Z","category":"Event","message":"event_created","tenantId":"e8f5211e-e6bd-41f3-8ad3-71ba4f4c51d7","actorUserId":"0b7da56b-1d34-491b-a4d2-6c2ffc4896fe","eventId":"c7075169-3196-4de5-9bb1-e667bd922046","eventType":"contractor_payable.eligibility_changed","aggregateType":"contractor_payable","aggregateId":"6ac1bd0c-8ae8-4b22-8c93-5d73f43d8323"}
{"timestamp":"2026-10-07T01:03:47.131Z","category":"Audit","message":"audit_log_created","tenantId":"e8f5211e-e6bd-41f3-8ad3-71ba4f4c51d7","actorUserId":"0b7da56b-1d34-491b-a4d2-6c2ffc4896fe","action":"contractor_payable.eligibility_changed","entityType":"contractor_payable","entityId":"6ac1bd0c-8ae8-4b22-8c93-5d73f43d8323"}
{"timestamp":"2026-10-07T01:03:47.157Z","category":"Event","message":"event_created","tenantId":"e8f5211e-e6bd-41f3-8ad3-71ba4f4c51d7","actorUserId":"0b7da56b-1d34-491b-a4d2-6c2ffc4896fe","eventId":"a65927e3-17c5-451f-9559-31d15571899a","eventType":"passport.posting_rehearsed","aggregateType":"passport","aggregateId":"901a56b7-288a-4e79-b666-ff6f82e3a96f"}
{"timestamp":"2026-10-07T01:03:47.159Z","category":"Audit","message":"audit_log_created","tenantId":"e8f5211e-e6bd-41f3-8ad3-71ba4f4c51d7","actorUserId":"0b7da56b-1d34-491b-a4d2-6c2ffc4896fe","action":"passport.posting_rehearsed","entityType":"passport_connection","entityId":"901a56b7-288a-4e79-b666-ff6f82e3a96f"}
{"timestamp":"2026-10-07T01:03:47.239Z","category":"Event","message":"event_created","tenantId":"e8f5211e-e6bd-41f3-8ad3-71ba4f4c51d7","actorUserId":"0b7da56b-1d34-491b-a4d2-6c2ffc4896fe","eventId":"79bcf7a4-af91-471f-a951-35b4832688b5","eventType":"passport.posting_rehearsed","aggregateType":"passport","aggregateId":"901a56b7-288a-4e79-b666-ff6f82e3a96f"}
{"timestamp":"2026-10-07T01:03:47.240Z","category":"Audit","message":"audit_log_created","tenantId":"e8f5211e-e6bd-41f3-8ad3-71ba4f4c51d7","actorUserId":"0b7da56b-1d34-491b-a4d2-6c2ffc4896fe","action":"passport.posting_rehearsed","entityType":"passport_connection","entityId":"901a56b7-288a-4e79-b666-ff6f82e3a96f"}
{"timestamp":"2026-10-07T01:03:47.240Z","category":"Event","message":"event_created","tenantId":"e8f5211e-e6bd-41f3-8ad3-71ba4f4c51d7","actorUserId":"0b7da56b-1d34-491b-a4d2-6c2ffc4896fe","eventId":"462b11c7-5850-4565-a758-47c5953c9828","eventType":"partner_payment.external_recorded","aggregateType":"external_partner_payment","aggregateId":"34cd2f1c-08ce-469a-88b7-003c58256e8d"}
{"timestamp":"2026-10-07T01:03:47.241Z","category":"Audit","message":"audit_log_created","tenantId":"e8f5211e-e6bd-41f3-8ad3-71ba4f4c51d7","actorUserId":"0b7da56b-1d34-491b-a4d2-6c2ffc4896fe","action":"partner_payment.external_recorded","entityType":"external_partner_payment","entityId":"34cd2f1c-08ce-469a-88b7-003c58256e8d"}
{"timestamp":"2026-10-07T01:03:47.254Z","category":"Event","message":"event_created","tenantId":"e8f5211e-e6bd-41f3-8ad3-71ba4f4c51d7","actorUserId":"0b7da56b-1d34-491b-a4d2-6c2ffc4896fe","eventId":"d2eed9ff-0387-4946-9109-ba0622fe87f6","eventType":"passport.posting_rehearsed","aggregateType":"passport","aggregateId":"901a56b7-288a-4e79-b666-ff6f82e3a96f"}
{"timestamp":"2026-10-07T01:03:47.256Z","category":"Audit","message":"audit_log_created","tenantId":"e8f5211e-e6bd-41f3-8ad3-71ba4f4c51d7","actorUserId":"0b7da56b-1d34-491b-a4d2-6c2ffc4896fe","action":"passport.posting_rehearsed","entityType":"passport_connection","entityId":"901a56b7-288a-4e79-b666-ff6f82e3a96f"}
{"timestamp":"2026-10-07T01:03:47.262Z","category":"Event","message":"event_created","tenantId":"e8f5211e-e6bd-41f3-8ad3-71ba4f4c51d7","actorUserId":"0b7da56b-1d34-491b-a4d2-6c2ffc4896fe","eventId":"690b7e11-2cd4-492d-b21b-2f3913a7c705","eventType":"passport.posting_rehearsed","aggregateType":"passport","aggregateId":"901a56b7-288a-4e79-b666-ff6f82e3a96f"}
{"timestamp":"2026-10-07T01:03:47.262Z","category":"Audit","message":"audit_log_created","tenantId":"e8f5211e-e6bd-41f3-8ad3-71ba4f4c51d7","actorUserId":"0b7da56b-1d34-491b-a4d2-6c2ffc4896fe","action":"passport.posting_rehearsed","entityType":"passport_connection","entityId":"901a56b7-288a-4e79-b666-ff6f82e3a96f"}
{"timestamp":"2026-10-07T01:03:47.332Z","category":"Event","message":"event_created","tenantId":"e8f5211e-e6bd-41f3-8ad3-71ba4f4c51d7","actorUserId":"0b7da56b-1d34-491b-a4d2-6c2ffc4896fe","eventId":"640f6dba-5589-4b70-ba7f-c8c03db68ac8","eventType":"passport.posting_rehearsed","aggregateType":"passport","aggregateId":"901a56b7-288a-4e79-b666-ff6f82e3a96f"}
{"timestamp":"2026-10-07T01:03:47.333Z","category":"Audit","message":"audit_log_created","tenantId":"e8f5211e-e6bd-41f3-8ad3-71ba4f4c51d7","actorUserId":"0b7da56b-1d34-491b-a4d2-6c2ffc4896fe","action":"passport.posting_rehearsed","entityType":"passport_connection","entityId":"901a56b7-288a-4e79-b666-ff6f82e3a96f"}
{"timestamp":"2026-10-07T01:03:47.334Z","category":"Event","message":"event_created","tenantId":"e8f5211e-e6bd-41f3-8ad3-71ba4f4c51d7","actorUserId":"0b7da56b-1d34-491b-a4d2-6c2ffc4896fe","eventId":"209ff7ef-a365-49be-8a3c-9d85c484a25f","eventType":"partner_payment.external_recorded","aggregateType":"external_partner_payment","aggregateId":"bd2648a4-f2b7-46eb-add1-31ea976b2e3e"}
{"timestamp":"2026-10-07T01:03:47.335Z","category":"Audit","message":"audit_log_created","tenantId":"e8f5211e-e6bd-41f3-8ad3-71ba4f4c51d7","actorUserId":"0b7da56b-1d34-491b-a4d2-6c2ffc4896fe","action":"partner_payment.external_recorded","entityType":"external_partner_payment","entityId":"bd2648a4-f2b7-46eb-add1-31ea976b2e3e"}
{"timestamp":"2026-10-07T01:03:47.502Z","category":"Event","message":"event_created","tenantId":"c333ad43-ee75-4d18-8cc7-101b2b5d788f","actorUserId":"5da48502-b405-44db-9c17-90dd8c490de3","eventId":"740a8823-9b0b-43b8-9f64-b79871c2ca16","eventType":"contractor_payable.eligibility_changed","aggregateType":"contractor_payable","aggregateId":"a03f11ef-0116-4d57-adc9-2cda596cb5fc"}
{"timestamp":"2026-10-07T01:03:47.505Z","category":"Audit","message":"audit_log_created","tenantId":"c333ad43-ee75-4d18-8cc7-101b2b5d788f","actorUserId":"5da48502-b405-44db-9c17-90dd8c490de3","action":"contractor_payable.eligibility_changed","entityType":"contractor_payable","entityId":"a03f11ef-0116-4d57-adc9-2cda596cb5fc"}
{"timestamp":"2026-10-07T01:03:47.565Z","category":"Event","message":"event_created","tenantId":"c333ad43-ee75-4d18-8cc7-101b2b5d788f","actorUserId":"5da48502-b405-44db-9c17-90dd8c490de3","eventId":"1fb3ca1e-4484-4410-ad28-854789b8246f","eventType":"passport.posting_rehearsed","aggregateType":"passport","aggregateId":"4ca15523-ef28-4055-9a4b-19ce38ded665"}
{"timestamp":"2026-10-07T01:03:47.566Z","category":"Audit","message":"audit_log_created","tenantId":"c333ad43-ee75-4d18-8cc7-101b2b5d788f","actorUserId":"5da48502-b405-44db-9c17-90dd8c490de3","action":"passport.posting_rehearsed","entityType":"passport_connection","entityId":"4ca15523-ef28-4055-9a4b-19ce38ded665"}
{"timestamp":"2026-10-07T01:03:47.567Z","category":"Event","message":"event_created","tenantId":"c333ad43-ee75-4d18-8cc7-101b2b5d788f","actorUserId":"5da48502-b405-44db-9c17-90dd8c490de3","eventId":"42a09e0a-605f-4634-afe3-bf657735b64f","eventType":"partner_payment.external_recorded","aggregateType":"external_partner_payment","aggregateId":"5601823f-8952-42d3-838f-983e8804dafd"}
{"timestamp":"2026-10-07T01:03:47.568Z","category":"Audit","message":"audit_log_created","tenantId":"c333ad43-ee75-4d18-8cc7-101b2b5d788f","actorUserId":"5da48502-b405-44db-9c17-90dd8c490de3","action":"partner_payment.external_recorded","entityType":"external_partner_payment","entityId":"5601823f-8952-42d3-838f-983e8804dafd"}
{"timestamp":"2026-10-07T01:03:47.577Z","category":"Event","message":"event_created","tenantId":"c333ad43-ee75-4d18-8cc7-101b2b5d788f","actorUserId":"5da48502-b405-44db-9c17-90dd8c490de3","eventId":"ef9ec508-5667-4be3-ba8d-ced7f2b0ef1c","eventType":"passport.posting_rehearsed","aggregateType":"passport","aggregateId":"4ca15523-ef28-4055-9a4b-19ce38ded665"}
{"timestamp":"2026-10-07T01:03:47.578Z","category":"Audit","message":"audit_log_created","tenantId":"c333ad43-ee75-4d18-8cc7-101b2b5d788f","actorUserId":"5da48502-b405-44db-9c17-90dd8c490de3","action":"passport.posting_rehearsed","entityType":"passport_connection","entityId":"4ca15523-ef28-4055-9a4b-19ce38ded665"}
  ✓  671 [chromium] › tests/e2e/payment-retainage-adjustments.spec.ts:410:5 › prepared normalized posting persists partials once and retains exceptions without rewriting payments (1.1s)
  ✓  672 [chromium] › tests/e2e/persona-visibility.spec.ts:6:7 › Persona visibility smoke › system admin can see major governed navigation areas (730ms)
  ✓  673 [chromium] › tests/e2e/persona-visibility.spec.ts:14:7 › Persona visibility smoke › finance user can open finance workspaces (949ms)
  ✓  674 [chromium] › tests/e2e/persona-visibility.spec.ts:24:7 › Persona visibility smoke › operations user can open execution workspaces (890ms)
  ✓  675 [chromium] › tests/e2e/persona-visibility.spec.ts:34:7 › Persona visibility smoke › read-only auditor does not receive create permissions in stored persona state (909ms)
  ✓  676 [chromium] › tests/e2e/personas/minimum-personas.spec.ts:17:7 › Minimum persona permission certification › system admin has broad workspace and action visibility (1.6s)
  ✓  677 [chromium] › tests/e2e/personas/minimum-personas.spec.ts:30:7 › Minimum persona permission certification › operations manager can read execution but backend denies finance mutation (858ms)
  ✓  678 [chromium] › tests/e2e/personas/minimum-personas.spec.ts:41:7 › Minimum persona permission certification › finance user can read finance workspaces and lacks production mutation permissions (1.1s)
  ✓  679 [chromium] › tests/e2e/personas/minimum-personas.spec.ts:54:7 › Minimum persona permission certification › read-only auditor can read but cannot create or mutate (1.0s)
  ✓  680 [chromium] › tests/e2e/production-readiness.spec.ts:42:7 › P17 production readiness release-candidate acceptance › onboarding to mobilization facts are scoped and canonical (4ms)
  ✓  681 [chromium] › tests/e2e/production-readiness.spec.ts:58:7 › P17 production readiness release-candidate acceptance › field-day and offline operating envelope preserve submitted production exactly once (8ms)
  ✓  682 [chromium] › tests/e2e/production-readiness.spec.ts:68:7 › P17 production readiness release-candidate acceptance › Customer QC, correction, reinspection, and accepted quantity remain lineage-safe (7ms)
  ✓  683 [chromium] › tests/e2e/production-readiness.spec.ts:90:7 › P17 production readiness release-candidate acceptance › billing, cash, payable, and executive finance KPIs keep Customer AR separate from Partner AP (104ms)
  ✓  684 [chromium] › tests/e2e/production-readiness.spec.ts:100:7 › P17 production readiness release-candidate acceptance › historical payable without accepted-work settlement items cannot advance to payment (24ms)
  ✓  685 [chromium] › tests/e2e/production-readiness.spec.ts:109:7 › P17 production readiness release-candidate acceptance › performance, opportunity matching, and command intelligence are recommendation-only (117ms)
  ✓  686 [chromium] › tests/e2e/production-readiness.spec.ts:121:7 › P17 production readiness release-candidate acceptance › generic-route bypass and cross-tenant attacks are denied (119ms)
  ✓  687 [chromium] › tests/e2e/production-readiness.spec.ts:137:7 › P17 production readiness release-candidate acceptance › Partner Foreman has no finance, ranking, Command Center, or sensitive data access (46ms)
  ✓  688 [chromium] › tests/e2e/production-readiness.spec.ts:147:7 › P17 production readiness release-candidate acceptance › Partner Admin cannot see competitor intelligence or internal command data (32ms)
  ✓  689 [chromium] › tests/e2e/production-readiness.spec.ts:156:7 › P17 production readiness release-candidate acceptance › critical drill-through routes enforce each internal release user's permissions (1.3s)
  ✓  690 [chromium] › tests/e2e/production-readiness.spec.ts:181:7 › P17 production readiness release-candidate acceptance › scheduler/idempotency and sensitive-payload release checks hold (89ms)
  ✓  691 [chromium] › tests/e2e/qc-create-capabilities.spec.ts:36:7 › QC create supported advanced capabilities › named selections and structured reasons persist without approving the review (1.1s)
  ✓  692 [chromium] › tests/e2e/qc-create-capabilities.spec.ts:93:7 › QC create supported advanced capabilities › QC Manager findings request corrections without accepting or billing production (1.4s)
  ✓  693 [chromium] › tests/e2e/qc-create-capabilities.spec.ts:130:7 › QC create supported advanced capabilities › read-only actor cannot enumerate create choices or create a review (21ms)
  ✓  694 [chromium] › tests/e2e/route-matrix.spec.ts:11:9 › Browser E2E route matrix › Growth / Intelligence: /intelligence (928ms)
  ✓  695 [chromium] › tests/e2e/route-matrix.spec.ts:11:9 › Browser E2E route matrix › Growth / Intelligence: /intelligence/signals (766ms)
  ✓  696 [chromium] › tests/e2e/route-matrix.spec.ts:11:9 › Browser E2E route matrix › Growth / Intelligence: /intelligence/signals/a0d4da94-a197-538f-ba6c-371154494228 (712ms)
  ✓  697 [chromium] › tests/e2e/route-matrix.spec.ts:11:9 › Browser E2E route matrix › Growth / Intelligence: /intelligence/account-onboarding (1.2s)
  ✓  698 [chromium] › tests/e2e/route-matrix.spec.ts:11:9 › Browser E2E route matrix › Growth / Intelligence: /intelligence/organizations (852ms)
  ✓  699 [chromium] › tests/e2e/route-matrix.spec.ts:11:9 › Browser E2E route matrix › Growth / Intelligence: /intelligence/organizations/new (859ms)
  ✓  700 [chromium] › tests/e2e/route-matrix.spec.ts:11:9 › Browser E2E route matrix › Growth / Intelligence: /intelligence/organizations/432e658f-4058-51e2-bd24-f0b644f431a5 (943ms)
  ✓  701 [chromium] › tests/e2e/route-matrix.spec.ts:11:9 › Browser E2E route matrix › Growth / Intelligence: /intelligence/organizations/432e658f-4058-51e2-bd24-f0b644f431a5/edit (980ms)
  ✓  702 [chromium] › tests/e2e/route-matrix.spec.ts:11:9 › Browser E2E route matrix › Growth / Intelligence: /intelligence/contacts (984ms)
  ✓  703 [chromium] › tests/e2e/route-matrix.spec.ts:11:9 › Browser E2E route matrix › Growth / Intelligence: /intelligence/contacts/new (965ms)
  ✓  704 [chromium] › tests/e2e/route-matrix.spec.ts:11:9 › Browser E2E route matrix › Growth / Intelligence: /intelligence/contacts/44210d51-0251-5c85-a581-5149f269f21a (844ms)
  ✓  705 [chromium] › tests/e2e/route-matrix.spec.ts:11:9 › Browser E2E route matrix › Growth / Intelligence: /intelligence/contacts/44210d51-0251-5c85-a581-5149f269f21a/edit (905ms)
  ✓  706 [chromium] › tests/e2e/route-matrix.spec.ts:11:9 › Browser E2E route matrix › Growth / Intelligence: /intelligence/relationship-maps (927ms)
  ✓  707 [chromium] › tests/e2e/route-matrix.spec.ts:11:9 › Browser E2E route matrix › Growth / Intelligence: /intelligence/relationship-maps/new (900ms)
  ✓  708 [chromium] › tests/e2e/route-matrix.spec.ts:11:9 › Browser E2E route matrix › Growth / Intelligence: /intelligence/relationship-maps/b7edc55d-4170-508a-8867-088de5d63bb7 (876ms)
  ✓  709 [chromium] › tests/e2e/route-matrix.spec.ts:11:9 › Browser E2E route matrix › Growth / Intelligence: /intelligence/relationship-maps/b7edc55d-4170-508a-8867-088de5d63bb7/edit (1.1s)
  ✓  710 [chromium] › tests/e2e/route-matrix.spec.ts:11:9 › Browser E2E route matrix › Opportunity / Coverage: /opportunities (984ms)
  ✓  711 [chromium] › tests/e2e/route-matrix.spec.ts:11:9 › Browser E2E route matrix › Opportunity / Coverage: /opportunities/candidates (896ms)
  ✓  712 [chromium] › tests/e2e/route-matrix.spec.ts:11:9 › Browser E2E route matrix › Opportunity / Coverage: /opportunities/candidates/new (998ms)
  ✓  713 [chromium] › tests/e2e/route-matrix.spec.ts:11:9 › Browser E2E route matrix › Opportunity / Coverage: /opportunities/candidates/6ac46226-5759-5192-98d2-47dbaea00b12 (861ms)
  ✓  714 [chromium] › tests/e2e/route-matrix.spec.ts:11:9 › Browser E2E route matrix › Opportunity / Coverage: /opportunities/candidates/6ac46226-5759-5192-98d2-47dbaea00b12/edit (1.2s)
  ✓  715 [chromium] › tests/e2e/route-matrix.spec.ts:11:9 › Browser E2E route matrix › Opportunity / Coverage: /opportunities/pipeline (1.1s)
  ✓  716 [chromium] › tests/e2e/route-matrix.spec.ts:11:9 › Browser E2E route matrix › Opportunity / Coverage: /opportunities/new (914ms)
  ✓  717 [chromium] › tests/e2e/route-matrix.spec.ts:11:9 › Browser E2E route matrix › Opportunity / Coverage: /opportunities/4cd11c9f-64e0-519e-9a00-248720684e97 (966ms)
  ✓  718 [chromium] › tests/e2e/route-matrix.spec.ts:11:9 › Browser E2E route matrix › Opportunity / Coverage: /opportunities/4cd11c9f-64e0-519e-9a00-248720684e97/edit (864ms)
  ✓  719 [chromium] › tests/e2e/route-matrix.spec.ts:11:9 › Browser E2E route matrix › Opportunity / Coverage: /opportunities/coverage (904ms)
  ✓  720 [chromium] › tests/e2e/route-matrix.spec.ts:11:9 › Browser E2E route matrix › Opportunity / Coverage: /opportunities/coverage/new (894ms)
  ✓  721 [chromium] › tests/e2e/route-matrix.spec.ts:11:9 › Browser E2E route matrix › Opportunity / Coverage: /opportunities/coverage/6c2adb9e-689f-5924-87d2-7fa46c416165 (820ms)
  ✓  722 [chromium] › tests/e2e/route-matrix.spec.ts:11:9 › Browser E2E route matrix › Opportunity / Coverage: /opportunities/coverage/6c2adb9e-689f-5924-87d2-7fa46c416165/edit (775ms)
  ✓  723 [chromium] › tests/e2e/route-matrix.spec.ts:11:9 › Browser E2E route matrix › Execution: /projects (902ms)
  ✓  724 [chromium] › tests/e2e/route-matrix.spec.ts:11:9 › Browser E2E route matrix › Execution: /projects/3e8fdeb8-dece-5285-833d-db832a5180fd (764ms)
  ✓  725 [chromium] › tests/e2e/route-matrix.spec.ts:11:9 › Browser E2E route matrix › Execution: /projects/3e8fdeb8-dece-5285-833d-db832a5180fd/edit (827ms)
  ✓  726 [chromium] › tests/e2e/route-matrix.spec.ts:11:9 › Browser E2E route matrix › Execution: /work-orders (704ms)
  ✓  727 [chromium] › tests/e2e/route-matrix.spec.ts:11:9 › Browser E2E route matrix › Execution: /work-orders/new (797ms)
  ✓  728 [chromium] › tests/e2e/route-matrix.spec.ts:11:9 › Browser E2E route matrix › Execution: /work-orders/6059ac12-783a-5172-a229-0213f1569b13 (685ms)
  ✓  729 [chromium] › tests/e2e/route-matrix.spec.ts:11:9 › Browser E2E route matrix › Execution: /work-orders/6059ac12-783a-5172-a229-0213f1569b13/edit (667ms)
  ✓  730 [chromium] › tests/e2e/route-matrix.spec.ts:11:9 › Browser E2E route matrix › Execution: /production (749ms)
  ✓  731 [chromium] › tests/e2e/route-matrix.spec.ts:11:9 › Browser E2E route matrix › Execution: /production/new (681ms)
  ✓  732 [chromium] › tests/e2e/route-matrix.spec.ts:11:9 › Browser E2E route matrix › Execution: /production/d07f0f37-b932-50c0-a3c2-f007b62be454 (599ms)
  ✓  733 [chromium] › tests/e2e/route-matrix.spec.ts:11:9 › Browser E2E route matrix › Execution: /production/d07f0f37-b932-50c0-a3c2-f007b62be454/edit (627ms)
  ✓  734 [chromium] › tests/e2e/route-matrix.spec.ts:11:9 › Browser E2E route matrix › Execution: /qc (652ms)
  ✓  735 [chromium] › tests/e2e/route-matrix.spec.ts:11:9 › Browser E2E route matrix › Execution: /qc/new (628ms)
  ✓  736 [chromium] › tests/e2e/route-matrix.spec.ts:11:9 › Browser E2E route matrix › Execution: /qc/6d64587a-51d3-5b2b-b7c2-10eacd7b7789 (591ms)
  ✓  737 [chromium] › tests/e2e/route-matrix.spec.ts:11:9 › Browser E2E route matrix › Execution: /qc/6d64587a-51d3-5b2b-b7c2-10eacd7b7789/edit (571ms)
  ✓  738 [chromium] › tests/e2e/route-matrix.spec.ts:11:9 › Browser E2E route matrix › Revenue: /billable (587ms)
  ✓  739 [chromium] › tests/e2e/route-matrix.spec.ts:11:9 › Browser E2E route matrix › Revenue: /billable/new (619ms)
  ✓  740 [chromium] › tests/e2e/route-matrix.spec.ts:11:9 › Browser E2E route matrix › Revenue: /billable/c8ec8491-f179-579d-b19e-7428149abf97 (580ms)
  ✓  741 [chromium] › tests/e2e/route-matrix.spec.ts:11:9 › Browser E2E route matrix › Revenue: /billable/c8ec8491-f179-579d-b19e-7428149abf97/edit (616ms)
  ✓  742 [chromium] › tests/e2e/route-matrix.spec.ts:11:9 › Browser E2E route matrix › Revenue: /settlements (636ms)
  ✓  743 [chromium] › tests/e2e/route-matrix.spec.ts:11:9 › Browser E2E route matrix › Revenue: /settlements/new (630ms)
  ✓  744 [chromium] › tests/e2e/route-matrix.spec.ts:11:9 › Browser E2E route matrix › Revenue: /settlements/0899699c-1cb9-5955-b337-cdfb99e94538 (564ms)
  ✓  745 [chromium] › tests/e2e/route-matrix.spec.ts:11:9 › Browser E2E route matrix › Revenue: /settlements/0899699c-1cb9-5955-b337-cdfb99e94538/edit (614ms)
  ✓  746 [chromium] › tests/e2e/route-matrix.spec.ts:11:9 › Browser E2E route matrix › Revenue: /invoices (925ms)
  ✓  747 [chromium] › tests/e2e/route-matrix.spec.ts:11:9 › Browser E2E route matrix › Revenue: /invoices/new (728ms)
  ✓  748 [chromium] › tests/e2e/route-matrix.spec.ts:11:9 › Browser E2E route matrix › Revenue: /invoices/c8c9233d-8c96-55d9-a920-04dd928234ef (659ms)
  ✓  749 [chromium] › tests/e2e/route-matrix.spec.ts:11:9 › Browser E2E route matrix › Revenue: /invoices/c8c9233d-8c96-55d9-a920-04dd928234ef/edit (747ms)
  ✓  750 [chromium] › tests/e2e/route-matrix.spec.ts:11:9 › Browser E2E route matrix › Revenue: /cash (808ms)
  ✓  751 [chromium] › tests/e2e/route-matrix.spec.ts:11:9 › Browser E2E route matrix › Revenue: /cash/receipts/new (800ms)
  ✓  752 [chromium] › tests/e2e/route-matrix.spec.ts:11:9 › Browser E2E route matrix › Revenue: /cash/receipts/9602b2c7-be2a-5abe-bb15-24dba6ef722f (820ms)
  ✓  753 [chromium] › tests/e2e/route-matrix.spec.ts:11:9 › Browser E2E route matrix › Revenue: /cash/receipts/9602b2c7-be2a-5abe-bb15-24dba6ef722f/edit (940ms)
  ✓  754 [chromium] › tests/e2e/route-matrix.spec.ts:11:9 › Browser E2E route matrix › Revenue: /payment-applications (921ms)
  ✓  755 [chromium] › tests/e2e/route-matrix.spec.ts:11:9 › Browser E2E route matrix › Revenue: /payment-applications/15a8aea5-78eb-5183-82d8-35820df26cc3 (934ms)
  ✓  756 [chromium] › tests/e2e/route-matrix.spec.ts:11:9 › Browser E2E route matrix › Revenue: /collections (981ms)
  ✓  757 [chromium] › tests/e2e/route-matrix.spec.ts:11:9 › Browser E2E route matrix › Revenue: /collections/new (864ms)
  ✓  758 [chromium] › tests/e2e/route-matrix.spec.ts:11:9 › Browser E2E route matrix › Revenue: /collections/eea202fc-fbf1-53e0-a1ee-c0c62fe22cf0 (926ms)
  ✓  759 [chromium] › tests/e2e/route-matrix.spec.ts:11:9 › Browser E2E route matrix › Revenue: /collections/eea202fc-fbf1-53e0-a1ee-c0c62fe22cf0/edit (811ms)
  ✓  760 [chromium] › tests/e2e/route-matrix.spec.ts:11:9 › Browser E2E route matrix › Revenue: /collection-actions (803ms)
  ✓  761 [chromium] › tests/e2e/route-matrix.spec.ts:11:9 › Browser E2E route matrix › Revenue: /collection-actions/4f84f07c-4653-5a25-92b6-ff1bfcf04c0e (1.2s)
  ✓  762 [chromium] › tests/e2e/route-matrix.spec.ts:11:9 › Browser E2E route matrix › Cost / Labor: /contractor-payables (952ms)
  ✓  763 [chromium] › tests/e2e/route-matrix.spec.ts:11:9 › Browser E2E route matrix › Cost / Labor: /contractor-payables/new (953ms)
  ✓  764 [chromium] › tests/e2e/route-matrix.spec.ts:11:9 › Browser E2E route matrix › Cost / Labor: /contractor-payables/0532f1ae-3ea9-5722-a17d-1ef59c055c60 (814ms)
  ✓  765 [chromium] › tests/e2e/route-matrix.spec.ts:11:9 › Browser E2E route matrix › Cost / Labor: /contractor-payables/0532f1ae-3ea9-5722-a17d-1ef59c055c60/edit (850ms)
  ✓  766 [chromium] › tests/e2e/route-matrix.spec.ts:11:9 › Browser E2E route matrix › Cost / Labor: /payroll (976ms)
  ✓  767 [chromium] › tests/e2e/route-matrix.spec.ts:11:9 › Browser E2E route matrix › Cost / Labor: /payroll/new (743ms)
  ✓  768 [chromium] › tests/e2e/route-matrix.spec.ts:11:9 › Browser E2E route matrix › Cost / Labor: /payroll/9a5e24b3-f800-5af8-9ae3-ca1f5d42bfb6 (771ms)
  ✓  769 [chromium] › tests/e2e/route-matrix.spec.ts:11:9 › Browser E2E route matrix › Cost / Labor: /payroll/9a5e24b3-f800-5af8-9ae3-ca1f5d42bfb6/edit (759ms)
  ✓  770 [chromium] › tests/e2e/route-matrix.spec.ts:11:9 › Browser E2E route matrix › Cost / Labor: /payments (844ms)
  ✓  771 [chromium] › tests/e2e/route-matrix.spec.ts:11:9 › Browser E2E route matrix › Cost / Labor: /payments/new (810ms)
  ✓  772 [chromium] › tests/e2e/route-matrix.spec.ts:11:9 › Browser E2E route matrix › Cost / Labor: /payments/7123d00c-09b2-5bce-bc4a-ccffe41f0639 (818ms)
  ✓  773 [chromium] › tests/e2e/route-matrix.spec.ts:11:9 › Browser E2E route matrix › Cost / Labor: /payments/7123d00c-09b2-5bce-bc4a-ccffe41f0639/edit (964ms)
  ✓  774 [chromium] › tests/e2e/route-matrix.spec.ts:11:9 › Browser E2E route matrix › Cost / Labor: /payment-items/6a46faba-f5a3-521e-aac6-4a334c104f9e (869ms)
  ✓  775 [chromium] › tests/e2e/route-matrix.spec.ts:11:9 › Browser E2E route matrix › Verification / Accounting: /bank-reconciliation (936ms)
  ✓  776 [chromium] › tests/e2e/route-matrix.spec.ts:11:9 › Browser E2E route matrix › Verification / Accounting: /bank-reconciliation/accounts/new (916ms)
  ✓  777 [chromium] › tests/e2e/route-matrix.spec.ts:11:9 › Browser E2E route matrix › Verification / Accounting: /bank-reconciliation/accounts/46166eca-ccc1-5390-b5da-05c5d36d613f (760ms)
  ✓  778 [chromium] › tests/e2e/route-matrix.spec.ts:11:9 › Browser E2E route matrix › Verification / Accounting: /bank-reconciliation/accounts/46166eca-ccc1-5390-b5da-05c5d36d613f/edit (1.0s)
  ✓  779 [chromium] › tests/e2e/route-matrix.spec.ts:11:9 › Browser E2E route matrix › Verification / Accounting: /bank-reconciliation/transactions/new (938ms)
  ✓  780 [chromium] › tests/e2e/route-matrix.spec.ts:11:9 › Browser E2E route matrix › Verification / Accounting: /bank-reconciliation/transactions/157b1af5-9bb3-5ad9-9305-1d12b7b364dd (962ms)
  ✓  781 [chromium] › tests/e2e/route-matrix.spec.ts:11:9 › Browser E2E route matrix › Verification / Accounting: /bank-reconciliation/transactions/157b1af5-9bb3-5ad9-9305-1d12b7b364dd/edit (903ms)
  ✓  782 [chromium] › tests/e2e/route-matrix.spec.ts:11:9 › Browser E2E route matrix › Verification / Accounting: /reconciliation-matches/e8e8852f-fb54-5dfa-8fc0-aa8cae22c42e (840ms)
  ✓  783 [chromium] › tests/e2e/route-matrix.spec.ts:11:9 › Browser E2E route matrix › Verification / Accounting: /accounting-exports (839ms)
  ✓  784 [chromium] › tests/e2e/route-matrix.spec.ts:11:9 › Browser E2E route matrix › Verification / Accounting: /accounting-exports/new (803ms)
  ✓  785 [chromium] › tests/e2e/route-matrix.spec.ts:11:9 › Browser E2E route matrix › Verification / Accounting: /accounting-exports/b82c2439-08d3-5f49-8bf0-5b5538884df6 (771ms)
  ✓  786 [chromium] › tests/e2e/route-matrix.spec.ts:11:9 › Browser E2E route matrix › Verification / Accounting: /accounting-exports/b82c2439-08d3-5f49-8bf0-5b5538884df6/edit (845ms)
  ✓  787 [chromium] › tests/e2e/route-matrix.spec.ts:11:9 › Browser E2E route matrix › Verification / Accounting: /accounting-export-items/012a13a5-3f55-5523-a45c-d5f79a5367e0 (850ms)
  ✓  788 [chromium] › tests/e2e/scope-financial-handoffs.spec.ts:38:7 › Scope preservation: financial role handoffs › accepted partner quantity passes billing, cash and payables roles to one evidence-backed external payment (706ms)
  ✓  789 [chromium] › tests/e2e/scope-financial-handoffs.spec.ts:111:7 › Scope preservation: financial role handoffs › accepted employee source remains customer billable but cannot create partner debt (158ms)
  ✓  790 [chromium] › tests/e2e/scope-production-roles.spec.ts:14:7 › ops-manager creates, edits and submits production while approval and money remain forbidden (2.0s)
  ✓  791 [chromium] › tests/e2e/scope-production-roles.spec.ts:14:7 › field-supervisor creates, edits and submits production while approval and money remain forbidden (1.9s)
  ✓  792 [chromium] › tests/e2e/signal-feed-operator.spec.ts:8:7 › Signal Feed operator hardening › production/default mode hides developer session controls (674ms)
  ✓  793 [chromium] › tests/e2e/signal-feed-operator.spec.ts:24:7 › Signal Feed operator hardening › unauthenticated state uses production-safe copy (428ms)
  ✓  794 [chromium] › tests/e2e/signal-feed-operator.spec.ts:39:7 › Signal Feed operator hardening › authenticated Signal Feed renders priorities, tabs, and collapsed filters (793ms)
  ✓  795 [chromium] › tests/e2e/signal-feed-operator.spec.ts:57:7 › Signal Feed operator hardening › Create Signal opens an operator modal with modal standards (714ms)
  ✓  796 [chromium] › tests/e2e/signal-feed-operator.spec.ts:76:7 › Signal Feed operator hardening › Categorize opens modal, submits, and refreshes (874ms)
  ✓  797 [chromium] › tests/e2e/signal-feed-operator.spec.ts:91:7 › Signal Feed operator hardening › Score opens modal, submits, and refreshes (885ms)
  ✓  798 [chromium] › tests/e2e/signal-feed-operator.spec.ts:105:7 › Signal Feed operator hardening › Verify disabled reason appears when evidence is missing (711ms)
  ✓  799 [chromium] › tests/e2e/signal-feed-operator.spec.ts:114:7 › Signal Feed operator hardening › Archive opens danger modal and requires reason (972ms)
  ✓  800 [chromium] › tests/e2e/signal-feed-operator.spec.ts:129:7 › Signal Feed operator hardening › read-only auditor can view but cannot mutate (1.0s)
  ✓  801 [chromium] › tests/e2e/syncfield-customer-qc.spec.ts:56:7 › P10 Customer QC intake, correction relay, and reinspection › production gate, Work Order codes, and field UI hydrate without rates (981ms)
  ✓  802 [chromium] › tests/e2e/syncfield-customer-qc.spec.ts:85:7 › P10 Customer QC intake, correction relay, and reinspection › browser offline queue persists and automatically replays Asset, Route, and Daily production exactly once (2.5s)
  ✓  803 [chromium] › tests/e2e/syncfield-customer-qc.spec.ts:122:7 › P10 Customer QC intake, correction relay, and reinspection › offline replay revalidates lost production-start authorization and keeps failed work traceable (1.5s)
  ✓  804 [chromium] › tests/e2e/syncfield-customer-qc.spec.ts:146:7 › P10 Customer QC intake, correction relay, and reinspection › Asset, Route, and Daily production create authoritative records with subordinate annotations and idempotency (278ms)
  ✓  805 [chromium] › tests/e2e/syncfield-customer-qc.spec.ts:170:7 › P10 Customer QC intake, correction relay, and reinspection › submission creates immutable revision snapshot and blocks ordinary edits without QC or finance (1.2s)
  ✓  806 [chromium] › tests/e2e/syncfield-customer-qc.spec.ts:204:7 › P10 Customer QC intake, correction relay, and reinspection › field evidence is scoped, idempotent, readable by QC and rejects disguised files; incidents persist (932ms)
  ✓  807 [chromium] › tests/e2e/syncfield-customer-qc.spec.ts:218:7 › P10 Customer QC intake, correction relay, and reinspection › Customer QC intake preserves reported quantities and creates Partner-safe correction history without finance (2.0s)
  ✓  808 [chromium] › tests/e2e/syncfield-customer-qc.spec.ts:303:7 › P10 Customer QC intake, correction relay, and reinspection › prime policy derives deadlines from original receipt and preserves scheduled dates across revisions (1.9s)
  ✓  809 [chromium] › tests/e2e/syncfield-customer-qc.spec.ts:343:7 › P10 Customer QC intake, correction relay, and reinspection › Partner correction resubmission creates Revision 2 and Customer reinspection cycle without reopening Revision 1 (1.9s)
  ✓  810 [chromium] › tests/e2e/syncfield-customer-qc.spec.ts:404:7 › P10 Customer QC intake, correction relay, and reinspection › submitted-report offline conflict does not reopen the report or create production (2.1s)
  ✓  811 [chromium] › tests/e2e/syncfield-customer-qc.spec.ts:419:7 › P10 Customer QC intake, correction relay, and reinspection › Partner-local queue isolation hides pending field work after account switch (2.1s)
  ✓  812 [chromium] › tests/e2e/syncfield-customer-qc.spec.ts:432:7 › P10 Customer QC intake, correction relay, and reinspection › Partner Admin receives safe read-only report and duplicate submitted work requires traceability (2.8s)
  ✓  813 [chromium] › tests/e2e/syncfield-customer-qc.spec.ts:452:7 › P10 Customer QC intake, correction relay, and reinspection › extended correction keeps authorized code, map and evidence in immutable revision and rejects unrelated references (2.2s)
{"timestamp":"2026-10-07T01:05:57.880Z","category":"Event","message":"event_created","tenantId":"07939727-7eeb-4cdc-92b7-c3af6c05009b","actorUserId":"a69a1e2b-55ba-4d51-ac9e-5dea7855a209","eventId":"496bccc3-c6d3-49c7-8191-d107f41b9563","eventType":"prime_delivery.destination_approved","aggregateType":"invoice","aggregateId":"489fb9e7-9ae2-4688-966d-dab7d516aa77"}
{"timestamp":"2026-10-07T01:05:57.886Z","category":"Audit","message":"audit_log_created","tenantId":"07939727-7eeb-4cdc-92b7-c3af6c05009b","actorUserId":"a69a1e2b-55ba-4d51-ac9e-5dea7855a209","action":"prime_delivery.destination_approved","entityType":"prime_delivery_destination","entityId":"489fb9e7-9ae2-4688-966d-dab7d516aa77"}
{"timestamp":"2026-10-07T01:05:58.021Z","category":"Event","message":"event_created","tenantId":"07939727-7eeb-4cdc-92b7-c3af6c05009b","actorUserId":"a69a1e2b-55ba-4d51-ac9e-5dea7855a209","eventId":"98f5d0df-9b41-4193-9aff-18008319af3b","eventType":"prime_delivery.queued","aggregateType":"invoice","aggregateId":"1f2513fe-8416-4392-aea1-18525ad77b06"}
{"timestamp":"2026-10-07T01:05:58.025Z","category":"Audit","message":"audit_log_created","tenantId":"07939727-7eeb-4cdc-92b7-c3af6c05009b","actorUserId":"a69a1e2b-55ba-4d51-ac9e-5dea7855a209","action":"prime_delivery.queued","entityType":"prime_delivery_job","entityId":"1f2513fe-8416-4392-aea1-18525ad77b06"}
{"timestamp":"2026-10-07T01:05:58.147Z","category":"Event","message":"event_created","tenantId":"07939727-7eeb-4cdc-92b7-c3af6c05009b","actorUserId":"a69a1e2b-55ba-4d51-ac9e-5dea7855a209","eventId":"2a98e644-3f4a-4c1c-9ed2-20175f47df6f","eventType":"prime_delivery.cancelled","aggregateType":"invoice","aggregateId":"1f2513fe-8416-4392-aea1-18525ad77b06"}
{"timestamp":"2026-10-07T01:05:58.149Z","category":"Audit","message":"audit_log_created","tenantId":"07939727-7eeb-4cdc-92b7-c3af6c05009b","actorUserId":"a69a1e2b-55ba-4d51-ac9e-5dea7855a209","action":"prime_delivery.cancelled","entityType":"prime_delivery_job","entityId":"1f2513fe-8416-4392-aea1-18525ad77b06"}
{"timestamp":"2026-10-07T01:05:58.245Z","category":"Event","message":"event_created","tenantId":"07939727-7eeb-4cdc-92b7-c3af6c05009b","actorUserId":"a69a1e2b-55ba-4d51-ac9e-5dea7855a209","eventId":"868d63d2-6e50-4d0c-af70-94aef1615564","eventType":"prime_delivery.queued","aggregateType":"invoice","aggregateId":"fb55debe-0b0c-49f8-b9f8-75a1f3e23616"}
{"timestamp":"2026-10-07T01:05:58.247Z","category":"Audit","message":"audit_log_created","tenantId":"07939727-7eeb-4cdc-92b7-c3af6c05009b","actorUserId":"a69a1e2b-55ba-4d51-ac9e-5dea7855a209","action":"prime_delivery.queued","entityType":"prime_delivery_job","entityId":"fb55debe-0b0c-49f8-b9f8-75a1f3e23616"}
{"timestamp":"2026-10-07T01:05:58.531Z","category":"Event","message":"event_created","tenantId":"07939727-7eeb-4cdc-92b7-c3af6c05009b","actorUserId":"a69a1e2b-55ba-4d51-ac9e-5dea7855a209","eventId":"a32a9d16-854a-4441-b9d1-fc68239dbf27","eventType":"prime_delivery.review_resolved","aggregateType":"invoice","aggregateId":"fb55debe-0b0c-49f8-b9f8-75a1f3e23616"}
{"timestamp":"2026-10-07T01:05:58.537Z","category":"Audit","message":"audit_log_created","tenantId":"07939727-7eeb-4cdc-92b7-c3af6c05009b","actorUserId":"a69a1e2b-55ba-4d51-ac9e-5dea7855a209","action":"prime_delivery.review_resolved","entityType":"prime_delivery_job","entityId":"fb55debe-0b0c-49f8-b9f8-75a1f3e23616"}
{"timestamp":"2026-10-07T01:05:58.704Z","category":"Event","message":"event_created","tenantId":"07939727-7eeb-4cdc-92b7-c3af6c05009b","actorUserId":"a69a1e2b-55ba-4d51-ac9e-5dea7855a209","eventId":"d54774c8-2ba8-4d82-95fd-418000b2c5c4","eventType":"prime_delivery.queued","aggregateType":"invoice","aggregateId":"3d2c0662-282d-4a11-8808-4e3a4ad98383"}
{"timestamp":"2026-10-07T01:05:58.708Z","category":"Audit","message":"audit_log_created","tenantId":"07939727-7eeb-4cdc-92b7-c3af6c05009b","actorUserId":"a69a1e2b-55ba-4d51-ac9e-5dea7855a209","action":"prime_delivery.queued","entityType":"prime_delivery_job","entityId":"3d2c0662-282d-4a11-8808-4e3a4ad98383"}
{"timestamp":"2026-10-07T01:05:59.047Z","category":"Event","message":"event_created","tenantId":"07939727-7eeb-4cdc-92b7-c3af6c05009b","actorUserId":"a69a1e2b-55ba-4d51-ac9e-5dea7855a209","eventId":"455ab69c-fec1-4f11-a614-756ca25401ea","eventType":"invoice_package.delivered","aggregateType":"invoice","aggregateId":"42d98464-f4c1-4530-b1c3-1ac48277676b"}
{"timestamp":"2026-10-07T01:05:59.049Z","category":"Audit","message":"audit_log_created","tenantId":"07939727-7eeb-4cdc-92b7-c3af6c05009b","actorUserId":"a69a1e2b-55ba-4d51-ac9e-5dea7855a209","action":"invoice_package.delivered","entityType":"invoice_delivery_event","entityId":"42d98464-f4c1-4530-b1c3-1ac48277676b"}
{"timestamp":"2026-10-07T01:05:59.066Z","category":"Event","message":"event_created","tenantId":"07939727-7eeb-4cdc-92b7-c3af6c05009b","actorUserId":"a69a1e2b-55ba-4d51-ac9e-5dea7855a209","eventId":"08f30222-eced-499a-90e6-826e4220e895","eventType":"prime_delivery.destination_revoked","aggregateType":"invoice","aggregateId":"489fb9e7-9ae2-4688-966d-dab7d516aa77"}
{"timestamp":"2026-10-07T01:05:59.068Z","category":"Audit","message":"audit_log_created","tenantId":"07939727-7eeb-4cdc-92b7-c3af6c05009b","actorUserId":"a69a1e2b-55ba-4d51-ac9e-5dea7855a209","action":"prime_delivery.destination_revoked","entityType":"prime_delivery_destination","entityId":"489fb9e7-9ae2-4688-966d-dab7d516aa77"}
  ✓  814 [chromium] › tests/e2e/syncfield-customer-qc.spec.ts:494:7 › P10 Customer QC intake, correction relay, and reinspection › the same Partner field work reaches accepted billing, funded payable and one external payment (3.3s)
  ✓  815 [chromium] › tests/e2e/syncfield-daily-production.spec.ts:61:7 › P9 SyncField Daily Production, map annotation, offline queue, and submission › production gate, Work Order codes, and field UI hydrate without rates (1.6s)
  ✓  816 [chromium] › tests/e2e/syncfield-daily-production.spec.ts:95:7 › P9 SyncField Daily Production, map annotation, offline queue, and submission › changed safety conditions preserve the signed revision and block production until renewed review (269ms)
  ✓  817 [chromium] › tests/e2e/syncfield-daily-production.spec.ts:111:7 › P9 SyncField Daily Production, map annotation, offline queue, and submission › partner crew independently acknowledges, obtains pre-bore approval and completes ordered utility-strike restart (1.2s)
  ✓  818 [chromium] › tests/e2e/syncfield-daily-production.spec.ts:115:7 › P9 SyncField Daily Production, map annotation, offline queue, and submission › evidence survives lost responses, reload and offline capture without duplicate uploads (2.3s)
  ✓  819 [chromium] › tests/e2e/syncfield-daily-production.spec.ts:151:7 › P9 SyncField Daily Production, map annotation, offline queue, and submission › large evidence resumes received chunks after reload and stores one original (2.5s)
  ✓  820 [chromium] › tests/e2e/syncfield-daily-production.spec.ts:159:7 › P9 SyncField Daily Production, map annotation, offline queue, and submission › incident device draft survives disconnect and lost response without duplicate records or audit (2.3s)
  ✓  821 [chromium] › tests/e2e/syncfield-daily-production.spec.ts:184:7 › P9 SyncField Daily Production, map annotation, offline queue, and submission › browser offline queue persists and automatically replays Asset, Route, and Daily production exactly once (2.5s)
  ✓  822 [chromium] › tests/e2e/syncfield-daily-production.spec.ts:225:7 › P9 SyncField Daily Production, map annotation, offline queue, and submission › offline replay revalidates lost production-start authorization and keeps failed work traceable (1.3s)
  ✓  823 [chromium] › tests/e2e/syncfield-daily-production.spec.ts:249:7 › P9 SyncField Daily Production, map annotation, offline queue, and submission › Asset, Route, and Daily production create authoritative records with subordinate annotations and idempotency (316ms)
  ✓  824 [chromium] › tests/e2e/syncfield-daily-production.spec.ts:291:7 › P9 SyncField Daily Production, map annotation, offline queue, and submission › a crew work shutdown blocks new records and requires authorized release (242ms)
  ✓  825 [chromium] › tests/e2e/syncfield-daily-production.spec.ts:319:7 › P9 SyncField Daily Production, map annotation, offline queue, and submission › DesignSegment, pole observations, and redline completion preserve design, ticks, authority, and idempotency (1.3s)
  ✓  826 [chromium] › tests/e2e/syncfield-daily-production.spec.ts:597:7 › P9 SyncField Daily Production, map annotation, offline queue, and submission › submission creates immutable revision snapshot and blocks ordinary edits without QC or finance (1.4s)
  ✓  827 [chromium] › tests/e2e/syncfield-daily-production.spec.ts:669:7 › P9 SyncField Daily Production, map annotation, offline queue, and submission › submitted-report offline conflict does not reopen the report or create production (1.2s)
  ✓  828 [chromium] › tests/e2e/syncfield-daily-production.spec.ts:684:7 › P9 SyncField Daily Production, map annotation, offline queue, and submission › Partner-local queue isolation hides pending field work after account switch (1.2s)
  ✓  829 [chromium] › tests/e2e/syncfield-daily-production.spec.ts:697:7 › P9 SyncField Daily Production, map annotation, offline queue, and submission › Partner Admin receives safe read-only report and duplicate submitted work requires traceability (952ms)
  ✓  830 [chromium] › tests/e2e/syncfield-daily-production.spec.ts:721:7 › P9 SyncField Daily Production, map annotation, offline queue, and submission › required evidence blocks missing and unreadable handoffs, preserves originals and pins approved requirements (2.4s)
  ✓  831 [chromium] › tests/e2e/syncfield-daily-production.spec.ts:784:7 › P9 SyncField Daily Production, map annotation, offline queue, and submission › quantity reconciliation excludes rock subsets and overlapping summaries and protects stable work identities (446ms)
  ✓  832 [chromium] › tests/e2e/syncfield-daily-production.spec.ts:1096:5 › company field oversight is scoped and delegation needs an explicit grant (351ms)
{"scenario":"concurrent offline report replay","requests":16,"records":1,"elapsedMs":139}
  ✓  833 [chromium] › tests/e2e/syncfield-daily-production.spec.ts:1117:5 › cold-offline report replay preserves notes, checks map and assignment, and serializes retries (623ms)
  ✓  834 [chromium] › tests/e2e/syncfield-daily-production.spec.ts:1132:5 › company material discrepancy retries preserve custody and only inventory operators resolve them (336ms)
  ✓  835 [chromium] › tests/e2e/syncfield-map-jsa.spec.ts:46:7 › P8 SyncField map foundation and Daily JSA › internal Manager creates immutable private Map Version, Work Zones, and active assignment (147ms)
  ✓  836 [chromium] › tests/e2e/syncfield-map-jsa.spec.ts:127:7 › P8 SyncField map foundation and Daily JSA › assigned forms preserve retries and stop revoked or cross-company access (172ms)
  ✓  837 [chromium] › tests/e2e/syncfield-map-jsa.spec.ts:151:7 › P8 SyncField map foundation and Daily JSA › Partner Foreman opens read-only field map and cannot cross scope or see storage internals (1.3s)
  ✓  838 [chromium] › tests/e2e/syncfield-map-jsa.spec.ts:194:7 › P8 SyncField map foundation and Daily JSA › Crew participation buttons identify the worker and announce the saved state (735ms)
  ✓  839 [chromium] › tests/e2e/syncfield-map-jsa.spec.ts:206:7 › P8 SyncField map foundation and Daily JSA › Foreman completes one Daily JSA for own Crew without changing mobilization or downstream records (1.4s)
  ✓  840 [chromium] › tests/e2e/syncfield-map-jsa.spec.ts:244:7 › P8 SyncField map foundation and Daily JSA › Partner Admin sees safe JSA history and P9-era field navigation remains QC-safe (892ms)
  ✓  841 [chromium] › tests/e2e/syncfield-production-exports-dashboard.spec.ts:38:7 › P11 accepted production exports, dashboard, and operational closeout › dashboards aggregate reported vs Customer Accepted without double counting or rates (99ms)
  ✓  842 [chromium] › tests/e2e/syncfield-production-exports-dashboard.spec.ts:59:7 › P11 accepted production exports, dashboard, and operational closeout › CSV export is private, formula-safe, idempotent, and financially inert (97ms)
  ✓  843 [chromium] › tests/e2e/syncfield-production-exports-dashboard.spec.ts:95:7 › P11 accepted production exports, dashboard, and operational closeout › annotated and daily PDFs preserve original map file and include coordinate/report proof (88ms)
  ✓  844 [chromium] › tests/e2e/syncfield-production-exports-dashboard.spec.ts:129:7 › P11 accepted production exports, dashboard, and operational closeout › operational closeout distinguishes open QC/corrections and creates no financial records (129ms)
  ✓  845 [chromium] › tests/e2e/timeline-audit/representative-events.spec.ts:9:7 › Representative timeline and audit certification › system admin can read representative timelines (55ms)
  ✓  846 [chromium] › tests/e2e/timeline-audit/representative-events.spec.ts:16:7 › Representative timeline and audit certification › audit is visible to system admin and denied to read-only auditor where not granted (52ms)
  ✓  847 [chromium] › tests/e2e/ui-feedback-audit.spec.ts:6:7 › Honest queue feedback › QC failure never presents unavailable counts as an empty queue (900ms)
  ✓  848 [chromium] › tests/e2e/ui-feedback-audit.spec.ts:13:7 › Honest queue feedback › invoice summary agrees with a nonempty queue (985ms)
  ✓  849 [chromium] › tests/e2e/ui-feedback-audit.spec.ts:20:7 › Honest queue feedback › production shows the actual mobilization blocker instead of a project-status error (958ms)
  ✓  850 [chromium] › tests/e2e/ui-feedback-audit.spec.ts:35:7 › Honest queue feedback › QC creation uses supported choices and no raw override JSON (747ms)
  ✓  851 [chromium] › tests/e2e/ui-feedback-audit.spec.ts:46:7 › Correction owner choices › authorized choices expose names rather than private user profiles (16ms)
  ✓  852 [chromium] › tests/e2e/ui-feedback-audit.spec.ts:54:7 › Correction owner choices › read-only user cannot load correction assignment choices (12ms)
  ✓  853 [chromium] › tests/e2e/ui-permission-visibility.spec.ts:12:5 › QC read-only access hides create links and keeps the QC workspace active (1.1s)
  ✓  854 [chromium] › tests/e2e/ui-permission-visibility.spec.ts:24:5 › stored fake grants cannot grant access when the server returns no permissions (690ms)
  ✓  855 [chromium] › tests/e2e/ui-permission-visibility.spec.ts:35:5 › unverified identity fails closed with a recovery control (659ms)
  ✓  856 [chromium] › tests/e2e/ui-permission-visibility.spec.ts:43:5 › revoked create access is removed on focus without revoking the read queue (702ms)
  ✓  857 [chromium] › tests/e2e/ui-permission-visibility.spec.ts:55:5 › Operations Manager can inspect QC but cannot create reviews through direct URLs (610ms)
  ✓  858 [chromium] › tests/e2e/ui-permission-visibility.spec.ts:71:5 › finance staff without approval authority cannot see invoice submission or approval (596ms)
  ✓  859 [chromium] › tests/e2e/workflows/accounting-export.spec.ts:12:7 › Critical skeleton: Accounting Export › opens Cedar Ridge accounting export records (674ms)
  ✓  860 [chromium] › tests/e2e/workflows/bank-reconciliation.spec.ts:12:7 › Critical skeleton: Bank Reconciliation › opens Cedar Ridge bank reconciliation records (762ms)
  ✓  861 [chromium] › tests/e2e/workflows/cost-labor-payment.spec.ts:12:7 › Critical skeleton: Cost, labor, and payment execution › opens Cedar Ridge payable, payroll, and payment records (925ms)
  ✓  862 [chromium] › tests/e2e/workflows/growth-to-opportunity.spec.ts:20:9 › Critical skeleton: Growth to Opportunity › opens Cedar Ridge Signal record (533ms)
  ✓  863 [chromium] › tests/e2e/workflows/growth-to-opportunity.spec.ts:20:9 › Critical skeleton: Growth to Opportunity › opens Cedar Ridge Organization record (541ms)
  ✓  864 [chromium] › tests/e2e/workflows/growth-to-opportunity.spec.ts:20:9 › Critical skeleton: Growth to Opportunity › opens Cedar Ridge Contact record (528ms)
  ✓  865 [chromium] › tests/e2e/workflows/growth-to-opportunity.spec.ts:20:9 › Critical skeleton: Growth to Opportunity › opens Cedar Ridge Relationship Map record (536ms)
  ✓  866 [chromium] › tests/e2e/workflows/growth-to-opportunity.spec.ts:20:9 › Critical skeleton: Growth to Opportunity › opens Cedar Ridge Opportunity Candidate record (536ms)
  ✓  867 [chromium] › tests/e2e/workflows/growth-to-opportunity.spec.ts:20:9 › Critical skeleton: Growth to Opportunity › opens Cedar Ridge Opportunity record (507ms)
  ✓  868 [chromium] › tests/e2e/workflows/opportunity-to-project.spec.ts:12:7 › Critical skeleton: Opportunity to Project › opens Cedar Ridge coverage and project records (859ms)
  ✓  869 [chromium] › tests/e2e/workflows/project-to-qc.spec.ts:13:7 › Critical skeleton: Project to QC › opens Cedar Ridge execution records (1.1s)
  ✓  870 [chromium] › tests/e2e/workflows/revenue-cycle.spec.ts:12:7 › Critical skeleton: Revenue cycle › opens Cedar Ridge revenue records (1.6s)


  1) [chromium] › tests/e2e/operator-phase9.spec.ts:31:7 › Operator UI Phase 9 detail and form standards › representative finance detail shows boundary and danger separation 

    Error: expect(locator).toBeVisible() failed

    Locator: getByText(/Reject, dispute, void, and archive actions change lifecycle state/i)
    Expected: visible
    Timeout: 10000ms
    Error: element(s) not found

    Call log:
      - Expect "toBeVisible" getByText(/Reject, dispute, void, and archive actions change lifecycle state/i) with timeout 10000ms
      - waiting for getByText(/Reject, dispute, void, and archive actions change lifecycle state/i)


      39 |     await expect(page.getByText(/SyncOS does not email the customer, collect payment, apply cash, move money, or post accounting entries/i)).toBeVisible();
      40 |     await expect(page.getByLabel("Danger zone")).toBeVisible();
    > 41 |     await expect(page.getByText(/Reject, dispute, void, and archive actions change lifecycle state/i)).toBeVisible();
         |                                                                                                        ^
      42 |     await expectNoDevSessionUi(page);
      43 |
      44 |     await context.close();
        at /Users/User/.codex/worktrees/syncos-financial-completion/syncos/tests/e2e/operator-phase9.spec.ts:41:104

    attachment #1: screenshot (image/png) ──────────────────────────────────────────────────────────
    test-results/operator-phase9-Operator-U-51c58-ndary-and-danger-separation-chromium/test-failed-1.png
    ────────────────────────────────────────────────────────────────────────────────────────────────

    Error Context: test-results/operator-phase9-Operator-U-51c58-ndary-and-danger-separation-chromium/error-context.md

  2) [chromium] › tests/e2e/partner-compliance-reviewer-download.spec.ts:6:5 › authenticated Partner Admin uploads canonical Partner Compliance evidence @reviewer-fixture-upload 

    Error: SYNCOS_RESTRICTED_FILE_STORAGE_DIR is required

       at helpers/partner-compliance-fixtures.ts:31

      29 | export async function countReviewerDownloadAuditEvents(db:Client,filters:{tenantId:string;userId:string;evidenceId:string;restrictedFileObjectId:string}){const r=await db.query("SELECT COUNT(*)::int AS count FROM audit_logs a JOIN partner_restricted_evidence e ON e.tenant_id=a.tenant_id AND e.id=a.entity_id WHERE a.tenant_id=$1 AND a.actor_user_id=$2 AND a.entity_id=$3 AND e.restricted_file_object_id=$4 AND a.action='restricted_evidence.access' AND a.entity_type='partner_restricted_evidence'",[filters.tenantId,filters.userId,filters.evidenceId,filters.restrictedFileObjectId]);return Number(r.rows[0]?.count??0);}
      30 | export async function inspectRestrictedStoredObject(root:string,storageKey:string,original:Buffer){const resolvedRoot=path.resolve(root);const objectPath=path.resolve(resolvedRoot,...storageKey.split("/"));const within=objectPath.startsWith(`${resolvedRoot}${path.sep}`);if(!within)throw new Error("restricted storage path escaped root");const stored=await fs.readFile(objectPath);const publicRoot=path.resolve(process.cwd(),"apps/web/public");return{exists:stored.length>=0,withinRestrictedRoot:within,publiclyServed:objectPath.startsWith(`${publicRoot}${path.sep}`),storedByteLength:stored.length,storedSha256:crypto.createHash("sha256").update(stored).digest("hex"),bytesEqualOriginal:stored.equals(original)};}
    > 31 | export async function createReviewerDownloadFixtureContext(request:APIRequestContext):Promise<ReviewerDownloadFixtureContext>{const apiBaseUrl=process.env.API_BASE_URL;if(!apiBaseUrl)throw new Error("API_BASE_URL is required for reviewer fixtures");const db=await connectTestDatabase();try{const tenant=(await db.query("SELECT id FROM tenants WHERE slug='arc-syncos-demo' LIMIT 1")).rows[0];if(!tenant)throw new Error("Tenant fixture missing");const admin=await ensurePartnerAdminFixture(db,tenant.id);const scopeState=await loadPartnerAdminScopeState(db,tenant.id,admin.id);const effectivePartnerPermissions=await loadEffectivePermissionCodes(db,tenant.id,admin.id);const reviewer=await ensureInternalReviewerFixture(db,tenant.id);const reviewerState=await loadInternalReviewerState(db,tenant.id,reviewer.id);if(reviewer.id===admin.id)throw new Error("Reviewer and Partner Admin must differ");await assertEffectivePermission(db,admin.id,"partner_compliance.review",false);const bytes=Buffer.from("%PDF-1.4\nSYNCOS REVIEW FIXTURE\n%%EOF\n");const fileName=`review-${crypto.randomUUID()}.pdf`;const adminToken=signE2EJwt(admin.id,tenant.id,admin.email);const uploaded=await uploadPartnerComplianceEvidence(request,adminToken,{bytes,fileName,category:"partner_w9",clientMutationId:crypto.randomUUID()});const link=await loadEvidenceArtifactRelationship(db,uploaded.evidenceId,tenant.id,scopeState.organizationId);const root=process.env.SYNCOS_RESTRICTED_FILE_STORAGE_DIR;if(!root)throw new Error("SYNCOS_RESTRICTED_FILE_STORAGE_DIR is required");const stored=await inspectRestrictedStoredObject(root,link.storage_key,bytes);return{db,apiBaseUrl,tenantAId:tenant.id,partnerOrganizationAId:scopeState.organizationId,partnerAdminA:{userId:admin.id,email:admin.email,token:adminToken,activePartnerScopeCount:scopeState.activePartnerScopeCount,hasUploadPermission:effectivePartnerPermissions.includes("partner_compliance.w9.submit"),hasReadPermission:effectivePartnerPermissions.includes("partner_compliance.w9.read"),hasReviewPermission:effectivePartnerPermissions.includes("partner_compliance.review"),effectivePartnerPermissions},reviewerA:{userId:reviewer.id,email:reviewer.email,token:signE2EJwt(reviewer.id,tenant.id,reviewer.email), effectivePermissionCodes:reviewerState.permissions,hasReviewPermission:reviewerState.hasReviewPermission,activePartnerRoles:reviewerState.activePartnerRoles,hasPartnerRole:reviewerState.hasPartnerRole},artifact:{originalBytes:bytes,originalSha256:crypto.createHash("sha256").update(bytes).digest("hex"),originalFileName:fileName,evidenceId:uploaded.evidenceId,restrictedFileObjectId:link.restricted_file_object_id,category:link.category,mimeType:link.mime_type,byteSize:Number(link.size_bytes),storagePath:link.storage_key,evidenceExists:Boolean(link.id),tenantId:link.tenant_id,organizationId:link.organization_id,relatedEntityType:link.related_entity_type,relatedEntityId:link.related_entity_id,privateObjectExists:stored.exists,withinRestrictedRoot:stored.withinRestrictedRoot,publiclyServed:stored.publiclyServed,storedByteLength:stored.storedByteLength,storedSha256:stored.storedSha256,bytesEqualOriginal:stored.bytesEqualOriginal},countReviewerDownloadAuditEvents:()=>countReviewerDownloadAuditEvents(db,{tenantId:tenant.id,userId:reviewer.id,evidenceId:uploaded.evidenceId,restrictedFileObjectId:link.restricted_file_object_id}),close:async()=>{await db.end();await request.dispose();}};}catch(e){await db.end();throw e;}}
         |                                                                                                                                                                                                                                                                                                                                                                                                                                                                                                                                                                                                                                                                                                                                                                                                                                                                                                                                                                                                                                                                                                                                                                                                                                                                                                                                                                                                                                                                                                                                             ^
      32 |
        at createReviewerDownloadFixtureContext (/Users/User/.codex/worktrees/syncos-financial-completion/syncos/tests/e2e/helpers/partner-compliance-fixtures.ts:31:1485)
        at /Users/User/.codex/worktrees/syncos-financial-completion/syncos/tests/e2e/partner-compliance-reviewer-download.spec.ts:4:135

    Error Context: test-results/partner-compliance-reviewe-355cd-nce-reviewer-fixture-upload-chromium/error-context.md

    Error Context: test-results/partner-compliance-reviewe-355cd-nce-reviewer-fixture-upload-chromium/error-context.md

  2 failed
    [chromium] › tests/e2e/operator-phase9.spec.ts:31:7 › Operator UI Phase 9 detail and form standards › representative finance detail shows boundary and danger separation 
    [chromium] › tests/e2e/partner-compliance-reviewer-download.spec.ts:6:5 › authenticated Partner Admin uploads canonical Partner Compliance evidence @reviewer-fixture-upload 
  7 did not run
  861 passed (16.8m)
