
Running 870 tests using 1 worker

(node:11985) Warning: The 'NO_COLOR' env is ignored due to the 'FORCE_COLOR' env being set.
(Use `node --trace-warnings ...` to show where the warning was created)
  ✓    1 [chromium] › tests/e2e/accepted-production-financials.spec.ts:39:7 › P12 accepted production financials › production item choices stay tenant-scoped and exclude unauthorized partners (346ms)
  ✓    2 [chromium] › tests/e2e/accepted-production-financials.spec.ts:50:7 › P12 accepted production financials › Customer-accepted production converts to one Billable using Customer rate only (1.3s)
  ✓    3 [chromium] › tests/e2e/accepted-production-financials.spec.ts:66:7 › P12 accepted production financials › Invoice, cash, payment application, and invoice balance stay in Customer revenue chain (1.8s)
  ✓    4 [chromium] › tests/e2e/accepted-production-financials.spec.ts:90:7 › P12 accepted production financials › Partner settlement, Contractor Payable, and pay-when-paid eligibility use Partner rate (4.4s)
  ✓    5 [chromium] › tests/e2e/accepted-production-financials.spec.ts:120:7 › P12 accepted production financials › Partner Admin sees own settlement without Customer rate or margin; Foreman and Partner B are denied (411ms)
  ✓    6 [chromium] › tests/e2e/accepted-production-financials.spec.ts:131:7 › P12 accepted production financials › Customer and Partner coil commercial policies are independent and preserve base accepted quantity (1.7s)
  ✓    7 [chromium] › tests/e2e/accepted-production-financials.spec.ts:176:7 › P12 accepted production financials › Editing a schedule cannot change an already approved partner rate (786ms)
  ✓    8 [chromium] › tests/e2e/accepted-production-financials.spec.ts:186:7 › P12 accepted production financials › Post-billing Customer QC change creates exception without rewriting issued invoice or Billable (360ms)
  ✓    9 [chromium] › tests/e2e/accepted-production-financials.spec.ts:347:5 › a newer pending customer QC cycle blocks readiness using an older accepted decision (1.8s)
  ✓   10 [chromium] › tests/e2e/accepted-production-financials.spec.ts:384:6 › Financial handoff completion safeguards › workflow choices are tenant-scoped; cash retry and duplicate settlement cannot double financial facts (1.7s)
  ✓   11 [chromium] › tests/e2e/accepted-production-financials.spec.ts:404:6 › Financial handoff completion safeguards › accepted correction production code controls locked customer rate, preserving original record (549ms)
  ✓   12 [chromium] › tests/e2e/accepted-production-financials.spec.ts:422:5 › targeted reinspection retains unrelated accepted production while unresolved corrected work stays blocked (688ms)
  ✓   13 [chromium] › tests/e2e/accepted-production-financials.spec.ts:464:5 › four-decimal approved rates survive conversion and invoice storage without early rounding (601ms)
  ✓   14 [chromium] › tests/e2e/accepted-production-financials.spec.ts:482:5 › agreement UI approves a reviewed business calendar and shows its history (2.8s)
{"timestamp":"2026-10-07T02:01:03.628Z","category":"Event","message":"event_created","tenantId":"a3858455-c20a-46fa-9c3d-ccb5f1fab756","actorUserId":"27f8e5f3-4a0e-4b0f-a6cd-8e349c1586e0","eventId":"e618fcb7-88d8-4d0f-869e-b8e20f4e37be","eventType":"passport.receipt_rehearsed","aggregateType":"passport","aggregateId":"7fa09588-a292-4381-89ce-f1099c708677"}
{"timestamp":"2026-10-07T02:01:03.632Z","category":"Audit","message":"audit_log_created","tenantId":"a3858455-c20a-46fa-9c3d-ccb5f1fab756","actorUserId":"27f8e5f3-4a0e-4b0f-a6cd-8e349c1586e0","action":"passport.receipt_rehearsed","entityType":"passport_connection","entityId":"7fa09588-a292-4381-89ce-f1099c708677"}
{"timestamp":"2026-10-07T02:01:03.661Z","category":"Event","message":"event_created","tenantId":"a3858455-c20a-46fa-9c3d-ccb5f1fab756","actorUserId":"27f8e5f3-4a0e-4b0f-a6cd-8e349c1586e0","eventId":"b6e10d13-3304-470d-ba6f-eee30f5309ec","eventType":"passport.receipt_rehearsed","aggregateType":"passport","aggregateId":"7fa09588-a292-4381-89ce-f1099c708677"}
{"timestamp":"2026-10-07T02:01:03.663Z","category":"Audit","message":"audit_log_created","tenantId":"a3858455-c20a-46fa-9c3d-ccb5f1fab756","actorUserId":"27f8e5f3-4a0e-4b0f-a6cd-8e349c1586e0","action":"passport.receipt_rehearsed","entityType":"passport_connection","entityId":"7fa09588-a292-4381-89ce-f1099c708677"}
{"timestamp":"2026-10-07T02:01:03.778Z","category":"Event","message":"event_created","tenantId":"a3858455-c20a-46fa-9c3d-ccb5f1fab756","actorUserId":"27f8e5f3-4a0e-4b0f-a6cd-8e349c1586e0","eventId":"93554ac1-0339-4e9c-ac41-bfb02870736b","eventType":"passport.receipt_rehearsed","aggregateType":"passport","aggregateId":"7fa09588-a292-4381-89ce-f1099c708677"}
{"timestamp":"2026-10-07T02:01:03.780Z","category":"Audit","message":"audit_log_created","tenantId":"a3858455-c20a-46fa-9c3d-ccb5f1fab756","actorUserId":"27f8e5f3-4a0e-4b0f-a6cd-8e349c1586e0","action":"passport.receipt_rehearsed","entityType":"passport_connection","entityId":"7fa09588-a292-4381-89ce-f1099c708677"}
{"timestamp":"2026-10-07T02:01:03.782Z","category":"Event","message":"event_created","tenantId":"a3858455-c20a-46fa-9c3d-ccb5f1fab756","actorUserId":"27f8e5f3-4a0e-4b0f-a6cd-8e349c1586e0","eventId":"186d2570-a7cb-4898-811e-0a009f3cd0b8","eventType":"cash_receipt.applied","aggregateType":"cash_receipt","aggregateId":"bffc1eec-0462-46e9-98d7-2b52a4ab7756"}
{"timestamp":"2026-10-07T02:01:03.784Z","category":"Audit","message":"audit_log_created","tenantId":"a3858455-c20a-46fa-9c3d-ccb5f1fab756","actorUserId":"27f8e5f3-4a0e-4b0f-a6cd-8e349c1586e0","action":"cash_receipt.apply","entityType":"cash_receipt","entityId":"bffc1eec-0462-46e9-98d7-2b52a4ab7756"}
{"timestamp":"2026-10-07T02:01:03.787Z","category":"Event","message":"event_created","tenantId":"a3858455-c20a-46fa-9c3d-ccb5f1fab756","actorUserId":"27f8e5f3-4a0e-4b0f-a6cd-8e349c1586e0","eventId":"1a66f4fc-e594-4615-b85b-d12e24503418","eventType":"invoice.payment_applied","aggregateType":"invoice","aggregateId":"8a600d5f-feb8-4ed4-8702-a225c80665ea"}
{"timestamp":"2026-10-07T02:01:03.791Z","category":"Audit","message":"audit_log_created","tenantId":"a3858455-c20a-46fa-9c3d-ccb5f1fab756","actorUserId":"27f8e5f3-4a0e-4b0f-a6cd-8e349c1586e0","action":"invoice.cash_application.update","entityType":"invoice","entityId":"8a600d5f-feb8-4ed4-8702-a225c80665ea"}
{"timestamp":"2026-10-07T02:01:03.793Z","category":"Event","message":"event_created","tenantId":"a3858455-c20a-46fa-9c3d-ccb5f1fab756","actorUserId":"27f8e5f3-4a0e-4b0f-a6cd-8e349c1586e0","eventId":"a449afe4-d654-4240-8116-99d6dbcce7a7","eventType":"invoice.balance_updated","aggregateType":"invoice","aggregateId":"8a600d5f-feb8-4ed4-8702-a225c80665ea"}
{"timestamp":"2026-10-07T02:01:03.796Z","category":"Audit","message":"audit_log_created","tenantId":"a3858455-c20a-46fa-9c3d-ccb5f1fab756","actorUserId":"27f8e5f3-4a0e-4b0f-a6cd-8e349c1586e0","action":"invoice.cash_application.update","entityType":"invoice","entityId":"8a600d5f-feb8-4ed4-8702-a225c80665ea"}
{"timestamp":"2026-10-07T02:01:03.797Z","category":"Event","message":"event_created","tenantId":"a3858455-c20a-46fa-9c3d-ccb5f1fab756","actorUserId":"27f8e5f3-4a0e-4b0f-a6cd-8e349c1586e0","eventId":"0979d2fa-b365-492f-8c49-907820c53b6c","eventType":"payment_application.created","aggregateType":"payment_application","aggregateId":"2ec8b9d1-6259-40cc-8c21-1381d1b5b295"}
{"timestamp":"2026-10-07T02:01:03.800Z","category":"Audit","message":"audit_log_created","tenantId":"a3858455-c20a-46fa-9c3d-ccb5f1fab756","actorUserId":"27f8e5f3-4a0e-4b0f-a6cd-8e349c1586e0","action":"payment_application.create","entityType":"payment_application","entityId":"2ec8b9d1-6259-40cc-8c21-1381d1b5b295"}
{"timestamp":"2026-10-07T02:01:03.801Z","category":"Event","message":"event_created","tenantId":"a3858455-c20a-46fa-9c3d-ccb5f1fab756","actorUserId":"27f8e5f3-4a0e-4b0f-a6cd-8e349c1586e0","eventId":"800e550a-c17e-4496-831a-59bfdf128022","eventType":"cash_receipt.created","aggregateType":"cash_receipt","aggregateId":"bffc1eec-0462-46e9-98d7-2b52a4ab7756"}
{"timestamp":"2026-10-07T02:01:03.803Z","category":"Audit","message":"audit_log_created","tenantId":"a3858455-c20a-46fa-9c3d-ccb5f1fab756","actorUserId":"27f8e5f3-4a0e-4b0f-a6cd-8e349c1586e0","action":"passport.receipt_created","entityType":"cash_receipt","entityId":"bffc1eec-0462-46e9-98d7-2b52a4ab7756"}
{"timestamp":"2026-10-07T02:01:03.895Z","category":"Event","message":"event_created","tenantId":"a3858455-c20a-46fa-9c3d-ccb5f1fab756","actorUserId":"27f8e5f3-4a0e-4b0f-a6cd-8e349c1586e0","eventId":"ec95ca0e-d1df-4b44-acab-4e79b8398515","eventType":"passport.receipt_rehearsed","aggregateType":"passport","aggregateId":"7fa09588-a292-4381-89ce-f1099c708677"}
{"timestamp":"2026-10-07T02:01:03.898Z","category":"Audit","message":"audit_log_created","tenantId":"a3858455-c20a-46fa-9c3d-ccb5f1fab756","actorUserId":"27f8e5f3-4a0e-4b0f-a6cd-8e349c1586e0","action":"passport.receipt_rehearsed","entityType":"passport_connection","entityId":"7fa09588-a292-4381-89ce-f1099c708677"}
{"timestamp":"2026-10-07T02:01:03.908Z","category":"Event","message":"event_created","tenantId":"a3858455-c20a-46fa-9c3d-ccb5f1fab756","actorUserId":"27f8e5f3-4a0e-4b0f-a6cd-8e349c1586e0","eventId":"19056de7-0eaa-4360-835d-617533b930db","eventType":"passport.receipt_rehearsed","aggregateType":"passport","aggregateId":"7fa09588-a292-4381-89ce-f1099c708677"}
{"timestamp":"2026-10-07T02:01:03.910Z","category":"Audit","message":"audit_log_created","tenantId":"a3858455-c20a-46fa-9c3d-ccb5f1fab756","actorUserId":"27f8e5f3-4a0e-4b0f-a6cd-8e349c1586e0","action":"passport.receipt_rehearsed","entityType":"passport_connection","entityId":"7fa09588-a292-4381-89ce-f1099c708677"}
{"timestamp":"2026-10-07T02:01:03.964Z","category":"Event","message":"event_created","tenantId":"a3858455-c20a-46fa-9c3d-ccb5f1fab756","actorUserId":"27f8e5f3-4a0e-4b0f-a6cd-8e349c1586e0","eventId":"ec8756d0-7a1a-4e71-80d5-52d2a3ce7177","eventType":"passport.receipt_rehearsed","aggregateType":"passport","aggregateId":"7fa09588-a292-4381-89ce-f1099c708677"}
{"timestamp":"2026-10-07T02:01:03.966Z","category":"Audit","message":"audit_log_created","tenantId":"a3858455-c20a-46fa-9c3d-ccb5f1fab756","actorUserId":"27f8e5f3-4a0e-4b0f-a6cd-8e349c1586e0","action":"passport.receipt_rehearsed","entityType":"passport_connection","entityId":"7fa09588-a292-4381-89ce-f1099c708677"}
{"timestamp":"2026-10-07T02:01:03.967Z","category":"Event","message":"event_created","tenantId":"a3858455-c20a-46fa-9c3d-ccb5f1fab756","actorUserId":"27f8e5f3-4a0e-4b0f-a6cd-8e349c1586e0","eventId":"c2cd7343-3588-4dc5-a0fa-25e2da76260b","eventType":"cash_receipt.applied","aggregateType":"cash_receipt","aggregateId":"33cdfb91-7e0b-4e3b-9e86-c06b3c855ad3"}
{"timestamp":"2026-10-07T02:01:03.970Z","category":"Audit","message":"audit_log_created","tenantId":"a3858455-c20a-46fa-9c3d-ccb5f1fab756","actorUserId":"27f8e5f3-4a0e-4b0f-a6cd-8e349c1586e0","action":"cash_receipt.apply","entityType":"cash_receipt","entityId":"33cdfb91-7e0b-4e3b-9e86-c06b3c855ad3"}
{"timestamp":"2026-10-07T02:01:03.972Z","category":"Event","message":"event_created","tenantId":"a3858455-c20a-46fa-9c3d-ccb5f1fab756","actorUserId":"27f8e5f3-4a0e-4b0f-a6cd-8e349c1586e0","eventId":"1a0d29a8-659d-4881-90fb-8bc6337f7b33","eventType":"invoice.payment_applied","aggregateType":"invoice","aggregateId":"8a600d5f-feb8-4ed4-8702-a225c80665ea"}
{"timestamp":"2026-10-07T02:01:03.975Z","category":"Audit","message":"audit_log_created","tenantId":"a3858455-c20a-46fa-9c3d-ccb5f1fab756","actorUserId":"27f8e5f3-4a0e-4b0f-a6cd-8e349c1586e0","action":"invoice.cash_application.update","entityType":"invoice","entityId":"8a600d5f-feb8-4ed4-8702-a225c80665ea"}
{"timestamp":"2026-10-07T02:01:03.977Z","category":"Event","message":"event_created","tenantId":"a3858455-c20a-46fa-9c3d-ccb5f1fab756","actorUserId":"27f8e5f3-4a0e-4b0f-a6cd-8e349c1586e0","eventId":"68eddcc9-b6f5-40e0-a683-de00de282512","eventType":"invoice.balance_updated","aggregateType":"invoice","aggregateId":"8a600d5f-feb8-4ed4-8702-a225c80665ea"}
{"timestamp":"2026-10-07T02:01:03.979Z","category":"Audit","message":"audit_log_created","tenantId":"a3858455-c20a-46fa-9c3d-ccb5f1fab756","actorUserId":"27f8e5f3-4a0e-4b0f-a6cd-8e349c1586e0","action":"invoice.cash_application.update","entityType":"invoice","entityId":"8a600d5f-feb8-4ed4-8702-a225c80665ea"}
{"timestamp":"2026-10-07T02:01:03.981Z","category":"Event","message":"event_created","tenantId":"a3858455-c20a-46fa-9c3d-ccb5f1fab756","actorUserId":"27f8e5f3-4a0e-4b0f-a6cd-8e349c1586e0","eventId":"bbd61866-56d2-45a6-b470-2d1d16590086","eventType":"payment_application.created","aggregateType":"payment_application","aggregateId":"da32b90e-b15d-4063-875b-e682dd85fe8b"}
{"timestamp":"2026-10-07T02:01:03.983Z","category":"Audit","message":"audit_log_created","tenantId":"a3858455-c20a-46fa-9c3d-ccb5f1fab756","actorUserId":"27f8e5f3-4a0e-4b0f-a6cd-8e349c1586e0","action":"payment_application.create","entityType":"payment_application","entityId":"da32b90e-b15d-4063-875b-e682dd85fe8b"}
{"timestamp":"2026-10-07T02:01:03.984Z","category":"Event","message":"event_created","tenantId":"a3858455-c20a-46fa-9c3d-ccb5f1fab756","actorUserId":"27f8e5f3-4a0e-4b0f-a6cd-8e349c1586e0","eventId":"f964e9d9-f5e9-4c00-b7cd-748670b601a6","eventType":"cash_receipt.created","aggregateType":"cash_receipt","aggregateId":"33cdfb91-7e0b-4e3b-9e86-c06b3c855ad3"}
{"timestamp":"2026-10-07T02:01:03.985Z","category":"Audit","message":"audit_log_created","tenantId":"a3858455-c20a-46fa-9c3d-ccb5f1fab756","actorUserId":"27f8e5f3-4a0e-4b0f-a6cd-8e349c1586e0","action":"passport.receipt_created","entityType":"cash_receipt","entityId":"33cdfb91-7e0b-4e3b-9e86-c06b3c855ad3"}
  ✓   15 [chromium] › tests/e2e/accepted-production-financials.spec.ts:507:5 › prepared customer receipts post once, retain partial balances and send overpayments and reversals to review (1.4s)
  ✓   16 [chromium] › tests/e2e/account-onboarding-visibility.spec.ts:6:5 › saved profiles do not hide newly identified accounts (2.0s)
  ✓   17 [chromium] › tests/e2e/action-states/action-state-boundaries.spec.ts:33:9 › Action-state boundaries — open/cancel must not mutate forbidden tables › [Production] prodDraft: cancel does not mutate forbidden tables (2.3s)
  ✓   18 [chromium] › tests/e2e/action-states/action-state-boundaries.spec.ts:33:9 › Action-state boundaries — open/cancel must not mutate forbidden tables › [Production] prodSubmitted: cancel does not mutate forbidden tables (2.2s)
  ✓   19 [chromium] › tests/e2e/action-states/action-state-boundaries.spec.ts:33:9 › Action-state boundaries — open/cancel must not mutate forbidden tables › [Production] prodUnderReview: cancel does not mutate forbidden tables (1.9s)
  ✓   20 [chromium] › tests/e2e/action-states/action-state-boundaries.spec.ts:33:9 › Action-state boundaries — open/cancel must not mutate forbidden tables › [Production] prodCorrectionRequested: cancel does not mutate forbidden tables (2.6s)
  ✓   21 [chromium] › tests/e2e/action-states/action-state-boundaries.spec.ts:33:9 › Action-state boundaries — open/cancel must not mutate forbidden tables › [Production] prodApprovedNotMarked: cancel does not mutate forbidden tables (3.1s)
  ✓   22 [chromium] › tests/e2e/action-states/action-state-boundaries.spec.ts:33:9 › Action-state boundaries — open/cancel must not mutate forbidden tables › [Production] prodVoid: cancel does not mutate forbidden tables (6.3s)
  ✓   23 [chromium] › tests/e2e/action-states/action-state-boundaries.spec.ts:33:9 › Action-state boundaries — open/cancel must not mutate forbidden tables › [QC] qcPending: cancel does not mutate forbidden tables (7.0s)
  ✓   24 [chromium] › tests/e2e/action-states/action-state-boundaries.spec.ts:33:9 › Action-state boundaries — open/cancel must not mutate forbidden tables › [QC] qcInReview: cancel does not mutate forbidden tables (4.6s)
  ✓   25 [chromium] › tests/e2e/action-states/action-state-boundaries.spec.ts:33:9 › Action-state boundaries — open/cancel must not mutate forbidden tables › [QC] qcCorrectionRequested: cancel does not mutate forbidden tables (5.2s)
  ✓   26 [chromium] › tests/e2e/action-states/action-state-boundaries.spec.ts:33:9 › Action-state boundaries — open/cancel must not mutate forbidden tables › [QC] qcVoid: cancel does not mutate forbidden tables (2.3s)
  ✓   27 [chromium] › tests/e2e/action-states/action-state-boundaries.spec.ts:33:9 › Action-state boundaries — open/cancel must not mutate forbidden tables › [Billable] billableDraft: cancel does not mutate forbidden tables (1.7s)
  ✓   28 [chromium] › tests/e2e/action-states/action-state-boundaries.spec.ts:33:9 › Action-state boundaries — open/cancel must not mutate forbidden tables › [Billable] billableOnHold: cancel does not mutate forbidden tables (1.6s)
  ✓   29 [chromium] › tests/e2e/action-states/action-state-boundaries.spec.ts:33:9 › Action-state boundaries — open/cancel must not mutate forbidden tables › [Billable] billableDisputed: cancel does not mutate forbidden tables (1.8s)
  ✓   30 [chromium] › tests/e2e/action-states/action-state-boundaries.spec.ts:33:9 › Action-state boundaries — open/cancel must not mutate forbidden tables › [Billable] billableVoid: cancel does not mutate forbidden tables (2.1s)
  ✓   31 [chromium] › tests/e2e/action-states/action-state-boundaries.spec.ts:33:9 › Action-state boundaries — open/cancel must not mutate forbidden tables › [Settlement] settlementDraft: cancel does not mutate forbidden tables (1.6s)
  ✓   32 [chromium] › tests/e2e/action-states/action-state-boundaries.spec.ts:33:9 › Action-state boundaries — open/cancel must not mutate forbidden tables › [Settlement] settlementItemDraft: cancel does not mutate forbidden tables (1.8s)
  ✓   33 [chromium] › tests/e2e/action-states/action-state-boundaries.spec.ts:33:9 › Action-state boundaries — open/cancel must not mutate forbidden tables › [Settlement] settlementUnderReview: cancel does not mutate forbidden tables (2.3s)
  ✓   34 [chromium] › tests/e2e/action-states/action-state-boundaries.spec.ts:33:9 › Action-state boundaries — open/cancel must not mutate forbidden tables › [Settlement] settlementApproved: cancel does not mutate forbidden tables (2.7s)
  ✓   35 [chromium] › tests/e2e/action-states/action-state-boundaries.spec.ts:33:9 › Action-state boundaries — open/cancel must not mutate forbidden tables › [Settlement] settlementDisputed: cancel does not mutate forbidden tables (4.8s)
  ✓   36 [chromium] › tests/e2e/action-states/action-state-boundaries.spec.ts:33:9 › Action-state boundaries — open/cancel must not mutate forbidden tables › [Settlement] settlementVoid: cancel does not mutate forbidden tables (11.0s)
  ✓   37 [chromium] › tests/e2e/action-states/action-state-boundaries.spec.ts:33:9 › Action-state boundaries — open/cancel must not mutate forbidden tables › [Invoice] invoiceDraft: cancel does not mutate forbidden tables (3.0s)
  ✓   38 [chromium] › tests/e2e/action-states/action-state-boundaries.spec.ts:33:9 › Action-state boundaries — open/cancel must not mutate forbidden tables › [Invoice] invoiceItemDraft: cancel does not mutate forbidden tables (3.3s)
  ✓   39 [chromium] › tests/e2e/action-states/action-state-boundaries.spec.ts:33:9 › Action-state boundaries — open/cancel must not mutate forbidden tables › [Invoice] invoiceUnderReview: cancel does not mutate forbidden tables (2.3s)
  ✓   40 [chromium] › tests/e2e/action-states/action-state-boundaries.spec.ts:33:9 › Action-state boundaries — open/cancel must not mutate forbidden tables › [Invoice] invoiceApproved: cancel does not mutate forbidden tables (2.1s)
  ✓   41 [chromium] › tests/e2e/action-states/action-state-boundaries.spec.ts:33:9 › Action-state boundaries — open/cancel must not mutate forbidden tables › [Invoice] invoiceDisputed: cancel does not mutate forbidden tables (2.3s)
  ✓   42 [chromium] › tests/e2e/action-states/action-state-boundaries.spec.ts:33:9 › Action-state boundaries — open/cancel must not mutate forbidden tables › [Invoice] invoiceVoid: cancel does not mutate forbidden tables (2.7s)
  ✓   43 [chromium] › tests/e2e/action-states/action-state-boundaries.spec.ts:33:9 › Action-state boundaries — open/cancel must not mutate forbidden tables › [Cash] cashReceiptUnapplied: cancel does not mutate forbidden tables (2.2s)
  ✓   44 [chromium] › tests/e2e/action-states/action-state-boundaries.spec.ts:33:9 › Action-state boundaries — open/cancel must not mutate forbidden tables › [Cash] cashReceiptVoidTarget: cancel does not mutate forbidden tables (2.6s)
  ✓   45 [chromium] › tests/e2e/action-states/action-state-boundaries.spec.ts:33:9 › Action-state boundaries — open/cancel must not mutate forbidden tables › [Cash] cashReceiptVoid: cancel does not mutate forbidden tables (3.8s)
  ✓   46 [chromium] › tests/e2e/action-states/action-state-boundaries.spec.ts:33:9 › Action-state boundaries — open/cancel must not mutate forbidden tables › [Cash] paymentApplicationApplied: cancel does not mutate forbidden tables (4.0s)
  ✓   47 [chromium] › tests/e2e/action-states/action-state-boundaries.spec.ts:33:9 › Action-state boundaries — open/cancel must not mutate forbidden tables › [Cash] paymentApplicationVoid: cancel does not mutate forbidden tables (6.6s)
  ✓   48 [chromium] › tests/e2e/action-states/action-state-boundaries.spec.ts:33:9 › Action-state boundaries — open/cancel must not mutate forbidden tables › [Collections] collectionCaseOpen: cancel does not mutate forbidden tables (6.4s)
  ✓   49 [chromium] › tests/e2e/action-states/action-state-boundaries.spec.ts:33:9 › Action-state boundaries — open/cancel must not mutate forbidden tables › [Collections] collectionCaseClosed: cancel does not mutate forbidden tables (4.4s)
  ✓   50 [chromium] › tests/e2e/action-states/action-state-boundaries.spec.ts:33:9 › Action-state boundaries — open/cancel must not mutate forbidden tables › [Collections] collectionActionPlanned: cancel does not mutate forbidden tables (2.8s)
  ✓   51 [chromium] › tests/e2e/action-states/action-state-boundaries.spec.ts:33:9 › Action-state boundaries — open/cancel must not mutate forbidden tables › [Collections] collectionActionCompleted: cancel does not mutate forbidden tables (2.8s)
  ✓   52 [chromium] › tests/e2e/action-states/action-state-boundaries.spec.ts:33:9 › Action-state boundaries — open/cancel must not mutate forbidden tables › [Contractor Payable] cpayDraft: cancel does not mutate forbidden tables (3.2s)
  ✓   53 [chromium] › tests/e2e/action-states/action-state-boundaries.spec.ts:33:9 › Action-state boundaries — open/cancel must not mutate forbidden tables › [Contractor Payable] cpayItemDraft: cancel does not mutate forbidden tables (3.2s)
  ✓   54 [chromium] › tests/e2e/action-states/action-state-boundaries.spec.ts:33:9 › Action-state boundaries — open/cancel must not mutate forbidden tables › [Contractor Payable] cpayUnderReview: cancel does not mutate forbidden tables (3.1s)
  ✓   55 [chromium] › tests/e2e/action-states/action-state-boundaries.spec.ts:33:9 › Action-state boundaries — open/cancel must not mutate forbidden tables › [Contractor Payable] cpayApproved: cancel does not mutate forbidden tables (4.2s)
  ✓   56 [chromium] › tests/e2e/action-states/action-state-boundaries.spec.ts:33:9 › Action-state boundaries — open/cancel must not mutate forbidden tables › [Contractor Payable] cpayDisputed: cancel does not mutate forbidden tables (3.6s)
  ✓   57 [chromium] › tests/e2e/action-states/action-state-boundaries.spec.ts:33:9 › Action-state boundaries — open/cancel must not mutate forbidden tables › [Contractor Payable] cpayVoid: cancel does not mutate forbidden tables (3.9s)
  ✓   58 [chromium] › tests/e2e/action-states/action-state-boundaries.spec.ts:33:9 › Action-state boundaries — open/cancel must not mutate forbidden tables › [Payroll] payrollDraft: cancel does not mutate forbidden tables (3.5s)
  ✓   59 [chromium] › tests/e2e/action-states/action-state-boundaries.spec.ts:33:9 › Action-state boundaries — open/cancel must not mutate forbidden tables › [Payroll] payrollItemDraft: cancel does not mutate forbidden tables (2.4s)
  ✓   60 [chromium] › tests/e2e/action-states/action-state-boundaries.spec.ts:33:9 › Action-state boundaries — open/cancel must not mutate forbidden tables › [Payroll] payrollUnderReview: cancel does not mutate forbidden tables (2.4s)
  ✓   61 [chromium] › tests/e2e/action-states/action-state-boundaries.spec.ts:33:9 › Action-state boundaries — open/cancel must not mutate forbidden tables › [Payroll] payrollApproved: cancel does not mutate forbidden tables (2.0s)
  ✓   62 [chromium] › tests/e2e/action-states/action-state-boundaries.spec.ts:33:9 › Action-state boundaries — open/cancel must not mutate forbidden tables › [Payroll] payrollDisputed: cancel does not mutate forbidden tables (2.0s)
  ✓   63 [chromium] › tests/e2e/action-states/action-state-boundaries.spec.ts:33:9 › Action-state boundaries — open/cancel must not mutate forbidden tables › [Payroll] payrollVoid: cancel does not mutate forbidden tables (2.4s)
  ✓   64 [chromium] › tests/e2e/action-states/action-state-boundaries.spec.ts:33:9 › Action-state boundaries — open/cancel must not mutate forbidden tables › [Payment Execution] paymentBatchDraft: cancel does not mutate forbidden tables (2.0s)
  ✓   65 [chromium] › tests/e2e/action-states/action-state-boundaries.spec.ts:33:9 › Action-state boundaries — open/cancel must not mutate forbidden tables › [Payment Execution] paymentItemDraft: cancel does not mutate forbidden tables (2.2s)
  ✓   66 [chromium] › tests/e2e/action-states/action-state-boundaries.spec.ts:33:9 › Action-state boundaries — open/cancel must not mutate forbidden tables › [Payment Execution] paymentBatchUnderReview: cancel does not mutate forbidden tables (3.2s)
  ✓   67 [chromium] › tests/e2e/action-states/action-state-boundaries.spec.ts:33:9 › Action-state boundaries — open/cancel must not mutate forbidden tables › [Payment Execution] paymentBatchApproved: cancel does not mutate forbidden tables (2.9s)
  ✓   68 [chromium] › tests/e2e/action-states/action-state-boundaries.spec.ts:33:9 › Action-state boundaries — open/cancel must not mutate forbidden tables › [Payment Execution] paymentBatchScheduled: cancel does not mutate forbidden tables (4.4s)
  ✓   69 [chromium] › tests/e2e/action-states/action-state-boundaries.spec.ts:33:9 › Action-state boundaries — open/cancel must not mutate forbidden tables › [Payment Execution] paymentBatchExecutionSubmitted: cancel does not mutate forbidden tables (7.2s)
  ✓   70 [chromium] › tests/e2e/action-states/action-state-boundaries.spec.ts:33:9 › Action-state boundaries — open/cancel must not mutate forbidden tables › [Payment Execution] paymentBatchVoidTarget: cancel does not mutate forbidden tables (5.6s)
  ✓   71 [chromium] › tests/e2e/action-states/action-state-boundaries.spec.ts:33:9 › Action-state boundaries — open/cancel must not mutate forbidden tables › [Payment Execution] paymentBatchVoid: cancel does not mutate forbidden tables (3.8s)
  ✓   72 [chromium] › tests/e2e/action-states/action-state-boundaries.spec.ts:33:9 › Action-state boundaries — open/cancel must not mutate forbidden tables › [Bank Reconciliation] bankAccountArchivable: cancel does not mutate forbidden tables (2.2s)
  ✓   73 [chromium] › tests/e2e/action-states/action-state-boundaries.spec.ts:33:9 › Action-state boundaries — open/cancel must not mutate forbidden tables › [Bank Reconciliation] bankTxnUnmatchedDebit: cancel does not mutate forbidden tables (2.2s)
  ✓   74 [chromium] › tests/e2e/action-states/action-state-boundaries.spec.ts:33:9 › Action-state boundaries — open/cancel must not mutate forbidden tables › [Bank Reconciliation] bankTxnUnmatchedCredit: cancel does not mutate forbidden tables (2.1s)
  ✓   75 [chromium] › tests/e2e/action-states/action-state-boundaries.spec.ts:33:9 › Action-state boundaries — open/cancel must not mutate forbidden tables › [Bank Reconciliation] bankTxnExceptionNone: cancel does not mutate forbidden tables (2.0s)
  ✓   76 [chromium] › tests/e2e/action-states/action-state-boundaries.spec.ts:33:9 › Action-state boundaries — open/cancel must not mutate forbidden tables › [Bank Reconciliation] bankTxnExceptionOpen: cancel does not mutate forbidden tables (1.9s)
  ✓   77 [chromium] › tests/e2e/action-states/action-state-boundaries.spec.ts:33:9 › Action-state boundaries — open/cancel must not mutate forbidden tables › [Bank Reconciliation] bankTxnIgnorable: cancel does not mutate forbidden tables (1.9s)
  ✓   78 [chromium] › tests/e2e/action-states/action-state-boundaries.spec.ts:33:9 › Action-state boundaries — open/cancel must not mutate forbidden tables › [Bank Reconciliation] reconMatchProposed: cancel does not mutate forbidden tables (1.8s)
  ✓   79 [chromium] › tests/e2e/action-states/action-state-boundaries.spec.ts:33:9 › Action-state boundaries — open/cancel must not mutate forbidden tables › [Accounting Export] aexDraft: cancel does not mutate forbidden tables (1.8s)
  ✓   80 [chromium] › tests/e2e/action-states/action-state-boundaries.spec.ts:33:9 › Action-state boundaries — open/cancel must not mutate forbidden tables › [Accounting Export] aexItemDraft: cancel does not mutate forbidden tables (2.0s)
  ✓   81 [chromium] › tests/e2e/action-states/action-state-boundaries.spec.ts:33:9 › Action-state boundaries — open/cancel must not mutate forbidden tables › [Accounting Export] aexGenerated: cancel does not mutate forbidden tables (2.3s)
  ✓   82 [chromium] › tests/e2e/action-states/action-state-boundaries.spec.ts:33:9 › Action-state boundaries — open/cancel must not mutate forbidden tables › [Accounting Export] aexUnderReview: cancel does not mutate forbidden tables (2.5s)
  ✓   83 [chromium] › tests/e2e/action-states/action-state-boundaries.spec.ts:33:9 › Action-state boundaries — open/cancel must not mutate forbidden tables › [Accounting Export] aexSubmitted: cancel does not mutate forbidden tables (4.5s)
  ✓   84 [chromium] › tests/e2e/action-states/action-state-boundaries.spec.ts:33:9 › Action-state boundaries — open/cancel must not mutate forbidden tables › [Accounting Export] aexCancelable: cancel does not mutate forbidden tables (4.3s)
  ✓   85 [chromium] › tests/e2e/action-states/action-state-modals.spec.ts:25:9 › Action-state modals — open, inspect, cancel › [Production] prodDraft: modal opens and cancels cleanly (4.1s)
  ✓   86 [chromium] › tests/e2e/action-states/action-state-modals.spec.ts:25:9 › Action-state modals — open, inspect, cancel › [Production] prodSubmitted: modal opens and cancels cleanly (4.0s)
  ✓   87 [chromium] › tests/e2e/action-states/action-state-modals.spec.ts:25:9 › Action-state modals — open, inspect, cancel › [Production] prodUnderReview: modal opens and cancels cleanly (3.7s)
  ✓   88 [chromium] › tests/e2e/action-states/action-state-modals.spec.ts:25:9 › Action-state modals — open, inspect, cancel › [Production] prodCorrectionRequested: modal opens and cancels cleanly (3.1s)
  ✓   89 [chromium] › tests/e2e/action-states/action-state-modals.spec.ts:25:9 › Action-state modals — open, inspect, cancel › [Production] prodApprovedNotMarked: modal opens and cancels cleanly (2.7s)
  ✓   90 [chromium] › tests/e2e/action-states/action-state-modals.spec.ts:25:9 › Action-state modals — open, inspect, cancel › [Production] prodVoid: modal opens and cancels cleanly (2.8s)
  ✓   91 [chromium] › tests/e2e/action-states/action-state-modals.spec.ts:25:9 › Action-state modals — open, inspect, cancel › [QC] qcPending: modal opens and cancels cleanly (2.2s)
  ✓   92 [chromium] › tests/e2e/action-states/action-state-modals.spec.ts:25:9 › Action-state modals — open, inspect, cancel › [QC] qcInReview: modal opens and cancels cleanly (2.3s)
  ✓   93 [chromium] › tests/e2e/action-states/action-state-modals.spec.ts:25:9 › Action-state modals — open, inspect, cancel › [QC] qcCorrectionRequested: modal opens and cancels cleanly (2.4s)
  ✓   94 [chromium] › tests/e2e/action-states/action-state-modals.spec.ts:25:9 › Action-state modals — open, inspect, cancel › [QC] qcVoid: modal opens and cancels cleanly (2.7s)
  ✓   95 [chromium] › tests/e2e/action-states/action-state-modals.spec.ts:25:9 › Action-state modals — open, inspect, cancel › [Billable] billableDraft: modal opens and cancels cleanly (2.6s)
  ✓   96 [chromium] › tests/e2e/action-states/action-state-modals.spec.ts:25:9 › Action-state modals — open, inspect, cancel › [Billable] billableOnHold: modal opens and cancels cleanly (3.5s)
  ✓   97 [chromium] › tests/e2e/action-states/action-state-modals.spec.ts:25:9 › Action-state modals — open, inspect, cancel › [Billable] billableDisputed: modal opens and cancels cleanly (8.3s)
  ✓   98 [chromium] › tests/e2e/action-states/action-state-modals.spec.ts:25:9 › Action-state modals — open, inspect, cancel › [Billable] billableVoid: modal opens and cancels cleanly (8.1s)
  ✓   99 [chromium] › tests/e2e/action-states/action-state-modals.spec.ts:25:9 › Action-state modals — open, inspect, cancel › [Settlement] settlementDraft: modal opens and cancels cleanly (4.0s)
  ✓  100 [chromium] › tests/e2e/action-states/action-state-modals.spec.ts:25:9 › Action-state modals — open, inspect, cancel › [Settlement] settlementItemDraft: modal opens and cancels cleanly (3.8s)
  ✓  101 [chromium] › tests/e2e/action-states/action-state-modals.spec.ts:25:9 › Action-state modals — open, inspect, cancel › [Settlement] settlementUnderReview: modal opens and cancels cleanly (3.4s)
  ✓  102 [chromium] › tests/e2e/action-states/action-state-modals.spec.ts:25:9 › Action-state modals — open, inspect, cancel › [Settlement] settlementApproved: modal opens and cancels cleanly (3.7s)
  ✓  103 [chromium] › tests/e2e/action-states/action-state-modals.spec.ts:25:9 › Action-state modals — open, inspect, cancel › [Settlement] settlementDisputed: modal opens and cancels cleanly (3.5s)
  ✓  104 [chromium] › tests/e2e/action-states/action-state-modals.spec.ts:25:9 › Action-state modals — open, inspect, cancel › [Settlement] settlementVoid: modal opens and cancels cleanly (4.3s)
  ✓  105 [chromium] › tests/e2e/action-states/action-state-modals.spec.ts:25:9 › Action-state modals — open, inspect, cancel › [Invoice] invoiceDraft: modal opens and cancels cleanly (2.8s)
  ✓  106 [chromium] › tests/e2e/action-states/action-state-modals.spec.ts:25:9 › Action-state modals — open, inspect, cancel › [Invoice] invoiceItemDraft: modal opens and cancels cleanly (3.4s)
  ✓  107 [chromium] › tests/e2e/action-states/action-state-modals.spec.ts:25:9 › Action-state modals — open, inspect, cancel › [Invoice] invoiceUnderReview: modal opens and cancels cleanly (3.4s)
  ✓  108 [chromium] › tests/e2e/action-states/action-state-modals.spec.ts:25:9 › Action-state modals — open, inspect, cancel › [Invoice] invoiceApproved: modal opens and cancels cleanly (4.7s)
  ✓  109 [chromium] › tests/e2e/action-states/action-state-modals.spec.ts:25:9 › Action-state modals — open, inspect, cancel › [Invoice] invoiceDisputed: modal opens and cancels cleanly (7.4s)
  ✓  110 [chromium] › tests/e2e/action-states/action-state-modals.spec.ts:25:9 › Action-state modals — open, inspect, cancel › [Invoice] invoiceVoid: modal opens and cancels cleanly (5.7s)
  ✓  111 [chromium] › tests/e2e/action-states/action-state-modals.spec.ts:25:9 › Action-state modals — open, inspect, cancel › [Cash] cashReceiptUnapplied: modal opens and cancels cleanly (3.0s)
  ✓  112 [chromium] › tests/e2e/action-states/action-state-modals.spec.ts:25:9 › Action-state modals — open, inspect, cancel › [Cash] cashReceiptVoidTarget: modal opens and cancels cleanly (2.4s)
  ✓  113 [chromium] › tests/e2e/action-states/action-state-modals.spec.ts:25:9 › Action-state modals — open, inspect, cancel › [Cash] cashReceiptVoid: modal opens and cancels cleanly (2.5s)
  ✓  114 [chromium] › tests/e2e/action-states/action-state-modals.spec.ts:25:9 › Action-state modals — open, inspect, cancel › [Cash] paymentApplicationApplied: modal opens and cancels cleanly (2.7s)
  ✓  115 [chromium] › tests/e2e/action-states/action-state-modals.spec.ts:25:9 › Action-state modals — open, inspect, cancel › [Cash] paymentApplicationVoid: modal opens and cancels cleanly (2.8s)
  ✓  116 [chromium] › tests/e2e/action-states/action-state-modals.spec.ts:25:9 › Action-state modals — open, inspect, cancel › [Collections] collectionCaseOpen: modal opens and cancels cleanly (3.2s)
  ✓  117 [chromium] › tests/e2e/action-states/action-state-modals.spec.ts:25:9 › Action-state modals — open, inspect, cancel › [Collections] collectionCaseClosed: modal opens and cancels cleanly (6.2s)
  ✓  118 [chromium] › tests/e2e/action-states/action-state-modals.spec.ts:25:9 › Action-state modals — open, inspect, cancel › [Collections] collectionActionPlanned: modal opens and cancels cleanly (6.4s)
  ✓  119 [chromium] › tests/e2e/action-states/action-state-modals.spec.ts:25:9 › Action-state modals — open, inspect, cancel › [Collections] collectionActionCompleted: modal opens and cancels cleanly (4.9s)
  ✓  120 [chromium] › tests/e2e/action-states/action-state-modals.spec.ts:25:9 › Action-state modals — open, inspect, cancel › [Contractor Payable] cpayDraft: modal opens and cancels cleanly (3.5s)
  ✓  121 [chromium] › tests/e2e/action-states/action-state-modals.spec.ts:25:9 › Action-state modals — open, inspect, cancel › [Contractor Payable] cpayItemDraft: modal opens and cancels cleanly (2.8s)
  ✓  122 [chromium] › tests/e2e/action-states/action-state-modals.spec.ts:25:9 › Action-state modals — open, inspect, cancel › [Contractor Payable] cpayUnderReview: modal opens and cancels cleanly (2.6s)
  ✓  123 [chromium] › tests/e2e/action-states/action-state-modals.spec.ts:25:9 › Action-state modals — open, inspect, cancel › [Contractor Payable] cpayApproved: modal opens and cancels cleanly (2.8s)
  ✓  124 [chromium] › tests/e2e/action-states/action-state-modals.spec.ts:25:9 › Action-state modals — open, inspect, cancel › [Contractor Payable] cpayDisputed: modal opens and cancels cleanly (2.9s)
  ✓  125 [chromium] › tests/e2e/action-states/action-state-modals.spec.ts:25:9 › Action-state modals — open, inspect, cancel › [Contractor Payable] cpayVoid: modal opens and cancels cleanly (3.5s)
  ✓  126 [chromium] › tests/e2e/action-states/action-state-modals.spec.ts:25:9 › Action-state modals — open, inspect, cancel › [Payroll] payrollDraft: modal opens and cancels cleanly (3.1s)
  ✓  127 [chromium] › tests/e2e/action-states/action-state-modals.spec.ts:25:9 › Action-state modals — open, inspect, cancel › [Payroll] payrollItemDraft: modal opens and cancels cleanly (4.9s)
  ✓  128 [chromium] › tests/e2e/action-states/action-state-modals.spec.ts:25:9 › Action-state modals — open, inspect, cancel › [Payroll] payrollUnderReview: modal opens and cancels cleanly (6.4s)
  ✓  129 [chromium] › tests/e2e/action-states/action-state-modals.spec.ts:25:9 › Action-state modals — open, inspect, cancel › [Payroll] payrollApproved: modal opens and cancels cleanly (4.4s)
  ✓  130 [chromium] › tests/e2e/action-states/action-state-modals.spec.ts:25:9 › Action-state modals — open, inspect, cancel › [Payroll] payrollDisputed: modal opens and cancels cleanly (3.3s)
  ✓  131 [chromium] › tests/e2e/action-states/action-state-modals.spec.ts:25:9 › Action-state modals — open, inspect, cancel › [Payroll] payrollVoid: modal opens and cancels cleanly (2.7s)
  ✓  132 [chromium] › tests/e2e/action-states/action-state-modals.spec.ts:25:9 › Action-state modals — open, inspect, cancel › [Payment Execution] paymentBatchDraft: modal opens and cancels cleanly (2.2s)
  ✓  133 [chromium] › tests/e2e/action-states/action-state-modals.spec.ts:25:9 › Action-state modals — open, inspect, cancel › [Payment Execution] paymentItemDraft: modal opens and cancels cleanly (2.1s)
  ✓  134 [chromium] › tests/e2e/action-states/action-state-modals.spec.ts:25:9 › Action-state modals — open, inspect, cancel › [Payment Execution] paymentBatchUnderReview: modal opens and cancels cleanly (2.4s)
  ✓  135 [chromium] › tests/e2e/action-states/action-state-modals.spec.ts:25:9 › Action-state modals — open, inspect, cancel › [Payment Execution] paymentBatchApproved: modal opens and cancels cleanly (2.8s)
  ✓  136 [chromium] › tests/e2e/action-states/action-state-modals.spec.ts:25:9 › Action-state modals — open, inspect, cancel › [Payment Execution] paymentBatchScheduled: modal opens and cancels cleanly (2.7s)
  ✓  137 [chromium] › tests/e2e/action-states/action-state-modals.spec.ts:25:9 › Action-state modals — open, inspect, cancel › [Payment Execution] paymentBatchExecutionSubmitted: modal opens and cancels cleanly (3.8s)
  ✓  138 [chromium] › tests/e2e/action-states/action-state-modals.spec.ts:25:9 › Action-state modals — open, inspect, cancel › [Payment Execution] paymentBatchVoidTarget: modal opens and cancels cleanly (6.8s)
  ✓  139 [chromium] › tests/e2e/action-states/action-state-modals.spec.ts:25:9 › Action-state modals — open, inspect, cancel › [Payment Execution] paymentBatchVoid: modal opens and cancels cleanly (7.8s)
  ✓  140 [chromium] › tests/e2e/action-states/action-state-modals.spec.ts:25:9 › Action-state modals — open, inspect, cancel › [Bank Reconciliation] bankAccountArchivable: modal opens and cancels cleanly (4.7s)
  ✓  141 [chromium] › tests/e2e/action-states/action-state-modals.spec.ts:25:9 › Action-state modals — open, inspect, cancel › [Bank Reconciliation] bankTxnUnmatchedDebit: modal opens and cancels cleanly (3.3s)
  ✓  142 [chromium] › tests/e2e/action-states/action-state-modals.spec.ts:25:9 › Action-state modals — open, inspect, cancel › [Bank Reconciliation] bankTxnUnmatchedCredit: modal opens and cancels cleanly (2.7s)
  ✓  143 [chromium] › tests/e2e/action-states/action-state-modals.spec.ts:25:9 › Action-state modals — open, inspect, cancel › [Bank Reconciliation] bankTxnExceptionNone: modal opens and cancels cleanly (3.3s)
  ✓  144 [chromium] › tests/e2e/action-states/action-state-modals.spec.ts:25:9 › Action-state modals — open, inspect, cancel › [Bank Reconciliation] bankTxnExceptionOpen: modal opens and cancels cleanly (2.2s)
  ✓  145 [chromium] › tests/e2e/action-states/action-state-modals.spec.ts:25:9 › Action-state modals — open, inspect, cancel › [Bank Reconciliation] bankTxnIgnorable: modal opens and cancels cleanly (2.2s)
  ✓  146 [chromium] › tests/e2e/action-states/action-state-modals.spec.ts:25:9 › Action-state modals — open, inspect, cancel › [Bank Reconciliation] reconMatchProposed: modal opens and cancels cleanly (2.1s)
  ✓  147 [chromium] › tests/e2e/action-states/action-state-modals.spec.ts:25:9 › Action-state modals — open, inspect, cancel › [Accounting Export] aexDraft: modal opens and cancels cleanly (2.2s)
  ✓  148 [chromium] › tests/e2e/action-states/action-state-modals.spec.ts:25:9 › Action-state modals — open, inspect, cancel › [Accounting Export] aexItemDraft: modal opens and cancels cleanly (2.2s)
  ✓  149 [chromium] › tests/e2e/action-states/action-state-modals.spec.ts:25:9 › Action-state modals — open, inspect, cancel › [Accounting Export] aexGenerated: modal opens and cancels cleanly (2.4s)
  ✓  150 [chromium] › tests/e2e/action-states/action-state-modals.spec.ts:25:9 › Action-state modals — open, inspect, cancel › [Accounting Export] aexUnderReview: modal opens and cancels cleanly (2.5s)
  ✓  151 [chromium] › tests/e2e/action-states/action-state-modals.spec.ts:25:9 › Action-state modals — open, inspect, cancel › [Accounting Export] aexSubmitted: modal opens and cancels cleanly (2.9s)
  ✓  152 [chromium] › tests/e2e/action-states/action-state-modals.spec.ts:25:9 › Action-state modals — open, inspect, cancel › [Accounting Export] aexCancelable: modal opens and cancels cleanly (4.2s)
  ✓  153 [chromium] › tests/e2e/action-states/action-state-personas.spec.ts:30:11 › Action-state personas — natural persona sees action, read-only does not › [Production] prodDraft › natural persona sees action button (2.7s)
  ✓  154 [chromium] › tests/e2e/action-states/action-state-personas.spec.ts:39:11 › Action-state personas — natural persona sees action, read-only does not › [Production] prodDraft › read-only auditor: route loads but action button hidden or disabled (2.7s)
  ✓  155 [chromium] › tests/e2e/action-states/action-state-personas.spec.ts:30:11 › Action-state personas — natural persona sees action, read-only does not › [Production] prodSubmitted › natural persona sees action button (2.6s)
  ✓  156 [chromium] › tests/e2e/action-states/action-state-personas.spec.ts:39:11 › Action-state personas — natural persona sees action, read-only does not › [Production] prodSubmitted › read-only auditor: route loads but action button hidden or disabled (2.0s)
  ✓  157 [chromium] › tests/e2e/action-states/action-state-personas.spec.ts:30:11 › Action-state personas — natural persona sees action, read-only does not › [Production] prodUnderReview › natural persona sees action button (2.3s)
  ✓  158 [chromium] › tests/e2e/action-states/action-state-personas.spec.ts:39:11 › Action-state personas — natural persona sees action, read-only does not › [Production] prodUnderReview › read-only auditor: route loads but action button hidden or disabled (2.2s)
  ✓  159 [chromium] › tests/e2e/action-states/action-state-personas.spec.ts:30:11 › Action-state personas — natural persona sees action, read-only does not › [Production] prodCorrectionRequested › natural persona sees action button (1.8s)
  ✓  160 [chromium] › tests/e2e/action-states/action-state-personas.spec.ts:39:11 › Action-state personas — natural persona sees action, read-only does not › [Production] prodCorrectionRequested › read-only auditor: route loads but action button hidden or disabled (1.6s)
  ✓  161 [chromium] › tests/e2e/action-states/action-state-personas.spec.ts:30:11 › Action-state personas — natural persona sees action, read-only does not › [Production] prodApprovedNotMarked › natural persona sees action button (1.3s)
  ✓  162 [chromium] › tests/e2e/action-states/action-state-personas.spec.ts:39:11 › Action-state personas — natural persona sees action, read-only does not › [Production] prodApprovedNotMarked › read-only auditor: route loads but action button hidden or disabled (1.6s)
  ✓  163 [chromium] › tests/e2e/action-states/action-state-personas.spec.ts:30:11 › Action-state personas — natural persona sees action, read-only does not › [Production] prodVoid › natural persona sees action button (1.6s)
  ✓  164 [chromium] › tests/e2e/action-states/action-state-personas.spec.ts:39:11 › Action-state personas — natural persona sees action, read-only does not › [Production] prodVoid › read-only auditor: route loads but action button hidden or disabled (997ms)
  ✓  165 [chromium] › tests/e2e/action-states/action-state-personas.spec.ts:30:11 › Action-state personas — natural persona sees action, read-only does not › [QC] qcPending › natural persona sees action button (1.2s)
  ✓  166 [chromium] › tests/e2e/action-states/action-state-personas.spec.ts:39:11 › Action-state personas — natural persona sees action, read-only does not › [QC] qcPending › read-only auditor: route loads but action button hidden or disabled (1.2s)
  ✓  167 [chromium] › tests/e2e/action-states/action-state-personas.spec.ts:30:11 › Action-state personas — natural persona sees action, read-only does not › [QC] qcInReview › natural persona sees action button (1.2s)
  ✓  168 [chromium] › tests/e2e/action-states/action-state-personas.spec.ts:39:11 › Action-state personas — natural persona sees action, read-only does not › [QC] qcInReview › read-only auditor: route loads but action button hidden or disabled (1.1s)
  ✓  169 [chromium] › tests/e2e/action-states/action-state-personas.spec.ts:30:11 › Action-state personas — natural persona sees action, read-only does not › [QC] qcCorrectionRequested › natural persona sees action button (1.4s)
  ✓  170 [chromium] › tests/e2e/action-states/action-state-personas.spec.ts:39:11 › Action-state personas — natural persona sees action, read-only does not › [QC] qcCorrectionRequested › read-only auditor: route loads but action button hidden or disabled (1.2s)
  ✓  171 [chromium] › tests/e2e/action-states/action-state-personas.spec.ts:30:11 › Action-state personas — natural persona sees action, read-only does not › [QC] qcVoid › natural persona sees action button (1.7s)
  ✓  172 [chromium] › tests/e2e/action-states/action-state-personas.spec.ts:39:11 › Action-state personas — natural persona sees action, read-only does not › [QC] qcVoid › read-only auditor: route loads but action button hidden or disabled (1.5s)
  ✓  173 [chromium] › tests/e2e/action-states/action-state-personas.spec.ts:30:11 › Action-state personas — natural persona sees action, read-only does not › [Billable] billableDraft › natural persona sees action button (1.9s)
  ✓  174 [chromium] › tests/e2e/action-states/action-state-personas.spec.ts:39:11 › Action-state personas — natural persona sees action, read-only does not › [Billable] billableDraft › read-only auditor: route loads but action button hidden or disabled (1.7s)
  ✓  175 [chromium] › tests/e2e/action-states/action-state-personas.spec.ts:30:11 › Action-state personas — natural persona sees action, read-only does not › [Billable] billableOnHold › natural persona sees action button (2.2s)
  ✓  176 [chromium] › tests/e2e/action-states/action-state-personas.spec.ts:39:11 › Action-state personas — natural persona sees action, read-only does not › [Billable] billableOnHold › read-only auditor: route loads but action button hidden or disabled (2.4s)
  ✓  177 [chromium] › tests/e2e/action-states/action-state-personas.spec.ts:30:11 › Action-state personas — natural persona sees action, read-only does not › [Billable] billableDisputed › natural persona sees action button (2.3s)
  ✓  178 [chromium] › tests/e2e/action-states/action-state-personas.spec.ts:39:11 › Action-state personas — natural persona sees action, read-only does not › [Billable] billableDisputed › read-only auditor: route loads but action button hidden or disabled (1.9s)
  ✓  179 [chromium] › tests/e2e/action-states/action-state-personas.spec.ts:30:11 › Action-state personas — natural persona sees action, read-only does not › [Billable] billableVoid › natural persona sees action button (2.1s)
  ✓  180 [chromium] › tests/e2e/action-states/action-state-personas.spec.ts:39:11 › Action-state personas — natural persona sees action, read-only does not › [Billable] billableVoid › read-only auditor: route loads but action button hidden or disabled (1.3s)
  ✓  181 [chromium] › tests/e2e/action-states/action-state-personas.spec.ts:30:11 › Action-state personas — natural persona sees action, read-only does not › [Settlement] settlementDraft › natural persona sees action button (1.4s)
  ✓  182 [chromium] › tests/e2e/action-states/action-state-personas.spec.ts:39:11 › Action-state personas — natural persona sees action, read-only does not › [Settlement] settlementDraft › read-only auditor: route loads but action button hidden or disabled (1.5s)
  ✓  183 [chromium] › tests/e2e/action-states/action-state-personas.spec.ts:30:11 › Action-state personas — natural persona sees action, read-only does not › [Settlement] settlementItemDraft › natural persona sees action button (1.4s)
  ✓  184 [chromium] › tests/e2e/action-states/action-state-personas.spec.ts:39:11 › Action-state personas — natural persona sees action, read-only does not › [Settlement] settlementItemDraft › read-only auditor: route loads but action button hidden or disabled (1.3s)
  ✓  185 [chromium] › tests/e2e/action-states/action-state-personas.spec.ts:30:11 › Action-state personas — natural persona sees action, read-only does not › [Settlement] settlementUnderReview › natural persona sees action button (1.7s)
  ✓  186 [chromium] › tests/e2e/action-states/action-state-personas.spec.ts:39:11 › Action-state personas — natural persona sees action, read-only does not › [Settlement] settlementUnderReview › read-only auditor: route loads but action button hidden or disabled (1.4s)
  ✓  187 [chromium] › tests/e2e/action-states/action-state-personas.spec.ts:30:11 › Action-state personas — natural persona sees action, read-only does not › [Settlement] settlementApproved › natural persona sees action button (1.3s)
  ✓  188 [chromium] › tests/e2e/action-states/action-state-personas.spec.ts:39:11 › Action-state personas — natural persona sees action, read-only does not › [Settlement] settlementApproved › read-only auditor: route loads but action button hidden or disabled (1.5s)
  ✓  189 [chromium] › tests/e2e/action-states/action-state-personas.spec.ts:30:11 › Action-state personas — natural persona sees action, read-only does not › [Settlement] settlementDisputed › natural persona sees action button (1.9s)
  ✓  190 [chromium] › tests/e2e/action-states/action-state-personas.spec.ts:39:11 › Action-state personas — natural persona sees action, read-only does not › [Settlement] settlementDisputed › read-only auditor: route loads but action button hidden or disabled (1.6s)
  ✓  191 [chromium] › tests/e2e/action-states/action-state-personas.spec.ts:30:11 › Action-state personas — natural persona sees action, read-only does not › [Settlement] settlementVoid › natural persona sees action button (2.9s)
  ✓  192 [chromium] › tests/e2e/action-states/action-state-personas.spec.ts:39:11 › Action-state personas — natural persona sees action, read-only does not › [Settlement] settlementVoid › read-only auditor: route loads but action button hidden or disabled (3.0s)
  ✓  193 [chromium] › tests/e2e/action-states/action-state-personas.spec.ts:30:11 › Action-state personas — natural persona sees action, read-only does not › [Invoice] invoiceDraft › natural persona sees action button (2.5s)
  ✓  194 [chromium] › tests/e2e/action-states/action-state-personas.spec.ts:39:11 › Action-state personas — natural persona sees action, read-only does not › [Invoice] invoiceDraft › read-only auditor: route loads but action button hidden or disabled (1.9s)
  ✓  195 [chromium] › tests/e2e/action-states/action-state-personas.spec.ts:30:11 › Action-state personas — natural persona sees action, read-only does not › [Invoice] invoiceItemDraft › natural persona sees action button (2.6s)
  ✓  196 [chromium] › tests/e2e/action-states/action-state-personas.spec.ts:39:11 › Action-state personas — natural persona sees action, read-only does not › [Invoice] invoiceItemDraft › read-only auditor: route loads but action button hidden or disabled (1.7s)
  ✓  197 [chromium] › tests/e2e/action-states/action-state-personas.spec.ts:30:11 › Action-state personas — natural persona sees action, read-only does not › [Invoice] invoiceUnderReview › natural persona sees action button (2.1s)
  ✓  198 [chromium] › tests/e2e/action-states/action-state-personas.spec.ts:39:11 › Action-state personas — natural persona sees action, read-only does not › [Invoice] invoiceUnderReview › read-only auditor: route loads but action button hidden or disabled (1.2s)
  ✓  199 [chromium] › tests/e2e/action-states/action-state-personas.spec.ts:30:11 › Action-state personas — natural persona sees action, read-only does not › [Invoice] invoiceApproved › natural persona sees action button (1.7s)
  ✓  200 [chromium] › tests/e2e/action-states/action-state-personas.spec.ts:39:11 › Action-state personas — natural persona sees action, read-only does not › [Invoice] invoiceApproved › read-only auditor: route loads but action button hidden or disabled (1.1s)
  ✓  201 [chromium] › tests/e2e/action-states/action-state-personas.spec.ts:30:11 › Action-state personas — natural persona sees action, read-only does not › [Invoice] invoiceDisputed › natural persona sees action button (1.7s)
  ✓  202 [chromium] › tests/e2e/action-states/action-state-personas.spec.ts:39:11 › Action-state personas — natural persona sees action, read-only does not › [Invoice] invoiceDisputed › read-only auditor: route loads but action button hidden or disabled (1.1s)
  ✓  203 [chromium] › tests/e2e/action-states/action-state-personas.spec.ts:30:11 › Action-state personas — natural persona sees action, read-only does not › [Invoice] invoiceVoid › natural persona sees action button (1.8s)
  ✓  204 [chromium] › tests/e2e/action-states/action-state-personas.spec.ts:39:11 › Action-state personas — natural persona sees action, read-only does not › [Invoice] invoiceVoid › read-only auditor: route loads but action button hidden or disabled (2.0s)
  ✓  205 [chromium] › tests/e2e/action-states/action-state-personas.spec.ts:30:11 › Action-state personas — natural persona sees action, read-only does not › [Cash] cashReceiptUnapplied › natural persona sees action button (2.0s)
  ✓  206 [chromium] › tests/e2e/action-states/action-state-personas.spec.ts:39:11 › Action-state personas — natural persona sees action, read-only does not › [Cash] cashReceiptUnapplied › read-only auditor: route loads but action button hidden or disabled (1.4s)
  ✓  207 [chromium] › tests/e2e/action-states/action-state-personas.spec.ts:30:11 › Action-state personas — natural persona sees action, read-only does not › [Cash] cashReceiptVoidTarget › natural persona sees action button (2.0s)
  ✓  208 [chromium] › tests/e2e/action-states/action-state-personas.spec.ts:39:11 › Action-state personas — natural persona sees action, read-only does not › [Cash] cashReceiptVoidTarget › read-only auditor: route loads but action button hidden or disabled (1.7s)
  ✓  209 [chromium] › tests/e2e/action-states/action-state-personas.spec.ts:30:11 › Action-state personas — natural persona sees action, read-only does not › [Cash] cashReceiptVoid › natural persona sees action button (3.2s)
  ✓  210 [chromium] › tests/e2e/action-states/action-state-personas.spec.ts:39:11 › Action-state personas — natural persona sees action, read-only does not › [Cash] cashReceiptVoid › read-only auditor: route loads but action button hidden or disabled (2.4s)
  ✓  211 [chromium] › tests/e2e/action-states/action-state-personas.spec.ts:30:11 › Action-state personas — natural persona sees action, read-only does not › [Cash] paymentApplicationApplied › natural persona sees action button (2.0s)
  ✓  212 [chromium] › tests/e2e/action-states/action-state-personas.spec.ts:39:11 › Action-state personas — natural persona sees action, read-only does not › [Cash] paymentApplicationApplied › read-only auditor: route loads but action button hidden or disabled (1.7s)
  ✓  213 [chromium] › tests/e2e/action-states/action-state-personas.spec.ts:30:11 › Action-state personas — natural persona sees action, read-only does not › [Cash] paymentApplicationVoid › natural persona sees action button (1.8s)
  ✓  214 [chromium] › tests/e2e/action-states/action-state-personas.spec.ts:39:11 › Action-state personas — natural persona sees action, read-only does not › [Cash] paymentApplicationVoid › read-only auditor: route loads but action button hidden or disabled (1.3s)
  ✓  215 [chromium] › tests/e2e/action-states/action-state-personas.spec.ts:30:11 › Action-state personas — natural persona sees action, read-only does not › [Collections] collectionCaseOpen › natural persona sees action button (1.2s)
  ✓  216 [chromium] › tests/e2e/action-states/action-state-personas.spec.ts:39:11 › Action-state personas — natural persona sees action, read-only does not › [Collections] collectionCaseOpen › read-only auditor: route loads but action button hidden or disabled (1.1s)
  ✓  217 [chromium] › tests/e2e/action-states/action-state-personas.spec.ts:30:11 › Action-state personas — natural persona sees action, read-only does not › [Collections] collectionCaseClosed › natural persona sees action button (1.5s)
  ✓  218 [chromium] › tests/e2e/action-states/action-state-personas.spec.ts:39:11 › Action-state personas — natural persona sees action, read-only does not › [Collections] collectionCaseClosed › read-only auditor: route loads but action button hidden or disabled (1.3s)
  ✓  219 [chromium] › tests/e2e/action-states/action-state-personas.spec.ts:30:11 › Action-state personas — natural persona sees action, read-only does not › [Collections] collectionActionPlanned › natural persona sees action button (1.3s)
  ✓  220 [chromium] › tests/e2e/action-states/action-state-personas.spec.ts:39:11 › Action-state personas — natural persona sees action, read-only does not › [Collections] collectionActionPlanned › read-only auditor: route loads but action button hidden or disabled (1.1s)
  ✓  221 [chromium] › tests/e2e/action-states/action-state-personas.spec.ts:30:11 › Action-state personas — natural persona sees action, read-only does not › [Collections] collectionActionCompleted › natural persona sees action button (1.2s)
  ✓  222 [chromium] › tests/e2e/action-states/action-state-personas.spec.ts:39:11 › Action-state personas — natural persona sees action, read-only does not › [Collections] collectionActionCompleted › read-only auditor: route loads but action button hidden or disabled (1.0s)
  ✓  223 [chromium] › tests/e2e/action-states/action-state-personas.spec.ts:30:11 › Action-state personas — natural persona sees action, read-only does not › [Contractor Payable] cpayDraft › natural persona sees action button (2.1s)
  ✓  224 [chromium] › tests/e2e/action-states/action-state-personas.spec.ts:39:11 › Action-state personas — natural persona sees action, read-only does not › [Contractor Payable] cpayDraft › read-only auditor: route loads but action button hidden or disabled (1.6s)
  ✓  225 [chromium] › tests/e2e/action-states/action-state-personas.spec.ts:30:11 › Action-state personas — natural persona sees action, read-only does not › [Contractor Payable] cpayItemDraft › natural persona sees action button (2.6s)
  ✓  226 [chromium] › tests/e2e/action-states/action-state-personas.spec.ts:39:11 › Action-state personas — natural persona sees action, read-only does not › [Contractor Payable] cpayItemDraft › read-only auditor: route loads but action button hidden or disabled (1.9s)
  ✓  227 [chromium] › tests/e2e/action-states/action-state-personas.spec.ts:30:11 › Action-state personas — natural persona sees action, read-only does not › [Contractor Payable] cpayUnderReview › natural persona sees action button (2.8s)
  ✓  228 [chromium] › tests/e2e/action-states/action-state-personas.spec.ts:39:11 › Action-state personas — natural persona sees action, read-only does not › [Contractor Payable] cpayUnderReview › read-only auditor: route loads but action button hidden or disabled (2.1s)
  ✓  229 [chromium] › tests/e2e/action-states/action-state-personas.spec.ts:30:11 › Action-state personas — natural persona sees action, read-only does not › [Contractor Payable] cpayApproved › natural persona sees action button (2.6s)
  ✓  230 [chromium] › tests/e2e/action-states/action-state-personas.spec.ts:39:11 › Action-state personas — natural persona sees action, read-only does not › [Contractor Payable] cpayApproved › read-only auditor: route loads but action button hidden or disabled (1.8s)
  ✓  231 [chromium] › tests/e2e/action-states/action-state-personas.spec.ts:30:11 › Action-state personas — natural persona sees action, read-only does not › [Contractor Payable] cpayDisputed › natural persona sees action button (2.3s)
  ✓  232 [chromium] › tests/e2e/action-states/action-state-personas.spec.ts:39:11 › Action-state personas — natural persona sees action, read-only does not › [Contractor Payable] cpayDisputed › read-only auditor: route loads but action button hidden or disabled (1.1s)
  ✓  233 [chromium] › tests/e2e/action-states/action-state-personas.spec.ts:30:11 › Action-state personas — natural persona sees action, read-only does not › [Contractor Payable] cpayVoid › natural persona sees action button (1.6s)
  ✓  234 [chromium] › tests/e2e/action-states/action-state-personas.spec.ts:39:11 › Action-state personas — natural persona sees action, read-only does not › [Contractor Payable] cpayVoid › read-only auditor: route loads but action button hidden or disabled (951ms)
  ✓  235 [chromium] › tests/e2e/action-states/action-state-personas.spec.ts:30:11 › Action-state personas — natural persona sees action, read-only does not › [Payroll] payrollDraft › natural persona sees action button (1.4s)
  ✓  236 [chromium] › tests/e2e/action-states/action-state-personas.spec.ts:39:11 › Action-state personas — natural persona sees action, read-only does not › [Payroll] payrollDraft › read-only auditor: route loads but action button hidden or disabled (935ms)
  ✓  237 [chromium] › tests/e2e/action-states/action-state-personas.spec.ts:30:11 › Action-state personas — natural persona sees action, read-only does not › [Payroll] payrollItemDraft › natural persona sees action button (1.1s)
  ✓  238 [chromium] › tests/e2e/action-states/action-state-personas.spec.ts:39:11 › Action-state personas — natural persona sees action, read-only does not › [Payroll] payrollItemDraft › read-only auditor: route loads but action button hidden or disabled (849ms)
  ✓  239 [chromium] › tests/e2e/action-states/action-state-personas.spec.ts:30:11 › Action-state personas — natural persona sees action, read-only does not › [Payroll] payrollUnderReview › natural persona sees action button (1.1s)
  ✓  240 [chromium] › tests/e2e/action-states/action-state-personas.spec.ts:39:11 › Action-state personas — natural persona sees action, read-only does not › [Payroll] payrollUnderReview › read-only auditor: route loads but action button hidden or disabled (1.2s)
  ✓  241 [chromium] › tests/e2e/action-states/action-state-personas.spec.ts:30:11 › Action-state personas — natural persona sees action, read-only does not › [Payroll] payrollApproved › natural persona sees action button (1.6s)
  ✓  242 [chromium] › tests/e2e/action-states/action-state-personas.spec.ts:39:11 › Action-state personas — natural persona sees action, read-only does not › [Payroll] payrollApproved › read-only auditor: route loads but action button hidden or disabled (1.1s)
  ✓  243 [chromium] › tests/e2e/action-states/action-state-personas.spec.ts:30:11 › Action-state personas — natural persona sees action, read-only does not › [Payroll] payrollDisputed › natural persona sees action button (1.2s)
  ✓  244 [chromium] › tests/e2e/action-states/action-state-personas.spec.ts:39:11 › Action-state personas — natural persona sees action, read-only does not › [Payroll] payrollDisputed › read-only auditor: route loads but action button hidden or disabled (1.5s)
  ✓  245 [chromium] › tests/e2e/action-states/action-state-personas.spec.ts:30:11 › Action-state personas — natural persona sees action, read-only does not › [Payroll] payrollVoid › natural persona sees action button (1.9s)
  ✓  246 [chromium] › tests/e2e/action-states/action-state-personas.spec.ts:39:11 › Action-state personas — natural persona sees action, read-only does not › [Payroll] payrollVoid › read-only auditor: route loads but action button hidden or disabled (1.8s)
  ✓  247 [chromium] › tests/e2e/action-states/action-state-personas.spec.ts:30:11 › Action-state personas — natural persona sees action, read-only does not › [Payment Execution] paymentBatchDraft › natural persona sees action button (2.0s)
  ✓  248 [chromium] › tests/e2e/action-states/action-state-personas.spec.ts:39:11 › Action-state personas — natural persona sees action, read-only does not › [Payment Execution] paymentBatchDraft › read-only auditor: route loads but action button hidden or disabled (2.0s)
  ✓  249 [chromium] › tests/e2e/action-states/action-state-personas.spec.ts:30:11 › Action-state personas — natural persona sees action, read-only does not › [Payment Execution] paymentItemDraft › natural persona sees action button (2.6s)
  ✓  250 [chromium] › tests/e2e/action-states/action-state-personas.spec.ts:39:11 › Action-state personas — natural persona sees action, read-only does not › [Payment Execution] paymentItemDraft › read-only auditor: route loads but action button hidden or disabled (2.0s)
  ✓  251 [chromium] › tests/e2e/action-states/action-state-personas.spec.ts:30:11 › Action-state personas — natural persona sees action, read-only does not › [Payment Execution] paymentBatchUnderReview › natural persona sees action button (2.8s)
  ✓  252 [chromium] › tests/e2e/action-states/action-state-personas.spec.ts:39:11 › Action-state personas — natural persona sees action, read-only does not › [Payment Execution] paymentBatchUnderReview › read-only auditor: route loads but action button hidden or disabled (1.6s)
  ✓  253 [chromium] › tests/e2e/action-states/action-state-personas.spec.ts:30:11 › Action-state personas — natural persona sees action, read-only does not › [Payment Execution] paymentBatchApproved › natural persona sees action button (2.2s)
  ✓  254 [chromium] › tests/e2e/action-states/action-state-personas.spec.ts:39:11 › Action-state personas — natural persona sees action, read-only does not › [Payment Execution] paymentBatchApproved › read-only auditor: route loads but action button hidden or disabled (1.5s)
  ✓  255 [chromium] › tests/e2e/action-states/action-state-personas.spec.ts:30:11 › Action-state personas — natural persona sees action, read-only does not › [Payment Execution] paymentBatchScheduled › natural persona sees action button (1.9s)
  ✓  256 [chromium] › tests/e2e/action-states/action-state-personas.spec.ts:39:11 › Action-state personas — natural persona sees action, read-only does not › [Payment Execution] paymentBatchScheduled › read-only auditor: route loads but action button hidden or disabled (1.2s)
  ✓  257 [chromium] › tests/e2e/action-states/action-state-personas.spec.ts:30:11 › Action-state personas — natural persona sees action, read-only does not › [Payment Execution] paymentBatchExecutionSubmitted › natural persona sees action button (1.4s)
  ✓  258 [chromium] › tests/e2e/action-states/action-state-personas.spec.ts:39:11 › Action-state personas — natural persona sees action, read-only does not › [Payment Execution] paymentBatchExecutionSubmitted › read-only auditor: route loads but action button hidden or disabled (1.2s)
  ✓  259 [chromium] › tests/e2e/action-states/action-state-personas.spec.ts:30:11 › Action-state personas — natural persona sees action, read-only does not › [Payment Execution] paymentBatchVoidTarget › natural persona sees action button (1.3s)
  ✓  260 [chromium] › tests/e2e/action-states/action-state-personas.spec.ts:39:11 › Action-state personas — natural persona sees action, read-only does not › [Payment Execution] paymentBatchVoidTarget › read-only auditor: route loads but action button hidden or disabled (907ms)
  ✓  261 [chromium] › tests/e2e/action-states/action-state-personas.spec.ts:30:11 › Action-state personas — natural persona sees action, read-only does not › [Payment Execution] paymentBatchVoid › natural persona sees action button (1.5s)
  ✓  262 [chromium] › tests/e2e/action-states/action-state-personas.spec.ts:39:11 › Action-state personas — natural persona sees action, read-only does not › [Payment Execution] paymentBatchVoid › read-only auditor: route loads but action button hidden or disabled (883ms)
  ✓  263 [chromium] › tests/e2e/action-states/action-state-personas.spec.ts:30:11 › Action-state personas — natural persona sees action, read-only does not › [Bank Reconciliation] bankAccountArchivable › natural persona sees action button (1.0s)
  ✓  264 [chromium] › tests/e2e/action-states/action-state-personas.spec.ts:39:11 › Action-state personas — natural persona sees action, read-only does not › [Bank Reconciliation] bankAccountArchivable › read-only auditor: route loads but action button hidden or disabled (933ms)
  ✓  265 [chromium] › tests/e2e/action-states/action-state-personas.spec.ts:30:11 › Action-state personas — natural persona sees action, read-only does not › [Bank Reconciliation] bankTxnUnmatchedDebit › natural persona sees action button (1.2s)
  ✓  266 [chromium] › tests/e2e/action-states/action-state-personas.spec.ts:39:11 › Action-state personas — natural persona sees action, read-only does not › [Bank Reconciliation] bankTxnUnmatchedDebit › read-only auditor: route loads but action button hidden or disabled (1.2s)
  ✓  267 [chromium] › tests/e2e/action-states/action-state-personas.spec.ts:30:11 › Action-state personas — natural persona sees action, read-only does not › [Bank Reconciliation] bankTxnUnmatchedCredit › natural persona sees action button (1.4s)
  ✓  268 [chromium] › tests/e2e/action-states/action-state-personas.spec.ts:39:11 › Action-state personas — natural persona sees action, read-only does not › [Bank Reconciliation] bankTxnUnmatchedCredit › read-only auditor: route loads but action button hidden or disabled (1.3s)
  ✓  269 [chromium] › tests/e2e/action-states/action-state-personas.spec.ts:30:11 › Action-state personas — natural persona sees action, read-only does not › [Bank Reconciliation] bankTxnExceptionNone › natural persona sees action button (1.8s)
  ✓  270 [chromium] › tests/e2e/action-states/action-state-personas.spec.ts:39:11 › Action-state personas — natural persona sees action, read-only does not › [Bank Reconciliation] bankTxnExceptionNone › read-only auditor: route loads but action button hidden or disabled (3.1s)
  ✓  271 [chromium] › tests/e2e/action-states/action-state-personas.spec.ts:30:11 › Action-state personas — natural persona sees action, read-only does not › [Bank Reconciliation] bankTxnExceptionOpen › natural persona sees action button (3.5s)
  ✓  272 [chromium] › tests/e2e/action-states/action-state-personas.spec.ts:39:11 › Action-state personas — natural persona sees action, read-only does not › [Bank Reconciliation] bankTxnExceptionOpen › read-only auditor: route loads but action button hidden or disabled (4.3s)
  ✓  273 [chromium] › tests/e2e/action-states/action-state-personas.spec.ts:30:11 › Action-state personas — natural persona sees action, read-only does not › [Bank Reconciliation] bankTxnIgnorable › natural persona sees action button (5.1s)
  ✓  274 [chromium] › tests/e2e/action-states/action-state-personas.spec.ts:39:11 › Action-state personas — natural persona sees action, read-only does not › [Bank Reconciliation] bankTxnIgnorable › read-only auditor: route loads but action button hidden or disabled (3.1s)
  ✓  275 [chromium] › tests/e2e/action-states/action-state-personas.spec.ts:30:11 › Action-state personas — natural persona sees action, read-only does not › [Bank Reconciliation] reconMatchProposed › natural persona sees action button (2.5s)
  ✓  276 [chromium] › tests/e2e/action-states/action-state-personas.spec.ts:39:11 › Action-state personas — natural persona sees action, read-only does not › [Bank Reconciliation] reconMatchProposed › read-only auditor: route loads but action button hidden or disabled (1.9s)
  ✓  277 [chromium] › tests/e2e/action-states/action-state-personas.spec.ts:30:11 › Action-state personas — natural persona sees action, read-only does not › [Accounting Export] aexDraft › natural persona sees action button (1.7s)
  ✓  278 [chromium] › tests/e2e/action-states/action-state-personas.spec.ts:39:11 › Action-state personas — natural persona sees action, read-only does not › [Accounting Export] aexDraft › read-only auditor: route loads but action button hidden or disabled (1.8s)
  ✓  279 [chromium] › tests/e2e/action-states/action-state-personas.spec.ts:30:11 › Action-state personas — natural persona sees action, read-only does not › [Accounting Export] aexItemDraft › natural persona sees action button (1.4s)
  ✓  280 [chromium] › tests/e2e/action-states/action-state-personas.spec.ts:39:11 › Action-state personas — natural persona sees action, read-only does not › [Accounting Export] aexItemDraft › read-only auditor: route loads but action button hidden or disabled (1.3s)
  ✓  281 [chromium] › tests/e2e/action-states/action-state-personas.spec.ts:30:11 › Action-state personas — natural persona sees action, read-only does not › [Accounting Export] aexGenerated › natural persona sees action button (2.0s)
  ✓  282 [chromium] › tests/e2e/action-states/action-state-personas.spec.ts:39:11 › Action-state personas — natural persona sees action, read-only does not › [Accounting Export] aexGenerated › read-only auditor: route loads but action button hidden or disabled (1.1s)
  ✓  283 [chromium] › tests/e2e/action-states/action-state-personas.spec.ts:30:11 › Action-state personas — natural persona sees action, read-only does not › [Accounting Export] aexUnderReview › natural persona sees action button (1.5s)
  ✓  284 [chromium] › tests/e2e/action-states/action-state-personas.spec.ts:39:11 › Action-state personas — natural persona sees action, read-only does not › [Accounting Export] aexUnderReview › read-only auditor: route loads but action button hidden or disabled (1.2s)
  ✓  285 [chromium] › tests/e2e/action-states/action-state-personas.spec.ts:30:11 › Action-state personas — natural persona sees action, read-only does not › [Accounting Export] aexSubmitted › natural persona sees action button (2.0s)
  ✓  286 [chromium] › tests/e2e/action-states/action-state-personas.spec.ts:39:11 › Action-state personas — natural persona sees action, read-only does not › [Accounting Export] aexSubmitted › read-only auditor: route loads but action button hidden or disabled (1.9s)
  ✓  287 [chromium] › tests/e2e/action-states/action-state-personas.spec.ts:30:11 › Action-state personas — natural persona sees action, read-only does not › [Accounting Export] aexCancelable › natural persona sees action button (2.8s)
  ✓  288 [chromium] › tests/e2e/action-states/action-state-personas.spec.ts:39:11 › Action-state personas — natural persona sees action, read-only does not › [Accounting Export] aexCancelable › read-only auditor: route loads but action button hidden or disabled (3.2s)
  ✓  289 [chromium] › tests/e2e/action-states/action-state-personas.spec.ts:71:9 › Action-state personas — backend denies writes for read-only auditor › [Production] prodDraft: backend denies write as read-only (88ms)
  ✓  290 [chromium] › tests/e2e/action-states/action-state-personas.spec.ts:71:9 › Action-state personas — backend denies writes for read-only auditor › [Settlement] settlementDraft: backend denies write as read-only (83ms)
  ✓  291 [chromium] › tests/e2e/action-states/action-state-personas.spec.ts:71:9 › Action-state personas — backend denies writes for read-only auditor › [Invoice] invoiceApproved: backend denies write as read-only (66ms)
  ✓  292 [chromium] › tests/e2e/action-states/action-state-personas.spec.ts:71:9 › Action-state personas — backend denies writes for read-only auditor › [Accounting Export] aexDraft: backend denies write as read-only (59ms)
  ✓  293 [chromium] › tests/e2e/action-states/action-state-readiness.spec.ts:21:9 › Action-state readiness — route loads, label hydrates, action visible › [Production] prodDraft: route loads and action label visible (4.8s)
  ✓  294 [chromium] › tests/e2e/action-states/action-state-readiness.spec.ts:21:9 › Action-state readiness — route loads, label hydrates, action visible › [Production] prodSubmitted: route loads and action label visible (3.5s)
  ✓  295 [chromium] › tests/e2e/action-states/action-state-readiness.spec.ts:21:9 › Action-state readiness — route loads, label hydrates, action visible › [Production] prodUnderReview: route loads and action label visible (2.3s)
  ✓  296 [chromium] › tests/e2e/action-states/action-state-readiness.spec.ts:21:9 › Action-state readiness — route loads, label hydrates, action visible › [Production] prodCorrectionRequested: route loads and action label visible (1.8s)
  ✓  297 [chromium] › tests/e2e/action-states/action-state-readiness.spec.ts:21:9 › Action-state readiness — route loads, label hydrates, action visible › [Production] prodApprovedNotMarked: route loads and action label visible (1.6s)
  ✓  298 [chromium] › tests/e2e/action-states/action-state-readiness.spec.ts:21:9 › Action-state readiness — route loads, label hydrates, action visible › [Production] prodVoid: route loads and action label visible (1.8s)
  ✓  299 [chromium] › tests/e2e/action-states/action-state-readiness.spec.ts:21:9 › Action-state readiness — route loads, label hydrates, action visible › [QC] qcPending: route loads and action label visible (1.5s)
  ✓  300 [chromium] › tests/e2e/action-states/action-state-readiness.spec.ts:21:9 › Action-state readiness — route loads, label hydrates, action visible › [QC] qcInReview: route loads and action label visible (1.4s)
  ✓  301 [chromium] › tests/e2e/action-states/action-state-readiness.spec.ts:21:9 › Action-state readiness — route loads, label hydrates, action visible › [QC] qcCorrectionRequested: route loads and action label visible (1.4s)
  ✓  302 [chromium] › tests/e2e/action-states/action-state-readiness.spec.ts:21:9 › Action-state readiness — route loads, label hydrates, action visible › [QC] qcVoid: route loads and action label visible (2.9s)
  ✓  303 [chromium] › tests/e2e/action-states/action-state-readiness.spec.ts:21:9 › Action-state readiness — route loads, label hydrates, action visible › [Billable] billableDraft: route loads and action label visible (2.3s)
  ✓  304 [chromium] › tests/e2e/action-states/action-state-readiness.spec.ts:21:9 › Action-state readiness — route loads, label hydrates, action visible › [Billable] billableOnHold: route loads and action label visible (3.3s)
  ✓  305 [chromium] › tests/e2e/action-states/action-state-readiness.spec.ts:21:9 › Action-state readiness — route loads, label hydrates, action visible › [Billable] billableDisputed: route loads and action label visible (5.0s)
  ✓  306 [chromium] › tests/e2e/action-states/action-state-readiness.spec.ts:21:9 › Action-state readiness — route loads, label hydrates, action visible › [Billable] billableVoid: route loads and action label visible (7.9s)
  ✓  307 [chromium] › tests/e2e/action-states/action-state-readiness.spec.ts:21:9 › Action-state readiness — route loads, label hydrates, action visible › [Settlement] settlementDraft: route loads and action label visible (6.0s)
  ✓  308 [chromium] › tests/e2e/action-states/action-state-readiness.spec.ts:21:9 › Action-state readiness — route loads, label hydrates, action visible › [Settlement] settlementItemDraft: route loads and action label visible (4.2s)
  ✓  309 [chromium] › tests/e2e/action-states/action-state-readiness.spec.ts:21:9 › Action-state readiness — route loads, label hydrates, action visible › [Settlement] settlementUnderReview: route loads and action label visible (3.1s)
  ✓  310 [chromium] › tests/e2e/action-states/action-state-readiness.spec.ts:21:9 › Action-state readiness — route loads, label hydrates, action visible › [Settlement] settlementApproved: route loads and action label visible (2.4s)
  ✓  311 [chromium] › tests/e2e/action-states/action-state-readiness.spec.ts:21:9 › Action-state readiness — route loads, label hydrates, action visible › [Settlement] settlementDisputed: route loads and action label visible (1.8s)
  ✓  312 [chromium] › tests/e2e/action-states/action-state-readiness.spec.ts:21:9 › Action-state readiness — route loads, label hydrates, action visible › [Settlement] settlementVoid: route loads and action label visible (2.3s)
  ✓  313 [chromium] › tests/e2e/action-states/action-state-readiness.spec.ts:21:9 › Action-state readiness — route loads, label hydrates, action visible › [Invoice] invoiceDraft: route loads and action label visible (1.7s)
  ✓  314 [chromium] › tests/e2e/action-states/action-state-readiness.spec.ts:21:9 › Action-state readiness — route loads, label hydrates, action visible › [Invoice] invoiceItemDraft: route loads and action label visible (1.8s)
  ✓  315 [chromium] › tests/e2e/action-states/action-state-readiness.spec.ts:21:9 › Action-state readiness — route loads, label hydrates, action visible › [Invoice] invoiceUnderReview: route loads and action label visible (1.8s)
  ✓  316 [chromium] › tests/e2e/action-states/action-state-readiness.spec.ts:21:9 › Action-state readiness — route loads, label hydrates, action visible › [Invoice] invoiceApproved: route loads and action label visible (1.8s)
  ✓  317 [chromium] › tests/e2e/action-states/action-state-readiness.spec.ts:21:9 › Action-state readiness — route loads, label hydrates, action visible › [Invoice] invoiceDisputed: route loads and action label visible (2.5s)
  ✓  318 [chromium] › tests/e2e/action-states/action-state-readiness.spec.ts:21:9 › Action-state readiness — route loads, label hydrates, action visible › [Invoice] invoiceVoid: route loads and action label visible (3.3s)
  ✓  319 [chromium] › tests/e2e/action-states/action-state-readiness.spec.ts:21:9 › Action-state readiness — route loads, label hydrates, action visible › [Cash] cashReceiptUnapplied: route loads and action label visible (3.2s)
  ✓  320 [chromium] › tests/e2e/action-states/action-state-readiness.spec.ts:21:9 › Action-state readiness — route loads, label hydrates, action visible › [Cash] cashReceiptVoidTarget: route loads and action label visible (4.0s)
  ✓  321 [chromium] › tests/e2e/action-states/action-state-readiness.spec.ts:21:9 › Action-state readiness — route loads, label hydrates, action visible › [Cash] cashReceiptVoid: route loads and action label visible (5.8s)
  ✓  322 [chromium] › tests/e2e/action-states/action-state-readiness.spec.ts:21:9 › Action-state readiness — route loads, label hydrates, action visible › [Cash] paymentApplicationApplied: route loads and action label visible (5.2s)
  ✓  323 [chromium] › tests/e2e/action-states/action-state-readiness.spec.ts:21:9 › Action-state readiness — route loads, label hydrates, action visible › [Cash] paymentApplicationVoid: route loads and action label visible (5.6s)
  ✓  324 [chromium] › tests/e2e/action-states/action-state-readiness.spec.ts:21:9 › Action-state readiness — route loads, label hydrates, action visible › [Collections] collectionCaseOpen: route loads and action label visible (3.1s)
  ✓  325 [chromium] › tests/e2e/action-states/action-state-readiness.spec.ts:21:9 › Action-state readiness — route loads, label hydrates, action visible › [Collections] collectionCaseClosed: route loads and action label visible (3.1s)
  ✓  326 [chromium] › tests/e2e/action-states/action-state-readiness.spec.ts:21:9 › Action-state readiness — route loads, label hydrates, action visible › [Collections] collectionActionPlanned: route loads and action label visible (3.8s)
  ✓  327 [chromium] › tests/e2e/action-states/action-state-readiness.spec.ts:21:9 › Action-state readiness — route loads, label hydrates, action visible › [Collections] collectionActionCompleted: route loads and action label visible (3.9s)
  ✓  328 [chromium] › tests/e2e/action-states/action-state-readiness.spec.ts:21:9 › Action-state readiness — route loads, label hydrates, action visible › [Contractor Payable] cpayDraft: route loads and action label visible (3.7s)
  ✓  329 [chromium] › tests/e2e/action-states/action-state-readiness.spec.ts:21:9 › Action-state readiness — route loads, label hydrates, action visible › [Contractor Payable] cpayItemDraft: route loads and action label visible (2.1s)
  ✓  330 [chromium] › tests/e2e/action-states/action-state-readiness.spec.ts:21:9 › Action-state readiness — route loads, label hydrates, action visible › [Contractor Payable] cpayUnderReview: route loads and action label visible (1.6s)
  ✓  331 [chromium] › tests/e2e/action-states/action-state-readiness.spec.ts:21:9 › Action-state readiness — route loads, label hydrates, action visible › [Contractor Payable] cpayApproved: route loads and action label visible (1.4s)
  ✓  332 [chromium] › tests/e2e/action-states/action-state-readiness.spec.ts:21:9 › Action-state readiness — route loads, label hydrates, action visible › [Contractor Payable] cpayDisputed: route loads and action label visible (1.5s)
  ✓  333 [chromium] › tests/e2e/action-states/action-state-readiness.spec.ts:21:9 › Action-state readiness — route loads, label hydrates, action visible › [Contractor Payable] cpayVoid: route loads and action label visible (1.4s)
  ✓  334 [chromium] › tests/e2e/action-states/action-state-readiness.spec.ts:21:9 › Action-state readiness — route loads, label hydrates, action visible › [Payroll] payrollDraft: route loads and action label visible (917ms)
  ✓  335 [chromium] › tests/e2e/action-states/action-state-readiness.spec.ts:21:9 › Action-state readiness — route loads, label hydrates, action visible › [Payroll] payrollItemDraft: route loads and action label visible (924ms)
  ✓  336 [chromium] › tests/e2e/action-states/action-state-readiness.spec.ts:21:9 › Action-state readiness — route loads, label hydrates, action visible › [Payroll] payrollUnderReview: route loads and action label visible (1.1s)
  ✓  337 [chromium] › tests/e2e/action-states/action-state-readiness.spec.ts:21:9 › Action-state readiness — route loads, label hydrates, action visible › [Payroll] payrollApproved: route loads and action label visible (1.0s)
  ✓  338 [chromium] › tests/e2e/action-states/action-state-readiness.spec.ts:21:9 › Action-state readiness — route loads, label hydrates, action visible › [Payroll] payrollDisputed: route loads and action label visible (910ms)
  ✓  339 [chromium] › tests/e2e/action-states/action-state-readiness.spec.ts:21:9 › Action-state readiness — route loads, label hydrates, action visible › [Payroll] payrollVoid: route loads and action label visible (1.2s)
  ✓  340 [chromium] › tests/e2e/action-states/action-state-readiness.spec.ts:21:9 › Action-state readiness — route loads, label hydrates, action visible › [Payment Execution] paymentBatchDraft: route loads and action label visible (958ms)
  ✓  341 [chromium] › tests/e2e/action-states/action-state-readiness.spec.ts:21:9 › Action-state readiness — route loads, label hydrates, action visible › [Payment Execution] paymentItemDraft: route loads and action label visible (927ms)
  ✓  342 [chromium] › tests/e2e/action-states/action-state-readiness.spec.ts:21:9 › Action-state readiness — route loads, label hydrates, action visible › [Payment Execution] paymentBatchUnderReview: route loads and action label visible (1.1s)
  ✓  343 [chromium] › tests/e2e/action-states/action-state-readiness.spec.ts:21:9 › Action-state readiness — route loads, label hydrates, action visible › [Payment Execution] paymentBatchApproved: route loads and action label visible (1.7s)
  ✓  344 [chromium] › tests/e2e/action-states/action-state-readiness.spec.ts:21:9 › Action-state readiness — route loads, label hydrates, action visible › [Payment Execution] paymentBatchScheduled: route loads and action label visible (2.3s)
  ✓  345 [chromium] › tests/e2e/action-states/action-state-readiness.spec.ts:21:9 › Action-state readiness — route loads, label hydrates, action visible › [Payment Execution] paymentBatchExecutionSubmitted: route loads and action label visible (1.6s)
  ✓  346 [chromium] › tests/e2e/action-states/action-state-readiness.spec.ts:21:9 › Action-state readiness — route loads, label hydrates, action visible › [Payment Execution] paymentBatchVoidTarget: route loads and action label visible (999ms)
  ✓  347 [chromium] › tests/e2e/action-states/action-state-readiness.spec.ts:21:9 › Action-state readiness — route loads, label hydrates, action visible › [Payment Execution] paymentBatchVoid: route loads and action label visible (1.0s)
  ✓  348 [chromium] › tests/e2e/action-states/action-state-readiness.spec.ts:21:9 › Action-state readiness — route loads, label hydrates, action visible › [Bank Reconciliation] bankAccountArchivable: route loads and action label visible (833ms)
  ✓  349 [chromium] › tests/e2e/action-states/action-state-readiness.spec.ts:21:9 › Action-state readiness — route loads, label hydrates, action visible › [Bank Reconciliation] bankTxnUnmatchedDebit: route loads and action label visible (899ms)
  ✓  350 [chromium] › tests/e2e/action-states/action-state-readiness.spec.ts:21:9 › Action-state readiness — route loads, label hydrates, action visible › [Bank Reconciliation] bankTxnUnmatchedCredit: route loads and action label visible (964ms)
  ✓  351 [chromium] › tests/e2e/action-states/action-state-readiness.spec.ts:21:9 › Action-state readiness — route loads, label hydrates, action visible › [Bank Reconciliation] bankTxnExceptionNone: route loads and action label visible (1.0s)
  ✓  352 [chromium] › tests/e2e/action-states/action-state-readiness.spec.ts:21:9 › Action-state readiness — route loads, label hydrates, action visible › [Bank Reconciliation] bankTxnExceptionOpen: route loads and action label visible (1.1s)
  ✓  353 [chromium] › tests/e2e/action-states/action-state-readiness.spec.ts:21:9 › Action-state readiness — route loads, label hydrates, action visible › [Bank Reconciliation] bankTxnIgnorable: route loads and action label visible (1.1s)
  ✓  354 [chromium] › tests/e2e/action-states/action-state-readiness.spec.ts:21:9 › Action-state readiness — route loads, label hydrates, action visible › [Bank Reconciliation] reconMatchProposed: route loads and action label visible (879ms)
  ✓  355 [chromium] › tests/e2e/action-states/action-state-readiness.spec.ts:21:9 › Action-state readiness — route loads, label hydrates, action visible › [Accounting Export] aexDraft: route loads and action label visible (1.2s)
  ✓  356 [chromium] › tests/e2e/action-states/action-state-readiness.spec.ts:21:9 › Action-state readiness — route loads, label hydrates, action visible › [Accounting Export] aexItemDraft: route loads and action label visible (1.1s)
  ✓  357 [chromium] › tests/e2e/action-states/action-state-readiness.spec.ts:21:9 › Action-state readiness — route loads, label hydrates, action visible › [Accounting Export] aexGenerated: route loads and action label visible (999ms)
  ✓  358 [chromium] › tests/e2e/action-states/action-state-readiness.spec.ts:21:9 › Action-state readiness — route loads, label hydrates, action visible › [Accounting Export] aexUnderReview: route loads and action label visible (1.4s)
  ✓  359 [chromium] › tests/e2e/action-states/action-state-readiness.spec.ts:21:9 › Action-state readiness — route loads, label hydrates, action visible › [Accounting Export] aexSubmitted: route loads and action label visible (1.3s)
  ✓  360 [chromium] › tests/e2e/action-states/action-state-readiness.spec.ts:21:9 › Action-state readiness — route loads, label hydrates, action visible › [Accounting Export] aexCancelable: route loads and action label visible (1.8s)
  ✓  361 [chromium] › tests/e2e/action-states/action-state-submit.spec.ts:86:7 › Action-state full submit certification › [Billable] billableDraft: Recalculate Readiness submits without mutation (1.7s)
  ✓  362 [chromium] › tests/e2e/action-states/action-state-submit.spec.ts:97:7 › Action-state full submit certification › [Settlement] settlementItemDraft: Recalculate Readiness submits without mutation (2.2s)
  ✓  363 [chromium] › tests/e2e/action-states/action-state-submit.spec.ts:108:7 › Action-state full submit certification › [Contractor Payable] cpayItemDraft: Recalculate Totals submits without mutation (2.4s)
  ✓  364 [chromium] › tests/e2e/action-states/action-state-submit.spec.ts:119:7 › Action-state full submit certification › [Payroll] payrollItemDraft: Recalculate Totals submits without mutation (2.3s)
  ✓  365 [chromium] › tests/e2e/action-states/action-state-submit.spec.ts:132:7 › Action-state full submit certification › [Production] legacy draft without reviewed safety cannot submit (2.0s)
  ✓  366 [chromium] › tests/e2e/action-states/action-state-submit.spec.ts:147:7 › Action-state full submit certification › [Production] prodSubmitted: Start Review → status=under_review (2.2s)
  ✓  367 [chromium] › tests/e2e/action-states/action-state-submit.spec.ts:160:7 › Action-state full submit certification › [Production] prodUnderReview: Approve → status=approved (2.8s)
  ✓  368 [chromium] › tests/e2e/action-states/action-state-submit.spec.ts:177:7 › Action-state full submit certification › [Production] legacy correction without reviewed safety cannot advance (1.9s)
  ✓  369 [chromium] › tests/e2e/action-states/action-state-submit.spec.ts:193:7 › Action-state full submit certification › [Production] prodApprovedNotMarked: Mark Billable → billable_status=billable (2.4s)
  ✓  370 [chromium] › tests/e2e/action-states/action-state-submit.spec.ts:209:7 › Action-state full submit certification › [Production] prodVoid: Archive → status=archived (2.2s)
  ✓  371 [chromium] › tests/e2e/action-states/action-state-submit.spec.ts:225:7 › Action-state full submit certification › [QC] qcPending: Start Review → review_status=in_review (1.7s)
  ✓  372 [chromium] › tests/e2e/action-states/action-state-submit.spec.ts:238:7 › Action-state full submit certification › [QC] qcInReview: Approve → review_status=approved (1.6s)
  ✓  373 [chromium] › tests/e2e/action-states/action-state-submit.spec.ts:255:7 › Action-state full submit certification › [QC] qcCorrectionRequested: Mark Corrected → review_status=corrected (1.4s)
  ✓  374 [chromium] › tests/e2e/action-states/action-state-submit.spec.ts:269:7 › Action-state full submit certification › [QC] qcVoid: Archive → review_status=archived (1.5s)
  ✓  375 [chromium] › tests/e2e/action-states/action-state-submit.spec.ts:285:7 › Action-state full submit certification › [Billable] billableOnHold: Release Hold → status != held (1.6s)
  ✓  376 [chromium] › tests/e2e/action-states/action-state-submit.spec.ts:299:7 › Action-state full submit certification › [Billable] billableDisputed: Resolve Dispute → status != disputed (1.4s)
  ✓  377 [chromium] › tests/e2e/action-states/action-state-submit.spec.ts:313:7 › Action-state full submit certification › [Billable] billableVoid: Archive → status=archived (1.5s)
  ✓  378 [chromium] › tests/e2e/action-states/action-state-submit.spec.ts:332:7 › Action-state full submit certification › [Bank Recon] bankAccountArchivable: Archive → status=archived (1.6s)
  ✓  379 [chromium] › tests/e2e/action-states/action-state-submit.spec.ts:346:7 › Action-state full submit certification › [Bank Recon] bankTxnUnmatchedDebit: Match Payment Batch → reconciliation_match created (1.6s)
  ✓  380 [chromium] › tests/e2e/action-states/action-state-submit.spec.ts:363:7 › Action-state full submit certification › [Bank Recon] bankTxnUnmatchedCredit: Match Cash Receipt → reconciliation_match created [deferred-fix] (1.7s)
  ✓  381 [chromium] › tests/e2e/action-states/action-state-submit.spec.ts:380:7 › Action-state full submit certification › [Bank Recon] bankTxnExceptionNone: Open Exception → exception_status=open (1.7s)
  ✓  382 [chromium] › tests/e2e/action-states/action-state-submit.spec.ts:394:7 › Action-state full submit certification › [Bank Recon] bankTxnExceptionOpen: Resolve Exception → exception_status != open (1.4s)
  ✓  383 [chromium] › tests/e2e/action-states/action-state-submit.spec.ts:408:7 › Action-state full submit certification › [Bank Recon] bankTxnIgnorable: Ignore → reconciliation_status=ignored (1.8s)
  ✓  384 [chromium] › tests/e2e/action-states/action-state-submit.spec.ts:422:7 › Action-state full submit certification › [Bank Recon] reconMatchProposed: Review → match_status=reviewed (1.4s)
  ✓  385 [chromium] › tests/e2e/action-states/action-state-submit.spec.ts:439:7 › Action-state full submit certification › [Cash] cashReceiptUnapplied: Apply To Invoice → payment_application created (1.5s)
  ✓  386 [chromium] › tests/e2e/action-states/action-state-submit.spec.ts:457:7 › Action-state full submit certification › [Cash] cashReceiptVoidTarget: Void → receipt_status=voided (1.9s)
  ✓  387 [chromium] › tests/e2e/action-states/action-state-submit.spec.ts:471:7 › Action-state full submit certification › [Cash] cashReceiptVoid: Archive → receipt_status=archived (2.2s)
  ✓  388 [chromium] › tests/e2e/action-states/action-state-submit.spec.ts:485:7 › Action-state full submit certification › [Cash] paymentApplicationApplied: Void → application_status=voided (2.2s)
  ✓  389 [chromium] › tests/e2e/action-states/action-state-submit.spec.ts:499:7 › Action-state full submit certification › [Cash] paymentApplicationVoid: Archive → application_status=archived (1.9s)
  ✓  390 [chromium] › tests/e2e/action-states/action-state-submit.spec.ts:517:7 › Action-state full submit certification › [Invoice] invoiceDraft: Submit Review → status=ready_for_review (1.8s)
  ✓  391 [chromium] › tests/e2e/action-states/action-state-submit.spec.ts:530:7 › Action-state full submit certification › [Invoice] invoiceItemDraft: Reject → approval_status=rejected (2.0s)
  ✓  392 [chromium] › tests/e2e/action-states/action-state-submit.spec.ts:546:7 › Action-state full submit certification › [Invoice] invoiceUnderReview: Reject → status=rejected (2.1s)
  ✓  393 [chromium] › tests/e2e/action-states/action-state-submit.spec.ts:560:7 › Action-state full submit certification › [Invoice] legacy Mark Sent opens package review and blocks missing approved terms (1.7s)
  ✓  394 [chromium] › tests/e2e/action-states/action-state-submit.spec.ts:575:7 › Action-state full submit certification › [Invoice] invoiceDisputed: Resolve Dispute → status != disputed (1.7s)
  ✓  395 [chromium] › tests/e2e/action-states/action-state-submit.spec.ts:589:7 › Action-state full submit certification › [Invoice] invoiceVoid: Archive → status=archived (1.8s)
  ✓  396 [chromium] › tests/e2e/action-states/action-state-submit.spec.ts:605:7 › Action-state full submit certification › [Settlement] settlementDraft: Submit Review → status=ready_for_review (1.7s)
  ✓  397 [chromium] › tests/e2e/action-states/action-state-submit.spec.ts:618:7 › Action-state full submit certification › [Settlement] settlementUnderReview: Reject → status=rejected (1.5s)
  ✓  398 [chromium] › tests/e2e/action-states/action-state-submit.spec.ts:632:7 › Action-state full submit certification › [Settlement] settlementApproved: Mark Invoice Ready → invoice_ready (1.6s)
  ✓  399 [chromium] › tests/e2e/action-states/action-state-submit.spec.ts:649:7 › Action-state full submit certification › [Settlement] settlementDisputed: Resolve Dispute → status != disputed (1.4s)
  ✓  400 [chromium] › tests/e2e/action-states/action-state-submit.spec.ts:663:7 › Action-state full submit certification › [Settlement] settlementVoid: Archive → status=archived (1.5s)
  ✓  401 [chromium] › tests/e2e/action-states/action-state-submit.spec.ts:679:7 › Action-state full submit certification › [Collections] collectionCaseOpen: Assign Owner → assigned_owner_user_id set (1.6s)
  ✓  402 [chromium] › tests/e2e/action-states/action-state-submit.spec.ts:694:7 › Action-state full submit certification › [Collections] collectionCaseClosed: Archive → case_status=archived (1.6s)
  ✓  403 [chromium] › tests/e2e/action-states/action-state-submit.spec.ts:708:7 › Action-state full submit certification › [Collections] collectionActionPlanned: Complete → action_status=completed (1.3s)
  ✓  404 [chromium] › tests/e2e/action-states/action-state-submit.spec.ts:721:7 › Action-state full submit certification › [Collections] collectionActionCompleted: Archive Action → action_status=archived (1.2s)
  ✓  405 [chromium] › tests/e2e/action-states/action-state-submit.spec.ts:737:7 › Action-state full submit certification › [Contractor Payable] cpayDraft: Submit Review → status=ready_for_review (1.2s)
  ✓  406 [chromium] › tests/e2e/action-states/action-state-submit.spec.ts:750:7 › Action-state full submit certification › [Contractor Payable] cpayUnderReview: missing accepted-work lineage blocks Approve (1.2s)
  ✓  407 [chromium] › tests/e2e/action-states/action-state-submit.spec.ts:766:7 › Action-state full submit certification › [Contractor Payable] cpayApproved: missing accepted-work lineage blocks Mark Payment Ready (1.4s)
  ✓  408 [chromium] › tests/e2e/action-states/action-state-submit.spec.ts:782:7 › Action-state full submit certification › [Contractor Payable] cpayDisputed: Resolve Dispute → status != disputed (1.6s)
  ✓  409 [chromium] › tests/e2e/action-states/action-state-submit.spec.ts:796:7 › Action-state full submit certification › [Contractor Payable] cpayVoid: Archive → status=archived (1.9s)
  ✓  410 [chromium] › tests/e2e/action-states/action-state-submit.spec.ts:812:7 › Action-state full submit certification › [Payroll] payrollDraft: Submit Review → status=ready_for_review (1.4s)
  ✓  411 [chromium] › tests/e2e/action-states/action-state-submit.spec.ts:825:7 › Action-state full submit certification › [Payroll] payrollUnderReview: Approve → status=approved (1.6s)
  ✓  412 [chromium] › tests/e2e/action-states/action-state-submit.spec.ts:839:7 › Action-state full submit certification › [Payroll] payrollApproved: Mark Payroll Ready → payroll_readiness_status=ready_for_payroll (1.9s)
  ✓  413 [chromium] › tests/e2e/action-states/action-state-submit.spec.ts:853:7 › Action-state full submit certification › [Payroll] payrollDisputed: Resolve Dispute → status != disputed (1.7s)
  ✓  414 [chromium] › tests/e2e/action-states/action-state-submit.spec.ts:867:7 › Action-state full submit certification › [Payroll] payrollVoid: Archive → status=archived (1.8s)
  ✓  415 [chromium] › tests/e2e/action-states/action-state-submit.spec.ts:886:7 › Action-state full submit certification › [Payment Execution] paymentBatchDraft: Submit Review → status=ready_for_review (2.4s)
  ✓  416 [chromium] › tests/e2e/action-states/action-state-submit.spec.ts:899:7 › Action-state full submit certification › [Payment Execution] paymentItemDraft: Archive Item → status=archived (2.3s)
  ✓  417 [chromium] › tests/e2e/action-states/action-state-submit.spec.ts:913:7 › Action-state full submit certification › [Payment Execution] paymentBatchUnderReview: missing accepted-work lineage blocks advancement (2.4s)
  ✓  418 [chromium] › tests/e2e/action-states/action-state-submit.spec.ts:929:7 › Action-state full submit certification › [Payment Execution] paymentBatchApproved: missing accepted-work lineage blocks advancement (2.8s)
  ✓  419 [chromium] › tests/e2e/action-states/action-state-submit.spec.ts:945:7 › Action-state full submit certification › [Payment Execution] paymentBatchVoidTarget: Void → status=voided [deferred-fix] (3.1s)
  ✓  420 [chromium] › tests/e2e/action-states/action-state-submit.spec.ts:959:7 › Action-state full submit certification › [Payment Execution] paymentBatchScheduled: missing accepted-work lineage blocks advancement (2.2s)
  ✓  421 [chromium] › tests/e2e/action-states/action-state-submit.spec.ts:975:7 › Action-state full submit certification › [Payment Execution] paymentBatchExecutionSubmitted: missing accepted-work lineage blocks advancement (2.5s)
  ✓  422 [chromium] › tests/e2e/action-states/action-state-submit.spec.ts:992:7 › Action-state full submit certification › [Payment Execution] paymentBatchVoid: Archive → status=archived (2.2s)
  ✓  423 [chromium] › tests/e2e/action-states/action-state-submit.spec.ts:1008:7 › Action-state full submit certification › [Accounting Export] aexDraft: Submit Review → status=ready_for_review (2.1s)
  ✓  424 [chromium] › tests/e2e/action-states/action-state-submit.spec.ts:1021:7 › Action-state full submit certification › [Accounting Export] aexItemDraft: Archive Item → export_status=archived (1.6s)
  ✓  425 [chromium] › tests/e2e/action-states/action-state-submit.spec.ts:1035:7 › Action-state full submit certification › [Accounting Export] aexGenerated: Mark Submitted → export_status=submitted_later (2.0s)
  ✓  426 [chromium] › tests/e2e/action-states/action-state-submit.spec.ts:1049:7 › Action-state full submit certification › [Accounting Export] aexUnderReview: Approve → approval_status=approved (2.0s)
  ✓  427 [chromium] › tests/e2e/action-states/action-state-submit.spec.ts:1063:7 › Action-state full submit certification › [Accounting Export] aexSubmitted: Mark Accepted → export_status=accepted_later (2.2s)
  ✓  428 [chromium] › tests/e2e/action-states/action-state-submit.spec.ts:1077:7 › Action-state full submit certification › [Accounting Export] aexCancelable: Cancel → status=cancelled (2.3s)
  ✓  429 [chromium] › tests/e2e/action-states/application-permission-denials.spec.ts:12:38 › all protected writes deny missing grants for system-admin (100ms)
  ✓  430 [chromium] › tests/e2e/action-states/application-permission-denials.spec.ts:12:38 › all protected writes deny missing grants for growth-operator (5.5s)
  ✓  431 [chromium] › tests/e2e/action-states/application-permission-denials.spec.ts:12:38 › all protected writes deny missing grants for ops-manager (7.2s)
  ✓  432 [chromium] › tests/e2e/action-states/application-permission-denials.spec.ts:12:38 › all protected writes deny missing grants for field-supervisor (8.1s)
  ✓  433 [chromium] › tests/e2e/action-states/application-permission-denials.spec.ts:12:38 › all protected writes deny missing grants for qc-reviewer (7.5s)
  ✓  434 [chromium] › tests/e2e/action-states/application-permission-denials.spec.ts:12:38 › all protected writes deny missing grants for finance-user (5.7s)
  ✓  435 [chromium] › tests/e2e/action-states/application-permission-denials.spec.ts:12:38 › all protected writes deny missing grants for collections-specialist (5.0s)
  ✓  436 [chromium] › tests/e2e/action-states/application-permission-denials.spec.ts:12:38 › all protected writes deny missing grants for payables-payroll-admin (5.3s)
  ✓  437 [chromium] › tests/e2e/action-states/application-permission-denials.spec.ts:12:38 › all protected writes deny missing grants for accounting-manager (6.7s)
  ✓  438 [chromium] › tests/e2e/action-states/application-permission-denials.spec.ts:12:38 › all protected writes deny missing grants for read-only-auditor (8.9s)
  ✓  439 [chromium] › tests/e2e/action-states/application-permission-denials.spec.ts:12:38 › all protected writes deny missing grants for qc-manager (8.9s)
  ✓  440 [chromium] › tests/e2e/action-states/application-permission-denials.spec.ts:12:38 › all protected writes deny missing grants for billing-manager (6.0s)
  ✓  441 [chromium] › tests/e2e/auth.spec.ts:8:7 › E2E auth storage state foundation › system admin storage state is generated and can open the app shell (1.3s)
  ✓  442 [chromium] › tests/e2e/bank-match-permission.spec.ts:12:7 › bank match tabs honor read-only access and lifecycle (1.2s)
  ✓  443 [chromium] › tests/e2e/bank-match-permission.spec.ts:12:7 › bank match tabs honor authorized access and lifecycle (1.5s)
  ✓  444 [chromium] › tests/e2e/bank-match-permission.spec.ts:12:7 › bank match tabs honor archived access and lifecycle (989ms)
  ✓  445 [chromium] › tests/e2e/boundaries/boundary-copy.spec.ts:31:9 › Boundary placeholder and copy certification › Production boundary copy is visible (1.4s)
  ✓  446 [chromium] › tests/e2e/boundaries/boundary-copy.spec.ts:31:9 › Boundary placeholder and copy certification › QC boundary copy is visible (1.5s)
  ✓  447 [chromium] › tests/e2e/boundaries/boundary-copy.spec.ts:31:9 › Boundary placeholder and copy certification › Billable boundary copy is visible (1.4s)
  ✓  448 [chromium] › tests/e2e/boundaries/boundary-copy.spec.ts:31:9 › Boundary placeholder and copy certification › Settlement boundary copy is visible (1.6s)
  ✓  449 [chromium] › tests/e2e/boundaries/boundary-copy.spec.ts:31:9 › Boundary placeholder and copy certification › Invoice boundary copy is visible (1.6s)
  ✓  450 [chromium] › tests/e2e/boundaries/boundary-copy.spec.ts:31:9 › Boundary placeholder and copy certification › Cash boundary copy is visible (1.5s)
  ✓  451 [chromium] › tests/e2e/boundaries/boundary-copy.spec.ts:31:9 › Boundary placeholder and copy certification › Collection boundary copy is visible (1.5s)
  ✓  452 [chromium] › tests/e2e/boundaries/boundary-copy.spec.ts:31:9 › Boundary placeholder and copy certification › Contractor boundary copy is visible (1.4s)
  ✓  453 [chromium] › tests/e2e/boundaries/boundary-copy.spec.ts:31:9 › Boundary placeholder and copy certification › Payroll boundary copy is visible (1.5s)
  ✓  454 [chromium] › tests/e2e/boundaries/boundary-copy.spec.ts:31:9 › Boundary placeholder and copy certification › Payment boundary copy is visible (1.6s)
  ✓  455 [chromium] › tests/e2e/boundaries/boundary-copy.spec.ts:31:9 › Boundary placeholder and copy certification › Bank boundary copy is visible (2.0s)
  ✓  456 [chromium] › tests/e2e/boundaries/boundary-copy.spec.ts:31:9 › Boundary placeholder and copy certification › Accounting boundary copy is visible (2.0s)
  ✓  457 [chromium] › tests/e2e/boundaries/downstream-creation.spec.ts:32:9 › Forbidden downstream creation boundaries › production inspection creates no forbidden downstream objects (1.5s)
  ✓  458 [chromium] › tests/e2e/boundaries/downstream-creation.spec.ts:32:9 › Forbidden downstream creation boundaries › invoice inspection creates no forbidden downstream objects (1.7s)
  ✓  459 [chromium] › tests/e2e/boundaries/downstream-creation.spec.ts:32:9 › Forbidden downstream creation boundaries › cash receipt inspection creates no forbidden downstream objects (2.0s)
  ✓  460 [chromium] › tests/e2e/boundaries/downstream-creation.spec.ts:32:9 › Forbidden downstream creation boundaries › collections inspection creates no forbidden downstream objects (2.2s)
  ✓  461 [chromium] › tests/e2e/boundaries/downstream-creation.spec.ts:32:9 › Forbidden downstream creation boundaries › payment execution inspection creates no forbidden downstream objects (2.4s)
  ✓  462 [chromium] › tests/e2e/boundaries/downstream-creation.spec.ts:32:9 › Forbidden downstream creation boundaries › bank reconciliation inspection creates no forbidden downstream objects (2.2s)
  ✓  463 [chromium] › tests/e2e/boundaries/downstream-creation.spec.ts:32:9 › Forbidden downstream creation boundaries › accounting export inspection creates no forbidden downstream objects (2.2s)
  ✓  464 [chromium] › tests/e2e/boundaries/source-mutation.spec.ts:12:7 › Source mutation boundaries › bank reconciliation inspection does not alter invoice balance fields (1.7s)
  ✓  465 [chromium] › tests/e2e/boundaries/source-mutation.spec.ts:19:7 › Source mutation boundaries › accounting export inspection does not alter source invoice or payment batch status (1.4s)
  ✓  466 [chromium] › tests/e2e/boundaries/source-mutation.spec.ts:26:7 › Source mutation boundaries › collections inspection does not alter invoice balance fields (2.1s)
  ✓  467 [chromium] › tests/e2e/boundary-assertions.spec.ts:16:7 › Boundary assertion foundation › Payment Execution route inspection does not create bank transactions (2.0s)
  ✓  468 [chromium] › tests/e2e/boundary-assertions.spec.ts:22:7 › Boundary assertion foundation › Bank Reconciliation route inspection does not create accounting exports (1.5s)
  ✓  469 [chromium] › tests/e2e/boundary-assertions.spec.ts:28:7 › Boundary assertion foundation › Accounting Export route inspection does not mutate source financial records (1.4s)
  ✓  470 [chromium] › tests/e2e/coil-policy-organization-choice.spec.ts:11:5 › policy counterparty uses organization names and preserves the nullable default (1.3s)
  ✓  471 [chromium] › tests/e2e/coil-policy-organization-choice.spec.ts:35:5 › policy writers without organization read never load or display organization choices (1.0s)
  ✓  472 [chromium] › tests/e2e/coil-policy-organization-choice.spec.ts:45:5 › separate production item uses named choices and a failed save preserves the policy draft (1.4s)
  ✓  473 [chromium] › tests/e2e/dashboard-access.spec.ts:7:5 › a resource reader cannot open a dashboard or request its metrics (1.0s)
  ✓  474 [chromium] › tests/e2e/dashboard-access.spec.ts:17:5 › dashboard requests use the signed-in identity and preserve successful metrics (905ms)
  ✓  475 [chromium] › tests/e2e/dashboard-access.spec.ts:31:7 › / reports failed data instead of a zero dashboard (991ms)
  ✓  476 [chromium] › tests/e2e/dashboard-access.spec.ts:31:7 › /executive reports failed data instead of a zero dashboard (1.1s)
  ✓  477 [chromium] › tests/e2e/dashboard-access.spec.ts:31:7 › /operations reports failed data instead of a zero dashboard (1.1s)
  ✓  478 [chromium] › tests/e2e/dashboard-access.spec.ts:31:7 › /finance reports failed data instead of a zero dashboard (890ms)
  ✓  479 [chromium] › tests/e2e/dashboard-access.spec.ts:31:7 › /growth reports failed data instead of a zero dashboard (887ms)
  ✓  480 [chromium] › tests/e2e/dashboard-access.spec.ts:31:7 › /constraints-center reports failed data instead of a zero dashboard (939ms)
  ✓  481 [chromium] › tests/e2e/dashboard-access.spec.ts:31:7 › /recommendations-center reports failed data instead of a zero dashboard (1.2s)
  ✓  482 [chromium] › tests/e2e/dashboard-access.spec.ts:31:7 › /kpis-center reports failed data instead of a zero dashboard (813ms)
  ✓  483 [chromium] › tests/e2e/dashboard-access.spec.ts:31:7 › /workflows-center reports failed data instead of a zero dashboard (991ms)
  ✓  484 [chromium] › tests/e2e/dashboard-access.spec.ts:41:5 › unauthenticated requests never receive server-rendered dashboard metrics (760ms)
  ✓  485 [chromium] › tests/e2e/dashboard-access.spec.ts:53:5 › login falls back to the permitted queue when the suggested dashboard is not authorized (1.4s)
  ✓  486 [chromium] › tests/e2e/detail-hydration/checkpoint-details.spec.ts:11:9 › Seeded detail hydration › Signal detail renders seeded checkpoint data (892ms)
  ✓  487 [chromium] › tests/e2e/detail-hydration/checkpoint-details.spec.ts:11:9 › Seeded detail hydration › Organization detail renders seeded checkpoint data (948ms)
  ✓  488 [chromium] › tests/e2e/detail-hydration/checkpoint-details.spec.ts:11:9 › Seeded detail hydration › Contact detail renders seeded checkpoint data (1.0s)
  ✓  489 [chromium] › tests/e2e/detail-hydration/checkpoint-details.spec.ts:11:9 › Seeded detail hydration › Relationship Map detail renders seeded checkpoint data (849ms)
  ✓  490 [chromium] › tests/e2e/detail-hydration/checkpoint-details.spec.ts:11:9 › Seeded detail hydration › Opportunity Candidate detail renders seeded checkpoint data (1.1s)
  ✓  491 [chromium] › tests/e2e/detail-hydration/checkpoint-details.spec.ts:11:9 › Seeded detail hydration › Opportunity detail renders seeded checkpoint data (1.1s)
  ✓  492 [chromium] › tests/e2e/detail-hydration/checkpoint-details.spec.ts:11:9 › Seeded detail hydration › Coverage Plan detail renders seeded checkpoint data (1.1s)
  ✓  493 [chromium] › tests/e2e/detail-hydration/checkpoint-details.spec.ts:11:9 › Seeded detail hydration › Project detail renders seeded checkpoint data (1.4s)
  ✓  494 [chromium] › tests/e2e/detail-hydration/checkpoint-details.spec.ts:11:9 › Seeded detail hydration › Work Order detail renders seeded checkpoint data (1.4s)
  ✓  495 [chromium] › tests/e2e/detail-hydration/checkpoint-details.spec.ts:11:9 › Seeded detail hydration › Production Record detail renders seeded checkpoint data (1.4s)
  ✓  496 [chromium] › tests/e2e/detail-hydration/checkpoint-details.spec.ts:11:9 › Seeded detail hydration › QC Review detail renders seeded checkpoint data (1.5s)
  ✓  497 [chromium] › tests/e2e/detail-hydration/checkpoint-details.spec.ts:11:9 › Seeded detail hydration › Billable Item detail renders seeded checkpoint data (1.6s)
  ✓  498 [chromium] › tests/e2e/detail-hydration/checkpoint-details.spec.ts:11:9 › Seeded detail hydration › Settlement detail renders seeded checkpoint data (1.3s)
  ✓  499 [chromium] › tests/e2e/detail-hydration/checkpoint-details.spec.ts:11:9 › Seeded detail hydration › Invoice detail renders seeded checkpoint data (1.9s)
  ✓  500 [chromium] › tests/e2e/detail-hydration/checkpoint-details.spec.ts:11:9 › Seeded detail hydration › Cash Receipt detail renders seeded checkpoint data (1.4s)
  ✓  501 [chromium] › tests/e2e/detail-hydration/checkpoint-details.spec.ts:11:9 › Seeded detail hydration › Payment Application detail renders seeded checkpoint data (1.8s)
  ✓  502 [chromium] › tests/e2e/detail-hydration/checkpoint-details.spec.ts:11:9 › Seeded detail hydration › Collection Case detail renders seeded checkpoint data (1.9s)
  ✓  503 [chromium] › tests/e2e/detail-hydration/checkpoint-details.spec.ts:11:9 › Seeded detail hydration › Collection Action detail renders seeded checkpoint data (1.8s)
  ✓  504 [chromium] › tests/e2e/detail-hydration/checkpoint-details.spec.ts:11:9 › Seeded detail hydration › Contractor Payable detail renders seeded checkpoint data (1.5s)
  ✓  505 [chromium] › tests/e2e/detail-hydration/checkpoint-details.spec.ts:11:9 › Seeded detail hydration › Payroll Run detail renders seeded checkpoint data (1.7s)
  ✓  506 [chromium] › tests/e2e/detail-hydration/checkpoint-details.spec.ts:11:9 › Seeded detail hydration › Payment Batch detail renders seeded checkpoint data (1.6s)
  ✓  507 [chromium] › tests/e2e/detail-hydration/checkpoint-details.spec.ts:11:9 › Seeded detail hydration › Payment Item detail renders seeded checkpoint data (1.9s)
  ✓  508 [chromium] › tests/e2e/detail-hydration/checkpoint-details.spec.ts:11:9 › Seeded detail hydration › Bank Account detail renders seeded checkpoint data (2.4s)
  ✓  509 [chromium] › tests/e2e/detail-hydration/checkpoint-details.spec.ts:11:9 › Seeded detail hydration › Bank Transaction detail renders seeded checkpoint data (1.7s)
  ✓  510 [chromium] › tests/e2e/detail-hydration/checkpoint-details.spec.ts:11:9 › Seeded detail hydration › Reconciliation Match detail renders seeded checkpoint data (2.4s)
  ✓  511 [chromium] › tests/e2e/detail-hydration/checkpoint-details.spec.ts:11:9 › Seeded detail hydration › Accounting Export Batch detail renders seeded checkpoint data (2.7s)
  ✓  512 [chromium] › tests/e2e/detail-hydration/checkpoint-details.spec.ts:11:9 › Seeded detail hydration › Accounting Export Item detail renders seeded checkpoint data (1.8s)
  ✓  513 [chromium] › tests/e2e/executive-command-throughput.spec.ts:33:7 › P16 Executive Command Center throughput and daily decision support › authorized executive can open Command Center; Partner and cross-tenant users are denied (1.2s)
  ✓  514 [chromium] › tests/e2e/executive-command-throughput.spec.ts:49:7 › P16 Executive Command Center throughput and daily decision support › growth and capacity KPIs consume P15/P14 without mutating opportunities or assignments (38ms)
  ✓  515 [chromium] › tests/e2e/executive-command-throughput.spec.ts:63:7 › P16 Executive Command Center throughput and daily decision support › production and Customer QC KPIs are unit-aware and separate Customer delay from Partner correction (38ms)
  ✓  516 [chromium] › tests/e2e/executive-command-throughput.spec.ts:76:7 › P16 Executive Command Center throughput and daily decision support › finance KPIs preserve Customer revenue and Partner payable chain separation (54ms)
  ✓  517 [chromium] › tests/e2e/executive-command-throughput.spec.ts:90:7 › P16 Executive Command Center throughput and daily decision support › daily actions are deterministic, deduped, routed, and do not execute source actions (68ms)
  ✓  518 [chromium] › tests/e2e/executive-command-throughput.spec.ts:104:7 › P16 Executive Command Center throughput and daily decision support › scheduled scan is locked and idempotent; no rates, secrets, Worker PII, or auto-actions leak (274ms)
  ✓  519 [chromium] › tests/e2e/history-search-and-admin.spec.ts:4:5 › record history search is usable, scoped and recoverable (1.1s)
  ✓  520 [chromium] › tests/e2e/history-search-and-admin.spec.ts:9:5 › administration uses member search and hides unauthorized controls (1.1s)
  ✓  521 [chromium] › tests/e2e/history-search-and-admin.spec.ts:13:5 › unconfigured sign-in alternatives stay unavailable (1.6s)
  ✓  522 [chromium] › tests/e2e/history-search-and-admin.spec.ts:14:5 › global search returns readable records and recovers from an empty search (1.5s)
  ✘  523 [chromium] › tests/e2e/internal-workforce.spec.ts:10:5 › Sync management provisions a real internal crew through field production with strict readiness and access boundaries (343ms)
(node:19953) Warning: The 'NO_COLOR' env is ignored due to the 'FORCE_COLOR' env being set.
(Use `node --trace-warnings ...` to show where the warning was created)
  ✓  524 [chromium] › tests/e2e/lifecycle/high-risk-modals.spec.ts:12:9 › High-risk lifecycle modal certification › Payment Execution: /Mark Executed/i modal opens with required fields and boundary copy (2.1s)
  ✓  525 [chromium] › tests/e2e/lifecycle/high-risk-modals.spec.ts:12:9 › High-risk lifecycle modal certification › Bank Reconciliation: /Open Exception/i modal opens with required fields and boundary copy (1.4s)
  ✓  526 [chromium] › tests/e2e/lifecycle/high-risk-modals.spec.ts:12:9 › High-risk lifecycle modal certification › Accounting Export: /Generate/i modal opens with required fields and boundary copy (1.3s)
  ✓  527 [chromium] › tests/e2e/lifecycle/high-risk-modals.spec.ts:12:9 › High-risk lifecycle modal certification › Accounting Export: /Mark Submitted/i modal opens with required fields and boundary copy (1.4s)
  ✓  528 [chromium] › tests/e2e/login-accessibility.spec.ts:5:5 › login submits with Enter and announces a failed attempt (753ms)
  ✓  529 [chromium] › tests/e2e/login-accessibility.spec.ts:22:5 › login validates required fields before sending credentials (599ms)
  ✓  530 [chromium] › tests/e2e/operator-phase10.spec.ts:26:7 › Operator UI Phase 10 mobile, accessibility, and UAT readiness › mobile shell renders without accidental horizontal overflow (892ms)
  ✓  531 [chromium] › tests/e2e/operator-phase10.spec.ts:40:7 › Operator UI Phase 10 mobile, accessibility, and UAT readiness › tablet workbenches keep titles, queues, and controls visible (3.1s)
  ✓  532 [chromium] › tests/e2e/operator-phase10.spec.ts:62:7 › Operator UI Phase 10 mobile, accessibility, and UAT readiness › mobile Create Signal modal keeps title and actions in viewport (1.1s)
  ✓  533 [chromium] › tests/e2e/operator-phase10.spec.ts:83:7 › Operator UI Phase 10 mobile, accessibility, and UAT readiness › keyboard focus reaches navigation, queue controls, and modal controls (830ms)
  ✓  534 [chromium] › tests/e2e/operator-phase10.spec.ts:103:7 › Operator UI Phase 10 mobile, accessibility, and UAT readiness › representative accessibility semantics are present (1.3s)
  ✓  535 [chromium] › tests/e2e/operator-phase10.spec.ts:119:7 › Operator UI Phase 10 mobile, accessibility, and UAT readiness › read-only detail still explains view-only state on tablet (1.1s)
  ✓  536 [chromium] › tests/e2e/operator-phase11.spec.ts:13:7 › Operator UI Phase 11 account onboarding workbench › renders the account onboarding pipeline and boundary copy (1.1s)
  ✓  537 [chromium] › tests/e2e/operator-phase11.spec.ts:31:7 › Operator UI Phase 11 account onboarding workbench › stage tabs and account lanes are interactive (1.4s)
  ✓  538 [chromium] › tests/e2e/operator-phase11.spec.ts:51:7 › Operator UI Phase 11 account onboarding workbench › shows contract-backed prime onboarding fields instead of hardcoded UI data (1.1s)
  ✓  539 [chromium] › tests/e2e/operator-phase3.spec.ts:6:7 › Operator UI Phase 3 command surfaces › Command Center renders daily priorities instead of redirect-only shell (1.1s)
  ✓  540 [chromium] › tests/e2e/operator-phase3.spec.ts:24:7 › Operator UI Phase 3 command surfaces › Executive Command Center leads with decisions and risk queues (1.1s)
  ✓  541 [chromium] › tests/e2e/operator-phase3.spec.ts:41:7 › Operator UI Phase 3 command surfaces › Operations Board renders workflow-first execution lanes (1.5s)
  ✓  542 [chromium] › tests/e2e/operator-phase3.spec.ts:60:7 › Operator UI Phase 3 command surfaces › operations users retain execution oversight without QC mutation authority (2.8s)
  ✓  543 [chromium] › tests/e2e/operator-phase4.spec.ts:6:7 › Operator UI Phase 4 execution queues › Work Orders page renders operator queue (2.5s)
  ✓  544 [chromium] › tests/e2e/operator-phase4.spec.ts:24:7 › Operator UI Phase 4 execution queues › Production Board renders operator queue (2.6s)
  ✓  545 [chromium] › tests/e2e/operator-phase4.spec.ts:41:7 › Operator UI Phase 4 execution queues › field supervisor retains production creation without approval or financial authority (2.5s)
  ✓  546 [chromium] › tests/e2e/operator-phase4.spec.ts:54:7 › Operator UI Phase 4 execution queues › QC Review Queue renders operator queue (1.5s)
  ✓  547 [chromium] › tests/e2e/operator-phase4.spec.ts:70:7 › Operator UI Phase 4 execution queues › developer session UI is hidden by default on execution pages (2.1s)
  ✓  548 [chromium] › tests/e2e/operator-phase4.spec.ts:84:7 › Operator UI Phase 4 execution queues › read-only auditor can view execution queue without mutation controls (1.7s)
  ✓  549 [chromium] › tests/e2e/operator-phase4.spec.ts:97:7 › Operator UI Phase 4 execution queues › queue tabs can be selected on execution pages (2.6s)
  ✓  550 [chromium] › tests/e2e/operator-phase5.spec.ts:6:7 › Operator UI Phase 5 finance workbenches › Billable Workbench renders operator queue (1.3s)
  ✓  551 [chromium] › tests/e2e/operator-phase5.spec.ts:23:7 › Operator UI Phase 5 finance workbenches › Settlement Workbench renders operator queue (1.2s)
  ✓  552 [chromium] › tests/e2e/operator-phase5.spec.ts:39:7 › Operator UI Phase 5 finance workbenches › Invoice Workbench renders operator queue (1.1s)
  ✓  553 [chromium] › tests/e2e/operator-phase5.spec.ts:55:7 › Operator UI Phase 5 finance workbenches › developer session UI is hidden by default on finance workbenches (1.3s)
  ✓  554 [chromium] › tests/e2e/operator-phase5.spec.ts:69:7 › Operator UI Phase 5 finance workbenches › financial boundary copy appears on finance workbenches (1.8s)
  ✓  555 [chromium] › tests/e2e/operator-phase5.spec.ts:86:7 › Operator UI Phase 5 finance workbenches › queue tabs can be selected on finance workbenches (2.0s)
  ✓  556 [chromium] › tests/e2e/operator-phase5.spec.ts:109:7 › Operator UI Phase 5 finance workbenches › read-only auditor can view finance workbench without mutation controls (1.0s)
  ✓  557 [chromium] › tests/e2e/operator-phase6.spec.ts:6:7 › Operator UI Phase 6 cash and collections workbenches › Cash Application Workbench renders operator queue (888ms)
  ✓  558 [chromium] › tests/e2e/operator-phase6.spec.ts:23:7 › Operator UI Phase 6 cash and collections workbenches › Collections Workbench renders operator queue (761ms)
  ✓  559 [chromium] › tests/e2e/operator-phase6.spec.ts:40:7 › Operator UI Phase 6 cash and collections workbenches › developer session UI is hidden by default on cash and collections pages (1.9s)
  ✓  560 [chromium] › tests/e2e/operator-phase6.spec.ts:66:7 › Operator UI Phase 6 cash and collections workbenches › cash boundary copy appears (730ms)
  ✓  561 [chromium] › tests/e2e/operator-phase6.spec.ts:77:7 › Operator UI Phase 6 cash and collections workbenches › collections boundary copy appears (730ms)
  ✓  562 [chromium] › tests/e2e/operator-phase6.spec.ts:88:7 › Operator UI Phase 6 cash and collections workbenches › queue tabs can be selected on cash and collections workbenches (1.6s)
  ✓  563 [chromium] › tests/e2e/operator-phase6.spec.ts:112:7 › Operator UI Phase 6 cash and collections workbenches › read-only auditor can view cash workbench without create access (834ms)
  ✓  564 [chromium] › tests/e2e/operator-phase7.spec.ts:6:7 › Operator UI Phase 7 payout workbenches › Contractor Payables Workbench renders operator queue (792ms)
  ✓  565 [chromium] › tests/e2e/operator-phase7.spec.ts:23:7 › Operator UI Phase 7 payout workbenches › Payroll Readiness Workbench renders operator queue (1.3s)
  ✓  566 [chromium] › tests/e2e/operator-phase7.spec.ts:40:7 › Operator UI Phase 7 payout workbenches › Payment Execution Workbench renders operator queue (1.5s)
  ✓  567 [chromium] › tests/e2e/operator-phase7.spec.ts:57:7 › Operator UI Phase 7 payout workbenches › developer session UI is hidden by default on payout pages (1.3s)
  ✓  568 [chromium] › tests/e2e/operator-phase7.spec.ts:71:7 › Operator UI Phase 7 payout workbenches › payout boundary copy appears (1.2s)
  ✓  569 [chromium] › tests/e2e/operator-phase7.spec.ts:88:7 › Operator UI Phase 7 payout workbenches › queue tabs can be selected on payout workbenches (1.7s)
  ✓  570 [chromium] › tests/e2e/operator-phase7.spec.ts:111:7 › Operator UI Phase 7 payout workbenches › read-only auditor can view contractor payables without create access (1.2s)
  ✓  571 [chromium] › tests/e2e/operator-phase8.spec.ts:6:7 › Operator UI Phase 8 finance control workbenches › Bank Reconciliation Workbench renders operator queue (1.2s)
  ✓  572 [chromium] › tests/e2e/operator-phase8.spec.ts:23:7 › Operator UI Phase 8 finance control workbenches › Accounting Export Workbench renders operator queue (1.6s)
  ✓  573 [chromium] › tests/e2e/operator-phase8.spec.ts:40:7 › Operator UI Phase 8 finance control workbenches › developer session UI is hidden by default on finance control pages (2.5s)
  ✓  574 [chromium] › tests/e2e/operator-phase8.spec.ts:54:7 › Operator UI Phase 8 finance control workbenches › finance control boundary copy appears (2.0s)
  ✓  575 [chromium] › tests/e2e/operator-phase8.spec.ts:68:7 › Operator UI Phase 8 finance control workbenches › queue tabs can be selected on finance control workbenches (1.8s)
  ✓  576 [chromium] › tests/e2e/operator-phase8.spec.ts:86:7 › Operator UI Phase 8 finance control workbenches › read-only auditor can view bank reconciliation without create access (2.0s)
  ✓  577 [chromium] › tests/e2e/operator-phase9.spec.ts:16:7 › Operator UI Phase 9 detail and form standards › representative operational detail shows next action and boundary copy (2.0s)
  ✓  578 [chromium] › tests/e2e/operator-phase9.spec.ts:31:7 › Operator UI Phase 9 detail and form standards › representative finance detail shows boundary and danger separation (2.0s)
  ✓  579 [chromium] › tests/e2e/operator-phase9.spec.ts:48:7 › Operator UI Phase 9 detail and form standards › read-only auditor sees record context without lifecycle guidance or mutation controls (1.9s)
  ✓  580 [chromium] › tests/e2e/operator-phase9.spec.ts:65:7 › Operator UI Phase 9 detail and form standards › representative create form has purpose header and boundary notice (1.5s)
  ✓  581 [chromium] › tests/e2e/operator-phase9.spec.ts:80:7 › Operator UI Phase 9 detail and form standards › signal detail hides developer controls and shows conversion boundary (1.5s)
  ✓  582 [chromium] › tests/e2e/operator-phase9.spec.ts:94:7 › Operator UI Phase 9 detail and form standards › accounting export detail shows handoff next-action guidance (1.5s)
  ✓  583 [chromium] › tests/e2e/operator-shell.spec.ts:8:7 › Operator shell and page templates › operator shell renders compact workspace navigation (1.6s)
  ✓  584 [chromium] › tests/e2e/operator-shell.spec.ts:35:7 › Operator shell and page templates › workspace subnavigation follows the active workspace (1.4s)
  ✓  585 [chromium] › tests/e2e/operator-shell.spec.ts:57:7 › Operator shell and page templates › Signal Feed uses the shared queue page pattern (1.2s)
  ✓  586 [chromium] › tests/e2e/operator-shell.spec.ts:74:7 › Operator shell and page templates › production/default UI hides developer session controls on operator pages (2.3s)
  ✓  587 [chromium] › tests/e2e/operator-shell.spec.ts:89:7 › Operator shell and page templates › read-only auditor can view Signal Feed without mutation actions (1.4s)
  ✓  588 [chromium] › tests/e2e/operator-shell.spec.ts:102:7 › Operator shell and page templates › ActionButton disabled reason appears for blocked Verify action (1.3s)
  ✓  589 [chromium] › tests/e2e/operator-shell.spec.ts:117:7 › Operator shell and page templates › queue tabs expose active state changes (962ms)
  ✓  590 [chromium] › tests/e2e/opportunity-capacity-matching.spec.ts:38:7 › P15 Opportunity capacity matching and recommendation intelligence › structured requirements are versioned and missing requirements are not guessed (84ms)
  ✓  591 [chromium] › tests/e2e/opportunity-capacity-matching.spec.ts:51:7 › P15 Opportunity capacity matching and recommendation intelligence › hard blockers override high scores and partner score remains distinct from match score (146ms)
  ✓  592 [chromium] › tests/e2e/opportunity-capacity-matching.spec.ts:67:7 › P15 Opportunity capacity matching and recommendation intelligence › capacity gap and multi-Partner coverage are explainable and do not assign work (43ms)
  ✓  593 [chromium] › tests/e2e/opportunity-capacity-matching.spec.ts:82:7 › P15 Opportunity capacity matching and recommendation intelligence › mandatory equipment blocks coverage where canonical equipment fit is missing (114ms)
  ✓  594 [chromium] › tests/e2e/opportunity-capacity-matching.spec.ts:91:7 › P15 Opportunity capacity matching and recommendation intelligence › shortlist and human decision are audited decision support, not assignment (43ms)
  ✓  595 [chromium] › tests/e2e/opportunity-capacity-matching.spec.ts:102:7 › P15 Opportunity capacity matching and recommendation intelligence › scheduled scan is locked and idempotent; Partner and cross-tenant access are denied (170ms)
  ✓  596 [chromium] › tests/e2e/partner-admin-invitations.spec.ts:47:7 › P18 Partner inquiry, invitation, and onboarding controls › public inquiry creates only a low-confidence inquiry and requires human qualification before invite (98ms)
  ✓  597 [chromium] › tests/e2e/partner-admin-invitations.spec.ts:95:7 › P18 Partner inquiry, invitation, and onboarding controls › Partner Admin invitation token lifecycle is hash-only, single-use, scoped, and race-safe (351ms)
  ✓  598 [chromium] › tests/e2e/partner-admin-invitations.spec.ts:170:7 › P18 Partner inquiry, invitation, and onboarding controls › Foreman invitation binds exact Worker/Crew assignment and rejects changed relationships (131ms)
  ✓  599 [chromium] › tests/e2e/partner-admin-invitations.spec.ts:212:7 › P18 Partner inquiry, invitation, and onboarding controls › onboarding workspace, approval boundary, analytics, and token-leak controls stay internal (63ms)
  ✓  600 [chromium] › tests/e2e/partner-admin-invitations.spec.ts:239:7 › P18 Partner inquiry, invitation, and onboarding controls › authenticated routing context is safe, server-trusted, and persona-aware (95ms)
  ✓  601 [chromium] › tests/e2e/partner-admin-invitations.spec.ts:276:7 › P18 Partner inquiry, invitation, and onboarding controls › production login uses email and password, then routes by server-trusted persona (578ms)
  ✓  602 [chromium] › tests/e2e/partner-admin-invitations.spec.ts:337:7 › P18 Partner inquiry, invitation, and onboarding controls › Partner Network workspace remains internal-only and preserves the human gate (134ms)
  ✓  603 [chromium] › tests/e2e/partner-admin-invitations.spec.ts:367:7 › P18 Partner inquiry, invitation, and onboarding controls › focused UI files encode login simplification, nav fail-closed, and Foreman Today route (19ms)
  ✓  604 [chromium] › tests/e2e/partner-agreements-work-orders-vehicles.spec.ts:47:7 › P5 Partner agreements, work orders, rates, and vehicles › internal user creates an MSA, enforces signer rules, and Partner can read only own safe view (315ms)
  ✓  605 [chromium] › tests/e2e/partner-agreements-work-orders-vehicles.spec.ts:137:7 › P5 Partner agreements, work orders, rates, and vehicles › Work Order activation preserves Partner rate isolation and cannot be managed by Partner users (195ms)
  ✓  606 [chromium] › tests/e2e/partner-agreements-work-orders-vehicles.spec.ts:182:7 › P5 Partner agreements, work orders, rates, and vehicles › vehicle custody, operators, condition, and allocation are tenant and Partner safe (139ms)
  ✓  607 [chromium] › tests/e2e/partner-agreements-work-orders-vehicles.spec.ts:233:7 › P5 Partner agreements, work orders, rates, and vehicles › vehicle agreement artifacts are restricted and Foreman sees only safe operational summary (149ms)
  ✓  608 [chromium] › tests/e2e/partner-agreements-work-orders-vehicles.spec.ts:256:7 › P5 Partner agreements, work orders, rates, and vehicles › events and audit omit restricted legal bytes, storage keys, internal rates, and internal notes (12ms)
  ✓  609 [chromium] › tests/e2e/partner-compliance-onboarding.spec.ts:38:7 › P3 Partner compliance onboarding foundation › setup declarations are scoped, idempotent, reviewable, and do not change readiness (174ms)
  ✓  610 [chromium] › tests/e2e/partner-compliance-onboarding.spec.ts:58:7 › P3 Partner compliance onboarding foundation › empty Partner compliance summary is organization scoped and Foreman safe (58ms)
  ✓  611 [chromium] › tests/e2e/partner-compliance-onboarding.spec.ts:77:7 › P3 Partner compliance onboarding foundation › Partner Admin submits own profile, W-9, payment readiness, and insurance without broadening scope (496ms)
  ✓  612 [chromium] › tests/e2e/partner-compliance-onboarding.spec.ts:156:7 › P3 Partner compliance onboarding foundation › restricted evidence is never public and remains tenant and Partner scoped (79ms)
  ✓  613 [chromium] › tests/e2e/partner-compliance-onboarding.spec.ts:173:7 › P3 Partner compliance onboarding foundation › internal reviewer verifies records, Partner users cannot self-approve, and compliance becomes ready (179ms)
  ✓  614 [chromium] › tests/e2e/partner-compliance-onboarding.spec.ts:208:7 › P3 Partner compliance onboarding foundation › insurance limit and expiration changes recalculate blockers and preserve version history (79ms)
  ✓  615 [chromium] › tests/e2e/partner-compliance-reviewer-download.spec.ts:6:5 › authenticated Partner Admin uploads canonical Partner Compliance evidence @reviewer-fixture-upload (9ms)
  ✓  616 [chromium] › tests/e2e/partner-compliance-reviewer-download.spec.ts:7:5 › authenticated reviewer downloads exact evidence-linked binary artifact @authenticated-reviewer (28ms)
  ✓  617 [chromium] › tests/e2e/partner-compliance-reviewer-download.spec.ts:8:5 › authenticated Partner Admin downloads own-company artifact through Partner route @authenticated-reviewer (26ms)
  ✓  618 [chromium] › tests/e2e/partner-compliance-reviewer-download.spec.ts:9:5 › authenticated Partner Admin is denied from internal reviewer route @authenticated-reviewer (18ms)
  ✓  619 [chromium] › tests/e2e/partner-compliance-reviewer-download.spec.ts:10:5 › route registration smoke (23ms)
  ✓  620 [chromium] › tests/e2e/partner-compliance-reviewer-download.spec.ts:11:5 › unauthenticated guard smoke (10ms)
  ✓  621 [chromium] › tests/e2e/partner-compliance-reviewer-download.spec.ts:12:5 › invalid organization-ID validation (8ms)
  ✓  622 [chromium] › tests/e2e/partner-compliance-reviewer-download.spec.ts:13:5 › invalid evidence-ID validation (9ms)
  ✓  623 [chromium] › tests/e2e/partner-domain-scope.spec.ts:41:7 › P1 Partner domain organization scope › organization-scoped list and detail are limited to the scoped Partner Organization (46ms)
  ✓  624 [chromium] › tests/e2e/partner-domain-scope.spec.ts:52:7 › P1 Partner domain organization scope › organization-scoped mutations revalidate scope server-side (44ms)
  ✓  625 [chromium] › tests/e2e/partner-domain-scope.spec.ts:69:7 › P1 Partner domain organization scope › guessed capacity provider and mismatched child records are denied (29ms)
  ✓  626 [chromium] › tests/e2e/partner-domain-scope.spec.ts:99:7 › P1 Partner domain organization scope › client-supplied scope inputs cannot broaden access (30ms)
  ✓  627 [chromium] › tests/e2e/partner-domain-scope.spec.ts:119:7 › P1 Partner domain organization scope › tenant-scoped internal access still works and unauthorized internal roles stay denied (42ms)
  ✓  628 [chromium] › tests/e2e/partner-domain-scope.spec.ts:131:7 › P1 Partner domain organization scope › cross-tenant Partner Organization access is denied (29ms)
  ✓  629 [chromium] › tests/e2e/partner-domain-scope.spec.ts:139:7 › P1 Partner domain organization scope › classification is provider-type constrained, idempotent, and audited only for creation (52ms)
  ✓  630 [chromium] › tests/e2e/partner-domain-scope.spec.ts:176:7 › P1 Partner domain organization scope › near-concurrent classification does not create duplicate active linkage (27ms)
  ✓  631 [chromium] › tests/e2e/partner-mobilization-readiness.spec.ts:56:7 › P6 Partner mobilization readiness and Notice to Proceed › evaluates canonical assignment context and blocks on missing source readiness (91ms)
  ✓  632 [chromium] › tests/e2e/partner-mobilization-readiness.spec.ts:73:7 › P6 Partner mobilization readiness and Notice to Proceed › enforces override governance and clears only overrideable administrative blockers (103ms)
  ✓  633 [chromium] › tests/e2e/partner-mobilization-readiness.spec.ts:99:7 › P6 Partner mobilization readiness and Notice to Proceed › approves mobilization, issues structured Notice, and keeps production start separate from QC and settlement (118ms)
  ✓  634 [chromium] › tests/e2e/partner-mobilization-readiness.spec.ts:126:7 › P6 Partner mobilization readiness and Notice to Proceed › Partner Admin and Foreman see only safe own Notice/readiness and acknowledgment is receipt-only (100ms)
  ✓  635 [chromium] › tests/e2e/partner-mobilization-readiness.spec.ts:153:7 › P6 Partner mobilization readiness and Notice to Proceed › canonical source mutations automatically invalidate readiness and hold authorization without restricted payload leaks (99ms)
  ✓  636 [chromium] › tests/e2e/partner-mobilization-readiness.spec.ts:217:7 › P6 Partner mobilization readiness and Notice to Proceed › canonical P3/P4/P5 source events automatically invalidate ready authorization (1.5s)
{"timestamp":"2026-10-07T02:22:54.979Z","category":"Event","message":"event_created","tenantId":"3142fd2c-008a-4e6f-a5ef-fcd3cc7cd49c","actorUserId":"7a8a7e46-c9b2-4245-be54-37cdd9765f9a","eventId":"6242c519-e123-4afe-863d-715f21108a3b","eventType":"partner_insurance_policy.expired","aggregateType":"partner_insurance_policy","aggregateId":"789f92cb-3168-46e7-b29d-5b87f2cd9a2e"}
{"timestamp":"2026-10-07T02:22:54.982Z","category":"Audit","message":"audit_log_created","tenantId":"3142fd2c-008a-4e6f-a5ef-fcd3cc7cd49c","actorUserId":"7a8a7e46-c9b2-4245-be54-37cdd9765f9a","action":"mobilization_expiration.scan","entityType":"partner_insurance_policy","entityId":"789f92cb-3168-46e7-b29d-5b87f2cd9a2e"}
{"timestamp":"2026-10-07T02:22:54.994Z","category":"Event","message":"event_created","tenantId":"3142fd2c-008a-4e6f-a5ef-fcd3cc7cd49c","actorUserId":"7a8a7e46-c9b2-4245-be54-37cdd9765f9a","eventId":"e0b64d24-9e56-475a-89d2-50de22e49763","eventType":"mobilization_readiness.changed","aggregateType":"mobilization_readiness","aggregateId":"6107716e-e9bf-43a6-85af-6cf11406fdbe"}
{"timestamp":"2026-10-07T02:22:54.995Z","category":"Audit","message":"audit_log_created","tenantId":"3142fd2c-008a-4e6f-a5ef-fcd3cc7cd49c","actorUserId":"7a8a7e46-c9b2-4245-be54-37cdd9765f9a","action":"mobilization_readiness.source_event_invalidate","entityType":"mobilization_readiness","entityId":"6107716e-e9bf-43a6-85af-6cf11406fdbe"}
{"timestamp":"2026-10-07T02:22:55.000Z","category":"Event","message":"event_created","tenantId":"3142fd2c-008a-4e6f-a5ef-fcd3cc7cd49c","actorUserId":"7a8a7e46-c9b2-4245-be54-37cdd9765f9a","eventId":"c1568630-8774-499f-a39b-d3cb3a35f9f2","eventType":"mobilization.held","aggregateType":"mobilization_decision","aggregateId":"46beef1a-8a36-416b-9859-5191c37f220e"}
{"timestamp":"2026-10-07T02:22:55.001Z","category":"Audit","message":"audit_log_created","tenantId":"3142fd2c-008a-4e6f-a5ef-fcd3cc7cd49c","actorUserId":"7a8a7e46-c9b2-4245-be54-37cdd9765f9a","action":"mobilization.source_event_hold","entityType":"mobilization_decision","entityId":"46beef1a-8a36-416b-9859-5191c37f220e"}
{"timestamp":"2026-10-07T02:22:55.004Z","category":"Event","message":"event_created","tenantId":"3142fd2c-008a-4e6f-a5ef-fcd3cc7cd49c","actorUserId":"7a8a7e46-c9b2-4245-be54-37cdd9765f9a","eventId":"db2b4134-d1f2-44d9-bf8a-69c512f2e0d1","eventType":"notice_to_proceed.held","aggregateType":"notice_to_proceed","aggregateId":"ee271244-77c4-4ee3-87d8-e1132d58dd86"}
{"timestamp":"2026-10-07T02:22:55.005Z","category":"Audit","message":"audit_log_created","tenantId":"3142fd2c-008a-4e6f-a5ef-fcd3cc7cd49c","actorUserId":"7a8a7e46-c9b2-4245-be54-37cdd9765f9a","action":"notice_to_proceed.source_event_hold","entityType":"notice_to_proceed","entityId":"ee271244-77c4-4ee3-87d8-e1132d58dd86"}
{"timestamp":"2026-10-07T02:22:55.006Z","category":"Event","message":"event_created","tenantId":"3142fd2c-008a-4e6f-a5ef-fcd3cc7cd49c","actorUserId":"7a8a7e46-c9b2-4245-be54-37cdd9765f9a","eventId":"7ae2ba37-8431-4302-867f-3d8a41b729ee","eventType":"production_start.held","aggregateType":"production_start","aggregateId":"6d11b840-2330-4c37-b41c-ca9fe01169b6"}
{"timestamp":"2026-10-07T02:22:55.007Z","category":"Audit","message":"audit_log_created","tenantId":"3142fd2c-008a-4e6f-a5ef-fcd3cc7cd49c","actorUserId":"7a8a7e46-c9b2-4245-be54-37cdd9765f9a","action":"production_start.source_event_hold","entityType":"production_start_authorization","entityId":"6d11b840-2330-4c37-b41c-ca9fe01169b6"}
{"timestamp":"2026-10-07T02:22:55.010Z","category":"Event","message":"event_created","tenantId":"3142fd2c-008a-4e6f-a5ef-fcd3cc7cd49c","actorUserId":"7a8a7e46-c9b2-4245-be54-37cdd9765f9a","eventId":"3a344036-56c3-400a-97a2-b1b7aecaaba7","eventType":"worker_credential.expired","aggregateType":"worker_credential","aggregateId":"d0012794-102b-452c-8edf-fb54128a731a"}
{"timestamp":"2026-10-07T02:22:55.011Z","category":"Audit","message":"audit_log_created","tenantId":"3142fd2c-008a-4e6f-a5ef-fcd3cc7cd49c","actorUserId":"7a8a7e46-c9b2-4245-be54-37cdd9765f9a","action":"mobilization_expiration.scan","entityType":"worker_credential","entityId":"d0012794-102b-452c-8edf-fb54128a731a"}
{"timestamp":"2026-10-07T02:22:55.019Z","category":"Event","message":"event_created","tenantId":"3142fd2c-008a-4e6f-a5ef-fcd3cc7cd49c","actorUserId":"7a8a7e46-c9b2-4245-be54-37cdd9765f9a","eventId":"39edc50d-d48f-47e8-ba3d-099992e1b304","eventType":"mobilization_readiness.changed","aggregateType":"mobilization_readiness","aggregateId":"f8fead90-4cf6-4a4f-a654-facff89736c6"}
{"timestamp":"2026-10-07T02:22:55.020Z","category":"Audit","message":"audit_log_created","tenantId":"3142fd2c-008a-4e6f-a5ef-fcd3cc7cd49c","actorUserId":"7a8a7e46-c9b2-4245-be54-37cdd9765f9a","action":"mobilization_readiness.source_event_invalidate","entityType":"mobilization_readiness","entityId":"f8fead90-4cf6-4a4f-a654-facff89736c6"}
{"timestamp":"2026-10-07T02:22:55.025Z","category":"Event","message":"event_created","tenantId":"3142fd2c-008a-4e6f-a5ef-fcd3cc7cd49c","actorUserId":"7a8a7e46-c9b2-4245-be54-37cdd9765f9a","eventId":"b65ee83a-0b0f-40a8-b7cf-25213e5e1729","eventType":"worker_credential.expired","aggregateType":"worker_credential","aggregateId":"d0012794-102b-452c-8edf-fb54128a731a"}
{"timestamp":"2026-10-07T02:22:55.026Z","category":"Audit","message":"audit_log_created","tenantId":"3142fd2c-008a-4e6f-a5ef-fcd3cc7cd49c","actorUserId":"7a8a7e46-c9b2-4245-be54-37cdd9765f9a","action":"mobilization_expiration.scan","entityType":"worker_credential","entityId":"d0012794-102b-452c-8edf-fb54128a731a"}
{"timestamp":"2026-10-07T02:22:55.030Z","category":"Event","message":"event_created","tenantId":"3142fd2c-008a-4e6f-a5ef-fcd3cc7cd49c","actorUserId":"7a8a7e46-c9b2-4245-be54-37cdd9765f9a","eventId":"96532f50-5456-4551-b071-8b5dd12a7dee","eventType":"vehicle_assignment.inspection_expired","aggregateType":"vehicle_assignment","aggregateId":"d0a5e1da-9db9-4899-90ff-5586f554432e"}
{"timestamp":"2026-10-07T02:22:55.031Z","category":"Audit","message":"audit_log_created","tenantId":"3142fd2c-008a-4e6f-a5ef-fcd3cc7cd49c","actorUserId":"7a8a7e46-c9b2-4245-be54-37cdd9765f9a","action":"mobilization_expiration.scan","entityType":"vehicle_assignment","entityId":"d0a5e1da-9db9-4899-90ff-5586f554432e"}
{"timestamp":"2026-10-07T02:22:55.040Z","category":"Event","message":"event_created","tenantId":"3142fd2c-008a-4e6f-a5ef-fcd3cc7cd49c","actorUserId":"7a8a7e46-c9b2-4245-be54-37cdd9765f9a","eventId":"6ca72aa5-58db-4cc8-adfe-f7147ab5eb16","eventType":"mobilization_readiness.changed","aggregateType":"mobilization_readiness","aggregateId":"a0028932-ecd3-44a4-9045-35fc74c3c775"}
{"timestamp":"2026-10-07T02:22:55.041Z","category":"Audit","message":"audit_log_created","tenantId":"3142fd2c-008a-4e6f-a5ef-fcd3cc7cd49c","actorUserId":"7a8a7e46-c9b2-4245-be54-37cdd9765f9a","action":"mobilization_readiness.source_event_invalidate","entityType":"mobilization_readiness","entityId":"a0028932-ecd3-44a4-9045-35fc74c3c775"}
{"timestamp":"2026-10-07T02:22:55.045Z","category":"Event","message":"event_created","tenantId":"3142fd2c-008a-4e6f-a5ef-fcd3cc7cd49c","actorUserId":"7a8a7e46-c9b2-4245-be54-37cdd9765f9a","eventId":"994fe5b8-dfb6-4462-9679-a3f726a9c520","eventType":"mobilization_override.expired","aggregateType":"mobilization_override","aggregateId":"debe534b-b09d-4588-bc4f-15f5b533f4b7"}
{"timestamp":"2026-10-07T02:22:55.046Z","category":"Audit","message":"audit_log_created","tenantId":"3142fd2c-008a-4e6f-a5ef-fcd3cc7cd49c","actorUserId":"7a8a7e46-c9b2-4245-be54-37cdd9765f9a","action":"mobilization_expiration.scan","entityType":"mobilization_override","entityId":"debe534b-b09d-4588-bc4f-15f5b533f4b7"}
{"timestamp":"2026-10-07T02:22:55.053Z","category":"Event","message":"event_created","tenantId":"3142fd2c-008a-4e6f-a5ef-fcd3cc7cd49c","actorUserId":"7a8a7e46-c9b2-4245-be54-37cdd9765f9a","eventId":"e622fa33-f7cc-4cc1-9d27-5c2c9817e7f9","eventType":"mobilization_readiness.changed","aggregateType":"mobilization_readiness","aggregateId":"d12dc580-fb5b-44a7-83fd-12eb3728debd"}
{"timestamp":"2026-10-07T02:22:55.054Z","category":"Audit","message":"audit_log_created","tenantId":"3142fd2c-008a-4e6f-a5ef-fcd3cc7cd49c","actorUserId":"7a8a7e46-c9b2-4245-be54-37cdd9765f9a","action":"mobilization_readiness.source_event_invalidate","entityType":"mobilization_readiness","entityId":"d12dc580-fb5b-44a7-83fd-12eb3728debd"}
{"timestamp":"2026-10-07T02:22:55.058Z","category":"Event","message":"event_created","tenantId":"3142fd2c-008a-4e6f-a5ef-fcd3cc7cd49c","actorUserId":"7a8a7e46-c9b2-4245-be54-37cdd9765f9a","eventId":"f85a0a6f-76b6-43c8-86fa-c2e7630d4e07","eventType":"mobilization_decision.expired","aggregateType":"mobilization_decision","aggregateId":"747dc3b3-ac68-4503-bea8-bcff43aa5860"}
{"timestamp":"2026-10-07T02:22:55.059Z","category":"Audit","message":"audit_log_created","tenantId":"3142fd2c-008a-4e6f-a5ef-fcd3cc7cd49c","actorUserId":"7a8a7e46-c9b2-4245-be54-37cdd9765f9a","action":"mobilization_expiration.scan","entityType":"mobilization_decision","entityId":"747dc3b3-ac68-4503-bea8-bcff43aa5860"}
{"timestamp":"2026-10-07T02:22:55.066Z","category":"Event","message":"event_created","tenantId":"3142fd2c-008a-4e6f-a5ef-fcd3cc7cd49c","actorUserId":"7a8a7e46-c9b2-4245-be54-37cdd9765f9a","eventId":"028e1290-8253-4d52-a395-a6a0f4100372","eventType":"mobilization_readiness.changed","aggregateType":"mobilization_readiness","aggregateId":"2e234a6e-38ec-4e0e-bf10-1dc536dcd7e3"}
{"timestamp":"2026-10-07T02:22:55.067Z","category":"Audit","message":"audit_log_created","tenantId":"3142fd2c-008a-4e6f-a5ef-fcd3cc7cd49c","actorUserId":"7a8a7e46-c9b2-4245-be54-37cdd9765f9a","action":"mobilization_readiness.source_event_invalidate","entityType":"mobilization_readiness","entityId":"2e234a6e-38ec-4e0e-bf10-1dc536dcd7e3"}
{"timestamp":"2026-10-07T02:22:55.088Z","category":"Event","message":"event_created","tenantId":"3142fd2c-008a-4e6f-a5ef-fcd3cc7cd49c","actorUserId":"7a8a7e46-c9b2-4245-be54-37cdd9765f9a","eventId":"94b768a0-6468-4c44-814f-75f984350b72","eventType":"partner_insurance_policy.expired","aggregateType":"partner_insurance_policy","aggregateId":"789f92cb-3168-46e7-b29d-5b87f2cd9a2e"}
{"timestamp":"2026-10-07T02:22:55.089Z","category":"Audit","message":"audit_log_created","tenantId":"3142fd2c-008a-4e6f-a5ef-fcd3cc7cd49c","actorUserId":"7a8a7e46-c9b2-4245-be54-37cdd9765f9a","action":"mobilization_expiration.scan","entityType":"partner_insurance_policy","entityId":"789f92cb-3168-46e7-b29d-5b87f2cd9a2e"}
{"timestamp":"2026-10-07T02:22:55.093Z","category":"Event","message":"event_created","tenantId":"3142fd2c-008a-4e6f-a5ef-fcd3cc7cd49c","actorUserId":"7a8a7e46-c9b2-4245-be54-37cdd9765f9a","eventId":"735c8853-53c9-480e-bfae-90e56e24ccb3","eventType":"worker_credential.expired","aggregateType":"worker_credential","aggregateId":"d0012794-102b-452c-8edf-fb54128a731a"}
{"timestamp":"2026-10-07T02:22:55.094Z","category":"Audit","message":"audit_log_created","tenantId":"3142fd2c-008a-4e6f-a5ef-fcd3cc7cd49c","actorUserId":"7a8a7e46-c9b2-4245-be54-37cdd9765f9a","action":"mobilization_expiration.scan","entityType":"worker_credential","entityId":"d0012794-102b-452c-8edf-fb54128a731a"}
{"timestamp":"2026-10-07T02:22:55.098Z","category":"Event","message":"event_created","tenantId":"3142fd2c-008a-4e6f-a5ef-fcd3cc7cd49c","actorUserId":"7a8a7e46-c9b2-4245-be54-37cdd9765f9a","eventId":"8f31a88d-edc0-40f3-ae71-5a7870feae4a","eventType":"worker_credential.expired","aggregateType":"worker_credential","aggregateId":"d0012794-102b-452c-8edf-fb54128a731a"}
{"timestamp":"2026-10-07T02:22:55.098Z","category":"Audit","message":"audit_log_created","tenantId":"3142fd2c-008a-4e6f-a5ef-fcd3cc7cd49c","actorUserId":"7a8a7e46-c9b2-4245-be54-37cdd9765f9a","action":"mobilization_expiration.scan","entityType":"worker_credential","entityId":"d0012794-102b-452c-8edf-fb54128a731a"}
{"timestamp":"2026-10-07T02:22:55.102Z","category":"Event","message":"event_created","tenantId":"3142fd2c-008a-4e6f-a5ef-fcd3cc7cd49c","actorUserId":"7a8a7e46-c9b2-4245-be54-37cdd9765f9a","eventId":"dafbf3e2-7396-4ae5-9a38-fb3d06121715","eventType":"vehicle_assignment.inspection_expired","aggregateType":"vehicle_assignment","aggregateId":"d0a5e1da-9db9-4899-90ff-5586f554432e"}
{"timestamp":"2026-10-07T02:22:55.103Z","category":"Audit","message":"audit_log_created","tenantId":"3142fd2c-008a-4e6f-a5ef-fcd3cc7cd49c","actorUserId":"7a8a7e46-c9b2-4245-be54-37cdd9765f9a","action":"mobilization_expiration.scan","entityType":"vehicle_assignment","entityId":"d0a5e1da-9db9-4899-90ff-5586f554432e"}
  ✓  637 [chromium] › tests/e2e/partner-mobilization-readiness.spec.ts:291:7 › P6 Partner mobilization readiness and Notice to Proceed › scheduled expiration scan invalidates time-based sources and is idempotent (346ms)
  ✓  638 [chromium] › tests/e2e/partner-mobilization-readiness.spec.ts:335:7 › P6 Partner mobilization readiness and Notice to Proceed › duplicate and older source-event replay does not duplicate or restore authorization (183ms)
  ✓  639 [chromium] › tests/e2e/partner-performance-capacity.spec.ts:34:7 › P14 Partner performance, reputation, and capacity intelligence › recalculation creates one explainable versioned score snapshot and is idempotent (76ms)
  ✓  640 [chromium] › tests/e2e/partner-performance-capacity.spec.ts:50:7 › P14 Partner performance, reputation, and capacity intelligence › Daily Report timeliness uses operational timezone and leaves missing timezone unevaluated (296ms)
  ✓  641 [chromium] › tests/e2e/partner-performance-capacity.spec.ts:77:7 › P14 Partner performance, reputation, and capacity intelligence › quality, sample size, mixed units, and critical risk stay separate and explainable (49ms)
  ✓  642 [chromium] › tests/e2e/partner-performance-capacity.spec.ts:97:7 › P14 Partner performance, reputation, and capacity intelligence › capacity intelligence distinguishes verified ready capacity from unverified stated capacity (163ms)
  ✓  643 [chromium] › tests/e2e/partner-performance-capacity.spec.ts:115:7 › P14 Partner performance, reputation, and capacity intelligence › run-once scheduled scan is locked, idempotent, and time-sensitive for capacity horizons and critical risk (105ms)
  ✓  644 [chromium] › tests/e2e/partner-performance-capacity.spec.ts:135:7 › P14 Partner performance, reputation, and capacity intelligence › Partner Admin sees only own safe scorecard; Foreman and cross-tenant access are denied (32ms)
  ✓  645 [chromium] › tests/e2e/partner-personas-permissions.spec.ts:48:7 › P2 Partner personas, permissions, and route visibility › authentication and role gates deny unauthenticated, inactive membership, and no-role users (25ms)
  ✓  646 [chromium] › tests/e2e/partner-personas-permissions.spec.ts:76:7 › P2 Partner personas, permissions, and route visibility › authorized internal user assigns Partner Admin and Partner Foreman only to Partner Organizations (103ms)
  ✓  647 [chromium] › tests/e2e/partner-personas-permissions.spec.ts:133:7 › P2 Partner personas, permissions, and route visibility › Partner context resolves safe persona, organization, actions, and route visibility (60ms)
  ✓  648 [chromium] › tests/e2e/partner-personas-permissions.spec.ts:155:7 › P2 Partner personas, permissions, and route visibility › Partner users cannot broaden organization scope through headers, query, body, or guessed IDs (37ms)
  ✓  649 [chromium] › tests/e2e/partner-personas-permissions.spec.ts:175:7 › P2 Partner personas, permissions, and route visibility › Partner users cannot access internal routes or P1 classification mutation (31ms)
  ✓  650 [chromium] › tests/e2e/partner-personas-permissions.spec.ts:190:7 › P2 Partner personas, permissions, and route visibility › cross-tenant Partner users and capacity-provider guesses are denied (14ms)
  ✓  651 [chromium] › tests/e2e/partner-personas-permissions.spec.ts:203:7 › P2 Partner personas, permissions, and route visibility › role revocation and tenant membership deactivation revoke Partner context immediately (47ms)
  ✓  652 [chromium] › tests/e2e/partner-personas-permissions.spec.ts:228:7 › P2 Partner personas, permissions, and route visibility › multiple active Partner organization scopes are blocked instead of selectable (25ms)
  ✓  653 [chromium] › tests/e2e/partner-portal-shell.spec.ts:44:7 › P7 Partner Portal shell › Partner Admin enters dashboard with safe P1-P6 operational summary (2.2s)
  ✓  654 [chromium] › tests/e2e/partner-portal-shell.spec.ts:81:7 › P7 Partner Portal shell › Partner Admin workspaces expose safe company, workforce, agreement, vehicle, and mobilization views (2.6s)
  ✓  655 [chromium] › tests/e2e/partner-portal-shell.spec.ts:122:7 › P7 Partner Portal shell › Partner Foreman receives field-focused navigation and no company-sensitive workspaces (3.9s)
  ✓  656 [chromium] › tests/e2e/partner-portal-shell.spec.ts:157:7 › P7 Partner Portal shell › guessed IDs and cross-Partner scope do not broaden Partner Portal access (1.6s)
  ✓  657 [chromium] › tests/e2e/partner-portal-shell.spec.ts:176:7 › P7 Partner Portal shell › Partner and SyncField shells reach terminal UI states without browser dialogs or client organization scope (1.6s)
  ✓  658 [chromium] › tests/e2e/partner-workforce-credentials.spec.ts:38:7 › P4 Partner crews, workers, credentials, and secure headshots › Partner Admin creates own Workers but cannot cross Partner scope or self-approve (146ms)
  ✓  659 [chromium] › tests/e2e/partner-workforce-credentials.spec.ts:72:7 › P4 Partner crews, workers, credentials, and secure headshots › Headshot upload stores actual bytes and enforces tenant, Partner, and persona authorization (181ms)
  ✓  660 [chromium] › tests/e2e/partner-workforce-credentials.spec.ts:110:7 › P4 Partner crews, workers, credentials, and secure headshots › Credentials are Partner-scoped, review-only internally, and readiness blocks on unverified or expired required credentials (258ms)
  ✓  661 [chromium] › tests/e2e/partner-workforce-credentials.spec.ts:142:7 › P4 Partner crews, workers, credentials, and secure headshots › Crews preserve membership history, foreman links gate Foreman roster/headshot access, and readiness is derived (642ms)
  ✓  662 [chromium] › tests/e2e/partner-workforce-credentials.spec.ts:183:7 › P4 Partner crews, workers, credentials, and secure headshots › events and audit payloads omit restricted PII and file storage details (159ms)
{"timestamp":"2026-10-07T02:23:11.737Z","category":"Event","message":"event_created","tenantId":"fb66de3f-d251-4195-aece-8331582cb659","actorUserId":"0659f069-e54b-4f3c-b11b-bd3c5546bbf7","eventId":"803d4fa1-62f2-41b8-b4a5-1dce76aa6b00","eventType":"contractor_payable.eligibility_changed","aggregateType":"contractor_payable","aggregateId":"54a8d197-e91c-4c2f-81f9-7998baf21a32"}
{"timestamp":"2026-10-07T02:23:11.740Z","category":"Audit","message":"audit_log_created","tenantId":"fb66de3f-d251-4195-aece-8331582cb659","actorUserId":"0659f069-e54b-4f3c-b11b-bd3c5546bbf7","action":"contractor_payable.eligibility_changed","entityType":"contractor_payable","entityId":"54a8d197-e91c-4c2f-81f9-7998baf21a32"}
  ✓  663 [chromium] › tests/e2e/payment-retainage-adjustments.spec.ts:39:7 › P13 payment, retainage, and controlled financial adjustments › eligible Contractor Payable creates, submits, and confirms one Partner payment instruction (298ms)
  ✓  664 [chromium] › tests/e2e/payment-retainage-adjustments.spec.ts:79:7 › P13 payment, retainage, and controlled financial adjustments › failed provider attempt preserves history and releases in-flight amount for retry (146ms)
  ✓  665 [chromium] › tests/e2e/payment-retainage-adjustments.spec.ts:97:7 › P13 payment, retainage, and controlled financial adjustments › retainage release creates separate payable and preserves original retained history (374ms)
  ✓  666 [chromium] › tests/e2e/payment-retainage-adjustments.spec.ts:143:7 › P13 payment, retainage, and controlled financial adjustments › controlled adjustment preserves issued invoice and Partner payment view remains scoped and redacted (68ms)
{"timestamp":"2026-10-07T02:23:13.019Z","category":"Event","message":"event_created","tenantId":"4a3fe895-8635-4e51-9fe0-3e17ddbb0aa4","actorUserId":"2665c4a8-274b-44cc-b852-c754370326bf","eventId":"55f3567b-e6c7-476f-8491-1e174d4ea38f","eventType":"contractor_payable.eligibility_changed","aggregateType":"contractor_payable","aggregateId":"1b3525d0-d16d-4e3d-a200-faae56e610df"}
{"timestamp":"2026-10-07T02:23:13.022Z","category":"Audit","message":"audit_log_created","tenantId":"4a3fe895-8635-4e51-9fe0-3e17ddbb0aa4","actorUserId":"2665c4a8-274b-44cc-b852-c754370326bf","action":"contractor_payable.eligibility_changed","entityType":"contractor_payable","entityId":"1b3525d0-d16d-4e3d-a200-faae56e610df"}
  ✓  667 [chromium] › tests/e2e/payment-retainage-adjustments.spec.ts:307:5 › external payment records are idempotent, evidence-backed, and serialized against concurrent overpayment (567ms)
{"timestamp":"2026-10-07T02:23:13.602Z","category":"Event","message":"event_created","tenantId":"47082a27-b04a-4d6f-ad55-88541c666e64","actorUserId":"d4d56060-241e-4f08-a7de-fa1831b62e4d","eventId":"2754123b-8d67-407e-a3f2-cc72c4c124bc","eventType":"contractor_payable.eligibility_changed","aggregateType":"contractor_payable","aggregateId":"f7e0fa71-2406-4b54-bd36-e62acfaa4d0a"}
{"timestamp":"2026-10-07T02:23:13.606Z","category":"Audit","message":"audit_log_created","tenantId":"47082a27-b04a-4d6f-ad55-88541c666e64","actorUserId":"d4d56060-241e-4f08-a7de-fa1831b62e4d","action":"contractor_payable.eligibility_changed","entityType":"contractor_payable","entityId":"f7e0fa71-2406-4b54-bd36-e62acfaa4d0a"}
  ✓  668 [chromium] › tests/e2e/payment-retainage-adjustments.spec.ts:345:5 › competing pending retainage authorizations cannot exceed the remaining balance (629ms)
{"timestamp":"2026-10-07T02:23:14.258Z","category":"Event","message":"event_created","tenantId":"b09da9c8-04da-41b3-8292-f30ffcf27df5","actorUserId":"d0471a0c-61af-4751-9750-44f57cf443f9","eventId":"c478d91b-5c8a-4557-8d20-5f0e189a4d3d","eventType":"contractor_payable.eligibility_changed","aggregateType":"contractor_payable","aggregateId":"8291edba-a480-405f-b74e-2d85f3e80531"}
{"timestamp":"2026-10-07T02:23:14.261Z","category":"Audit","message":"audit_log_created","tenantId":"b09da9c8-04da-41b3-8292-f30ffcf27df5","actorUserId":"d0471a0c-61af-4751-9750-44f57cf443f9","action":"contractor_payable.eligibility_changed","entityType":"contractor_payable","entityId":"8291edba-a480-405f-b74e-2d85f3e80531"}
  ✓  669 [chromium] › tests/e2e/payment-retainage-adjustments.spec.ts:366:5 › payment advancement rejects unverified agreements and duplicate payable exposure (393ms)
{"timestamp":"2026-10-07T02:23:14.789Z","category":"Event","message":"event_created","tenantId":"e4cfbe37-79e1-43de-b581-eacfa88d109c","actorUserId":"7b892325-4e5d-49ed-86da-4c98ec53db17","eventId":"abe67496-ed1b-4679-9bb6-555aceacc007","eventType":"contractor_payable.eligibility_changed","aggregateType":"contractor_payable","aggregateId":"d701fc6c-393d-4abc-86cf-88d19fa64092"}
{"timestamp":"2026-10-07T02:23:14.793Z","category":"Audit","message":"audit_log_created","tenantId":"e4cfbe37-79e1-43de-b581-eacfa88d109c","actorUserId":"7b892325-4e5d-49ed-86da-4c98ec53db17","action":"contractor_payable.eligibility_changed","entityType":"contractor_payable","entityId":"d701fc6c-393d-4abc-86cf-88d19fa64092"}
  ✓  670 [chromium] › tests/e2e/payment-retainage-adjustments.spec.ts:383:5 › finance review UI retains unmatched observations without posting payments and hides controls from foremen (1.3s)
{"timestamp":"2026-10-07T02:23:16.510Z","category":"Event","message":"event_created","tenantId":"c49ce588-4b2f-42f4-ab1f-62ad4881287b","actorUserId":"49169a75-dd61-4bdd-9b96-779e6db288a4","eventId":"ee30ab32-8b4b-4c50-8098-1279e00a0c2d","eventType":"contractor_payable.eligibility_changed","aggregateType":"contractor_payable","aggregateId":"a37ae56e-5285-4b72-a0b9-971dda4aa055"}
{"timestamp":"2026-10-07T02:23:16.514Z","category":"Audit","message":"audit_log_created","tenantId":"c49ce588-4b2f-42f4-ab1f-62ad4881287b","actorUserId":"49169a75-dd61-4bdd-9b96-779e6db288a4","action":"contractor_payable.eligibility_changed","entityType":"contractor_payable","entityId":"a37ae56e-5285-4b72-a0b9-971dda4aa055"}
{"timestamp":"2026-10-07T02:23:16.553Z","category":"Event","message":"event_created","tenantId":"c49ce588-4b2f-42f4-ab1f-62ad4881287b","actorUserId":"49169a75-dd61-4bdd-9b96-779e6db288a4","eventId":"bbf23168-72ef-4917-b1bd-62ca02338ae1","eventType":"passport.posting_rehearsed","aggregateType":"passport","aggregateId":"0902c57b-118b-4b7d-8874-38685bb9418a"}
{"timestamp":"2026-10-07T02:23:16.555Z","category":"Audit","message":"audit_log_created","tenantId":"c49ce588-4b2f-42f4-ab1f-62ad4881287b","actorUserId":"49169a75-dd61-4bdd-9b96-779e6db288a4","action":"passport.posting_rehearsed","entityType":"passport_connection","entityId":"0902c57b-118b-4b7d-8874-38685bb9418a"}
{"timestamp":"2026-10-07T02:23:16.645Z","category":"Event","message":"event_created","tenantId":"c49ce588-4b2f-42f4-ab1f-62ad4881287b","actorUserId":"49169a75-dd61-4bdd-9b96-779e6db288a4","eventId":"d1d2809f-22fd-461d-ac4b-d99cba11a441","eventType":"passport.posting_rehearsed","aggregateType":"passport","aggregateId":"0902c57b-118b-4b7d-8874-38685bb9418a"}
{"timestamp":"2026-10-07T02:23:16.646Z","category":"Audit","message":"audit_log_created","tenantId":"c49ce588-4b2f-42f4-ab1f-62ad4881287b","actorUserId":"49169a75-dd61-4bdd-9b96-779e6db288a4","action":"passport.posting_rehearsed","entityType":"passport_connection","entityId":"0902c57b-118b-4b7d-8874-38685bb9418a"}
{"timestamp":"2026-10-07T02:23:16.647Z","category":"Event","message":"event_created","tenantId":"c49ce588-4b2f-42f4-ab1f-62ad4881287b","actorUserId":"49169a75-dd61-4bdd-9b96-779e6db288a4","eventId":"9ebd94ba-c1c8-4d81-8fac-86fc558bde68","eventType":"partner_payment.external_recorded","aggregateType":"external_partner_payment","aggregateId":"a888d7a8-15aa-4d9a-8e96-5ef645d88c73"}
{"timestamp":"2026-10-07T02:23:16.649Z","category":"Audit","message":"audit_log_created","tenantId":"c49ce588-4b2f-42f4-ab1f-62ad4881287b","actorUserId":"49169a75-dd61-4bdd-9b96-779e6db288a4","action":"partner_payment.external_recorded","entityType":"external_partner_payment","entityId":"a888d7a8-15aa-4d9a-8e96-5ef645d88c73"}
{"timestamp":"2026-10-07T02:23:16.664Z","category":"Event","message":"event_created","tenantId":"c49ce588-4b2f-42f4-ab1f-62ad4881287b","actorUserId":"49169a75-dd61-4bdd-9b96-779e6db288a4","eventId":"0be1dedd-8bf4-4c8a-b06d-f00b0014d03e","eventType":"passport.posting_rehearsed","aggregateType":"passport","aggregateId":"0902c57b-118b-4b7d-8874-38685bb9418a"}
{"timestamp":"2026-10-07T02:23:16.666Z","category":"Audit","message":"audit_log_created","tenantId":"c49ce588-4b2f-42f4-ab1f-62ad4881287b","actorUserId":"49169a75-dd61-4bdd-9b96-779e6db288a4","action":"passport.posting_rehearsed","entityType":"passport_connection","entityId":"0902c57b-118b-4b7d-8874-38685bb9418a"}
{"timestamp":"2026-10-07T02:23:16.672Z","category":"Event","message":"event_created","tenantId":"c49ce588-4b2f-42f4-ab1f-62ad4881287b","actorUserId":"49169a75-dd61-4bdd-9b96-779e6db288a4","eventId":"0359618a-299b-4301-a2ef-3193c1cffd49","eventType":"passport.posting_rehearsed","aggregateType":"passport","aggregateId":"0902c57b-118b-4b7d-8874-38685bb9418a"}
{"timestamp":"2026-10-07T02:23:16.673Z","category":"Audit","message":"audit_log_created","tenantId":"c49ce588-4b2f-42f4-ab1f-62ad4881287b","actorUserId":"49169a75-dd61-4bdd-9b96-779e6db288a4","action":"passport.posting_rehearsed","entityType":"passport_connection","entityId":"0902c57b-118b-4b7d-8874-38685bb9418a"}
{"timestamp":"2026-10-07T02:23:16.767Z","category":"Event","message":"event_created","tenantId":"c49ce588-4b2f-42f4-ab1f-62ad4881287b","actorUserId":"49169a75-dd61-4bdd-9b96-779e6db288a4","eventId":"02d842bf-75c5-4206-8826-4666b6f51127","eventType":"passport.posting_rehearsed","aggregateType":"passport","aggregateId":"0902c57b-118b-4b7d-8874-38685bb9418a"}
{"timestamp":"2026-10-07T02:23:16.769Z","category":"Audit","message":"audit_log_created","tenantId":"c49ce588-4b2f-42f4-ab1f-62ad4881287b","actorUserId":"49169a75-dd61-4bdd-9b96-779e6db288a4","action":"passport.posting_rehearsed","entityType":"passport_connection","entityId":"0902c57b-118b-4b7d-8874-38685bb9418a"}
{"timestamp":"2026-10-07T02:23:16.770Z","category":"Event","message":"event_created","tenantId":"c49ce588-4b2f-42f4-ab1f-62ad4881287b","actorUserId":"49169a75-dd61-4bdd-9b96-779e6db288a4","eventId":"5f621531-a355-4985-818c-bed26c507217","eventType":"partner_payment.external_recorded","aggregateType":"external_partner_payment","aggregateId":"8e3dda65-9fd8-4430-be44-44f75ed17360"}
{"timestamp":"2026-10-07T02:23:16.771Z","category":"Audit","message":"audit_log_created","tenantId":"c49ce588-4b2f-42f4-ab1f-62ad4881287b","actorUserId":"49169a75-dd61-4bdd-9b96-779e6db288a4","action":"partner_payment.external_recorded","entityType":"external_partner_payment","entityId":"8e3dda65-9fd8-4430-be44-44f75ed17360"}
{"timestamp":"2026-10-07T02:23:16.975Z","category":"Event","message":"event_created","tenantId":"bf0079a5-e1b1-45b3-b47f-1f30c5866876","actorUserId":"cad366ea-6575-48a4-b741-911447677a7a","eventId":"d70a7d16-e9cc-4edb-b692-42ff3f32f149","eventType":"contractor_payable.eligibility_changed","aggregateType":"contractor_payable","aggregateId":"7e90fe82-9ddc-4e25-804f-626f4d6e9675"}
{"timestamp":"2026-10-07T02:23:16.979Z","category":"Audit","message":"audit_log_created","tenantId":"bf0079a5-e1b1-45b3-b47f-1f30c5866876","actorUserId":"cad366ea-6575-48a4-b741-911447677a7a","action":"contractor_payable.eligibility_changed","entityType":"contractor_payable","entityId":"7e90fe82-9ddc-4e25-804f-626f4d6e9675"}
{"timestamp":"2026-10-07T02:23:17.053Z","category":"Event","message":"event_created","tenantId":"bf0079a5-e1b1-45b3-b47f-1f30c5866876","actorUserId":"cad366ea-6575-48a4-b741-911447677a7a","eventId":"7570bb8c-d8c1-471f-a024-e83a085bdf42","eventType":"passport.posting_rehearsed","aggregateType":"passport","aggregateId":"bf63cac4-e83b-4d49-bc84-4a44cccf11f4"}
{"timestamp":"2026-10-07T02:23:17.054Z","category":"Audit","message":"audit_log_created","tenantId":"bf0079a5-e1b1-45b3-b47f-1f30c5866876","actorUserId":"cad366ea-6575-48a4-b741-911447677a7a","action":"passport.posting_rehearsed","entityType":"passport_connection","entityId":"bf63cac4-e83b-4d49-bc84-4a44cccf11f4"}
{"timestamp":"2026-10-07T02:23:17.055Z","category":"Event","message":"event_created","tenantId":"bf0079a5-e1b1-45b3-b47f-1f30c5866876","actorUserId":"cad366ea-6575-48a4-b741-911447677a7a","eventId":"945591b6-9ecc-45ed-8af6-0fe643e334d3","eventType":"partner_payment.external_recorded","aggregateType":"external_partner_payment","aggregateId":"baeb04ae-94f5-4f39-a379-590cd3b3073a"}
{"timestamp":"2026-10-07T02:23:17.057Z","category":"Audit","message":"audit_log_created","tenantId":"bf0079a5-e1b1-45b3-b47f-1f30c5866876","actorUserId":"cad366ea-6575-48a4-b741-911447677a7a","action":"partner_payment.external_recorded","entityType":"external_partner_payment","entityId":"baeb04ae-94f5-4f39-a379-590cd3b3073a"}
{"timestamp":"2026-10-07T02:23:17.069Z","category":"Event","message":"event_created","tenantId":"bf0079a5-e1b1-45b3-b47f-1f30c5866876","actorUserId":"cad366ea-6575-48a4-b741-911447677a7a","eventId":"57fa348a-ad8f-44f0-b983-c707b0d42498","eventType":"passport.posting_rehearsed","aggregateType":"passport","aggregateId":"bf63cac4-e83b-4d49-bc84-4a44cccf11f4"}
{"timestamp":"2026-10-07T02:23:17.070Z","category":"Audit","message":"audit_log_created","tenantId":"bf0079a5-e1b1-45b3-b47f-1f30c5866876","actorUserId":"cad366ea-6575-48a4-b741-911447677a7a","action":"passport.posting_rehearsed","entityType":"passport_connection","entityId":"bf63cac4-e83b-4d49-bc84-4a44cccf11f4"}
  ✓  671 [chromium] › tests/e2e/payment-retainage-adjustments.spec.ts:410:5 › prepared normalized posting persists partials once and retains exceptions without rewriting payments (1.4s)
  ✓  672 [chromium] › tests/e2e/persona-visibility.spec.ts:6:7 › Persona visibility smoke › system admin can see major governed navigation areas (939ms)
  ✓  673 [chromium] › tests/e2e/persona-visibility.spec.ts:14:7 › Persona visibility smoke › finance user can open finance workspaces (1.0s)
  ✓  674 [chromium] › tests/e2e/persona-visibility.spec.ts:24:7 › Persona visibility smoke › operations user can open execution workspaces (940ms)
  ✓  675 [chromium] › tests/e2e/persona-visibility.spec.ts:34:7 › Persona visibility smoke › read-only auditor does not receive create permissions in stored persona state (941ms)
  ✓  676 [chromium] › tests/e2e/personas/minimum-personas.spec.ts:17:7 › Minimum persona permission certification › system admin has broad workspace and action visibility (1.7s)
  ✓  677 [chromium] › tests/e2e/personas/minimum-personas.spec.ts:30:7 › Minimum persona permission certification › operations manager can read execution but backend denies finance mutation (850ms)
  ✓  678 [chromium] › tests/e2e/personas/minimum-personas.spec.ts:41:7 › Minimum persona permission certification › finance user can read finance workspaces and lacks production mutation permissions (968ms)
  ✓  679 [chromium] › tests/e2e/personas/minimum-personas.spec.ts:54:7 › Minimum persona permission certification › read-only auditor can read but cannot create or mutate (931ms)
  ✓  680 [chromium] › tests/e2e/production-readiness.spec.ts:42:7 › P17 production readiness release-candidate acceptance › onboarding to mobilization facts are scoped and canonical (4ms)
  ✓  681 [chromium] › tests/e2e/production-readiness.spec.ts:58:7 › P17 production readiness release-candidate acceptance › field-day and offline operating envelope preserve submitted production exactly once (10ms)
  ✓  682 [chromium] › tests/e2e/production-readiness.spec.ts:68:7 › P17 production readiness release-candidate acceptance › Customer QC, correction, reinspection, and accepted quantity remain lineage-safe (6ms)
  ✓  683 [chromium] › tests/e2e/production-readiness.spec.ts:90:7 › P17 production readiness release-candidate acceptance › billing, cash, payable, and executive finance KPIs keep Customer AR separate from Partner AP (76ms)
  ✓  684 [chromium] › tests/e2e/production-readiness.spec.ts:100:7 › P17 production readiness release-candidate acceptance › historical payable without accepted-work settlement items cannot advance to payment (21ms)
  ✓  685 [chromium] › tests/e2e/production-readiness.spec.ts:109:7 › P17 production readiness release-candidate acceptance › performance, opportunity matching, and command intelligence are recommendation-only (121ms)
  ✓  686 [chromium] › tests/e2e/production-readiness.spec.ts:121:7 › P17 production readiness release-candidate acceptance › generic-route bypass and cross-tenant attacks are denied (75ms)
  ✓  687 [chromium] › tests/e2e/production-readiness.spec.ts:137:7 › P17 production readiness release-candidate acceptance › Partner Foreman has no finance, ranking, Command Center, or sensitive data access (39ms)
  ✓  688 [chromium] › tests/e2e/production-readiness.spec.ts:147:7 › P17 production readiness release-candidate acceptance › Partner Admin cannot see competitor intelligence or internal command data (27ms)
  ✓  689 [chromium] › tests/e2e/production-readiness.spec.ts:156:7 › P17 production readiness release-candidate acceptance › critical drill-through routes enforce each internal release user's permissions (1.3s)
  ✓  690 [chromium] › tests/e2e/production-readiness.spec.ts:181:7 › P17 production readiness release-candidate acceptance › scheduler/idempotency and sensitive-payload release checks hold (123ms)
  ✓  691 [chromium] › tests/e2e/qc-create-capabilities.spec.ts:36:7 › QC create supported advanced capabilities › named selections and structured reasons persist without approving the review (1.2s)
  ✓  692 [chromium] › tests/e2e/qc-create-capabilities.spec.ts:93:7 › QC create supported advanced capabilities › QC Manager findings request corrections without accepting or billing production (1.0s)
  ✓  693 [chromium] › tests/e2e/qc-create-capabilities.spec.ts:130:7 › QC create supported advanced capabilities › read-only actor cannot enumerate create choices or create a review (18ms)
  ✓  694 [chromium] › tests/e2e/route-matrix.spec.ts:11:9 › Browser E2E route matrix › Growth / Intelligence: /intelligence (740ms)
  ✓  695 [chromium] › tests/e2e/route-matrix.spec.ts:11:9 › Browser E2E route matrix › Growth / Intelligence: /intelligence/signals (812ms)
  ✓  696 [chromium] › tests/e2e/route-matrix.spec.ts:11:9 › Browser E2E route matrix › Growth / Intelligence: /intelligence/signals/a0d4da94-a197-538f-ba6c-371154494228 (681ms)
  ✓  697 [chromium] › tests/e2e/route-matrix.spec.ts:11:9 › Browser E2E route matrix › Growth / Intelligence: /intelligence/account-onboarding (710ms)
  ✓  698 [chromium] › tests/e2e/route-matrix.spec.ts:11:9 › Browser E2E route matrix › Growth / Intelligence: /intelligence/organizations (693ms)
  ✓  699 [chromium] › tests/e2e/route-matrix.spec.ts:11:9 › Browser E2E route matrix › Growth / Intelligence: /intelligence/organizations/new (658ms)
  ✓  700 [chromium] › tests/e2e/route-matrix.spec.ts:11:9 › Browser E2E route matrix › Growth / Intelligence: /intelligence/organizations/432e658f-4058-51e2-bd24-f0b644f431a5 (612ms)
  ✓  701 [chromium] › tests/e2e/route-matrix.spec.ts:11:9 › Browser E2E route matrix › Growth / Intelligence: /intelligence/organizations/432e658f-4058-51e2-bd24-f0b644f431a5/edit (656ms)
  ✓  702 [chromium] › tests/e2e/route-matrix.spec.ts:11:9 › Browser E2E route matrix › Growth / Intelligence: /intelligence/contacts (666ms)
  ✓  703 [chromium] › tests/e2e/route-matrix.spec.ts:11:9 › Browser E2E route matrix › Growth / Intelligence: /intelligence/contacts/new (634ms)
  ✓  704 [chromium] › tests/e2e/route-matrix.spec.ts:11:9 › Browser E2E route matrix › Growth / Intelligence: /intelligence/contacts/44210d51-0251-5c85-a581-5149f269f21a (683ms)
  ✓  705 [chromium] › tests/e2e/route-matrix.spec.ts:11:9 › Browser E2E route matrix › Growth / Intelligence: /intelligence/contacts/44210d51-0251-5c85-a581-5149f269f21a/edit (774ms)
  ✓  706 [chromium] › tests/e2e/route-matrix.spec.ts:11:9 › Browser E2E route matrix › Growth / Intelligence: /intelligence/relationship-maps (687ms)
  ✓  707 [chromium] › tests/e2e/route-matrix.spec.ts:11:9 › Browser E2E route matrix › Growth / Intelligence: /intelligence/relationship-maps/new (761ms)
  ✓  708 [chromium] › tests/e2e/route-matrix.spec.ts:11:9 › Browser E2E route matrix › Growth / Intelligence: /intelligence/relationship-maps/b7edc55d-4170-508a-8867-088de5d63bb7 (605ms)
  ✓  709 [chromium] › tests/e2e/route-matrix.spec.ts:11:9 › Browser E2E route matrix › Growth / Intelligence: /intelligence/relationship-maps/b7edc55d-4170-508a-8867-088de5d63bb7/edit (753ms)
  ✓  710 [chromium] › tests/e2e/route-matrix.spec.ts:11:9 › Browser E2E route matrix › Opportunity / Coverage: /opportunities (689ms)
  ✓  711 [chromium] › tests/e2e/route-matrix.spec.ts:11:9 › Browser E2E route matrix › Opportunity / Coverage: /opportunities/candidates (674ms)
  ✓  712 [chromium] › tests/e2e/route-matrix.spec.ts:11:9 › Browser E2E route matrix › Opportunity / Coverage: /opportunities/candidates/new (708ms)
  ✓  713 [chromium] › tests/e2e/route-matrix.spec.ts:11:9 › Browser E2E route matrix › Opportunity / Coverage: /opportunities/candidates/6ac46226-5759-5192-98d2-47dbaea00b12 (627ms)
  ✓  714 [chromium] › tests/e2e/route-matrix.spec.ts:11:9 › Browser E2E route matrix › Opportunity / Coverage: /opportunities/candidates/6ac46226-5759-5192-98d2-47dbaea00b12/edit (762ms)
  ✓  715 [chromium] › tests/e2e/route-matrix.spec.ts:11:9 › Browser E2E route matrix › Opportunity / Coverage: /opportunities/pipeline (678ms)
  ✓  716 [chromium] › tests/e2e/route-matrix.spec.ts:11:9 › Browser E2E route matrix › Opportunity / Coverage: /opportunities/new (750ms)
  ✓  717 [chromium] › tests/e2e/route-matrix.spec.ts:11:9 › Browser E2E route matrix › Opportunity / Coverage: /opportunities/4cd11c9f-64e0-519e-9a00-248720684e97 (691ms)
  ✓  718 [chromium] › tests/e2e/route-matrix.spec.ts:11:9 › Browser E2E route matrix › Opportunity / Coverage: /opportunities/4cd11c9f-64e0-519e-9a00-248720684e97/edit (782ms)
  ✓  719 [chromium] › tests/e2e/route-matrix.spec.ts:11:9 › Browser E2E route matrix › Opportunity / Coverage: /opportunities/coverage (782ms)
  ✓  720 [chromium] › tests/e2e/route-matrix.spec.ts:11:9 › Browser E2E route matrix › Opportunity / Coverage: /opportunities/coverage/new (682ms)
  ✓  721 [chromium] › tests/e2e/route-matrix.spec.ts:11:9 › Browser E2E route matrix › Opportunity / Coverage: /opportunities/coverage/6c2adb9e-689f-5924-87d2-7fa46c416165 (689ms)
  ✓  722 [chromium] › tests/e2e/route-matrix.spec.ts:11:9 › Browser E2E route matrix › Opportunity / Coverage: /opportunities/coverage/6c2adb9e-689f-5924-87d2-7fa46c416165/edit (712ms)
  ✓  723 [chromium] › tests/e2e/route-matrix.spec.ts:11:9 › Browser E2E route matrix › Execution: /projects (766ms)
  ✓  724 [chromium] › tests/e2e/route-matrix.spec.ts:11:9 › Browser E2E route matrix › Execution: /projects/3e8fdeb8-dece-5285-833d-db832a5180fd (744ms)
  ✓  725 [chromium] › tests/e2e/route-matrix.spec.ts:11:9 › Browser E2E route matrix › Execution: /projects/3e8fdeb8-dece-5285-833d-db832a5180fd/edit (712ms)
  ✓  726 [chromium] › tests/e2e/route-matrix.spec.ts:11:9 › Browser E2E route matrix › Execution: /work-orders (704ms)
  ✓  727 [chromium] › tests/e2e/route-matrix.spec.ts:11:9 › Browser E2E route matrix › Execution: /work-orders/new (718ms)
  ✓  728 [chromium] › tests/e2e/route-matrix.spec.ts:11:9 › Browser E2E route matrix › Execution: /work-orders/6059ac12-783a-5172-a229-0213f1569b13 (846ms)
  ✓  729 [chromium] › tests/e2e/route-matrix.spec.ts:11:9 › Browser E2E route matrix › Execution: /work-orders/6059ac12-783a-5172-a229-0213f1569b13/edit (811ms)
  ✓  730 [chromium] › tests/e2e/route-matrix.spec.ts:11:9 › Browser E2E route matrix › Execution: /production (738ms)
  ✓  731 [chromium] › tests/e2e/route-matrix.spec.ts:11:9 › Browser E2E route matrix › Execution: /production/new (791ms)
  ✓  732 [chromium] › tests/e2e/route-matrix.spec.ts:11:9 › Browser E2E route matrix › Execution: /production/d07f0f37-b932-50c0-a3c2-f007b62be454 (662ms)
  ✓  733 [chromium] › tests/e2e/route-matrix.spec.ts:11:9 › Browser E2E route matrix › Execution: /production/d07f0f37-b932-50c0-a3c2-f007b62be454/edit (728ms)
  ✓  734 [chromium] › tests/e2e/route-matrix.spec.ts:11:9 › Browser E2E route matrix › Execution: /qc (732ms)
  ✓  735 [chromium] › tests/e2e/route-matrix.spec.ts:11:9 › Browser E2E route matrix › Execution: /qc/new (751ms)
  ✓  736 [chromium] › tests/e2e/route-matrix.spec.ts:11:9 › Browser E2E route matrix › Execution: /qc/6d64587a-51d3-5b2b-b7c2-10eacd7b7789 (660ms)
  ✘  737 [chromium] › tests/e2e/route-matrix.spec.ts:11:9 › Browser E2E route matrix › Execution: /qc/6d64587a-51d3-5b2b-b7c2-10eacd7b7789/edit (10.6s)
(node:20995) Warning: The 'NO_COLOR' env is ignored due to the 'FORCE_COLOR' env being set.
(Use `node --trace-warnings ...` to show where the warning was created)
  ✓  738 [chromium] › tests/e2e/route-matrix.spec.ts:11:9 › Browser E2E route matrix › Revenue: /billable (567ms)
  ✓  739 [chromium] › tests/e2e/route-matrix.spec.ts:11:9 › Browser E2E route matrix › Revenue: /billable/new (504ms)
  ✓  740 [chromium] › tests/e2e/route-matrix.spec.ts:11:9 › Browser E2E route matrix › Revenue: /billable/c8ec8491-f179-579d-b19e-7428149abf97 (552ms)
  ✓  741 [chromium] › tests/e2e/route-matrix.spec.ts:11:9 › Browser E2E route matrix › Revenue: /billable/c8ec8491-f179-579d-b19e-7428149abf97/edit (495ms)
  ✓  742 [chromium] › tests/e2e/route-matrix.spec.ts:11:9 › Browser E2E route matrix › Revenue: /settlements (546ms)
  ✓  743 [chromium] › tests/e2e/route-matrix.spec.ts:11:9 › Browser E2E route matrix › Revenue: /settlements/new (577ms)
  ✓  744 [chromium] › tests/e2e/route-matrix.spec.ts:11:9 › Browser E2E route matrix › Revenue: /settlements/0899699c-1cb9-5955-b337-cdfb99e94538 (453ms)
  ✓  745 [chromium] › tests/e2e/route-matrix.spec.ts:11:9 › Browser E2E route matrix › Revenue: /settlements/0899699c-1cb9-5955-b337-cdfb99e94538/edit (590ms)
  ✓  746 [chromium] › tests/e2e/route-matrix.spec.ts:11:9 › Browser E2E route matrix › Revenue: /invoices (511ms)
  ✓  747 [chromium] › tests/e2e/route-matrix.spec.ts:11:9 › Browser E2E route matrix › Revenue: /invoices/new (534ms)
  ✓  748 [chromium] › tests/e2e/route-matrix.spec.ts:11:9 › Browser E2E route matrix › Revenue: /invoices/c8c9233d-8c96-55d9-a920-04dd928234ef (488ms)
  ✓  749 [chromium] › tests/e2e/route-matrix.spec.ts:11:9 › Browser E2E route matrix › Revenue: /invoices/c8c9233d-8c96-55d9-a920-04dd928234ef/edit (518ms)
  ✓  750 [chromium] › tests/e2e/route-matrix.spec.ts:11:9 › Browser E2E route matrix › Revenue: /cash (602ms)
  ✓  751 [chromium] › tests/e2e/route-matrix.spec.ts:11:9 › Browser E2E route matrix › Revenue: /cash/receipts/new (596ms)
  ✓  752 [chromium] › tests/e2e/route-matrix.spec.ts:11:9 › Browser E2E route matrix › Revenue: /cash/receipts/9602b2c7-be2a-5abe-bb15-24dba6ef722f (767ms)
  ✓  753 [chromium] › tests/e2e/route-matrix.spec.ts:11:9 › Browser E2E route matrix › Revenue: /cash/receipts/9602b2c7-be2a-5abe-bb15-24dba6ef722f/edit (780ms)
  ✓  754 [chromium] › tests/e2e/route-matrix.spec.ts:11:9 › Browser E2E route matrix › Revenue: /payment-applications (797ms)
  ✓  755 [chromium] › tests/e2e/route-matrix.spec.ts:11:9 › Browser E2E route matrix › Revenue: /payment-applications/15a8aea5-78eb-5183-82d8-35820df26cc3 (681ms)
  ✓  756 [chromium] › tests/e2e/route-matrix.spec.ts:11:9 › Browser E2E route matrix › Revenue: /collections (835ms)
  ✓  757 [chromium] › tests/e2e/route-matrix.spec.ts:11:9 › Browser E2E route matrix › Revenue: /collections/new (822ms)
  ✓  758 [chromium] › tests/e2e/route-matrix.spec.ts:11:9 › Browser E2E route matrix › Revenue: /collections/eea202fc-fbf1-53e0-a1ee-c0c62fe22cf0 (1.1s)
  ✓  759 [chromium] › tests/e2e/route-matrix.spec.ts:11:9 › Browser E2E route matrix › Revenue: /collections/eea202fc-fbf1-53e0-a1ee-c0c62fe22cf0/edit (1.2s)
  ✓  760 [chromium] › tests/e2e/route-matrix.spec.ts:11:9 › Browser E2E route matrix › Revenue: /collection-actions (1.3s)
  ✓  761 [chromium] › tests/e2e/route-matrix.spec.ts:11:9 › Browser E2E route matrix › Revenue: /collection-actions/4f84f07c-4653-5a25-92b6-ff1bfcf04c0e (1.5s)
  ✓  762 [chromium] › tests/e2e/route-matrix.spec.ts:11:9 › Browser E2E route matrix › Cost / Labor: /contractor-payables (3.9s)
  ✓  763 [chromium] › tests/e2e/route-matrix.spec.ts:11:9 › Browser E2E route matrix › Cost / Labor: /contractor-payables/new (3.5s)
  ✓  764 [chromium] › tests/e2e/route-matrix.spec.ts:11:9 › Browser E2E route matrix › Cost / Labor: /contractor-payables/0532f1ae-3ea9-5722-a17d-1ef59c055c60 (3.6s)
  ✓  765 [chromium] › tests/e2e/route-matrix.spec.ts:11:9 › Browser E2E route matrix › Cost / Labor: /contractor-payables/0532f1ae-3ea9-5722-a17d-1ef59c055c60/edit (5.0s)
  ✓  766 [chromium] › tests/e2e/route-matrix.spec.ts:11:9 › Browser E2E route matrix › Cost / Labor: /payroll (3.7s)
  ✓  767 [chromium] › tests/e2e/route-matrix.spec.ts:11:9 › Browser E2E route matrix › Cost / Labor: /payroll/new (2.7s)
  ✓  768 [chromium] › tests/e2e/route-matrix.spec.ts:11:9 › Browser E2E route matrix › Cost / Labor: /payroll/9a5e24b3-f800-5af8-9ae3-ca1f5d42bfb6 (1.9s)
  ✓  769 [chromium] › tests/e2e/route-matrix.spec.ts:11:9 › Browser E2E route matrix › Cost / Labor: /payroll/9a5e24b3-f800-5af8-9ae3-ca1f5d42bfb6/edit (1.5s)
  ✓  770 [chromium] › tests/e2e/route-matrix.spec.ts:11:9 › Browser E2E route matrix › Cost / Labor: /payments (1.4s)
  ✓  771 [chromium] › tests/e2e/route-matrix.spec.ts:11:9 › Browser E2E route matrix › Cost / Labor: /payments/new (1.6s)
  ✓  772 [chromium] › tests/e2e/route-matrix.spec.ts:11:9 › Browser E2E route matrix › Cost / Labor: /payments/7123d00c-09b2-5bce-bc4a-ccffe41f0639 (1.1s)
  ✓  773 [chromium] › tests/e2e/route-matrix.spec.ts:11:9 › Browser E2E route matrix › Cost / Labor: /payments/7123d00c-09b2-5bce-bc4a-ccffe41f0639/edit (1.1s)
  ✓  774 [chromium] › tests/e2e/route-matrix.spec.ts:11:9 › Browser E2E route matrix › Cost / Labor: /payment-items/6a46faba-f5a3-521e-aac6-4a334c104f9e (1.0s)
  ✓  775 [chromium] › tests/e2e/route-matrix.spec.ts:11:9 › Browser E2E route matrix › Verification / Accounting: /bank-reconciliation (918ms)
  ✓  776 [chromium] › tests/e2e/route-matrix.spec.ts:11:9 › Browser E2E route matrix › Verification / Accounting: /bank-reconciliation/accounts/new (974ms)
  ✓  777 [chromium] › tests/e2e/route-matrix.spec.ts:11:9 › Browser E2E route matrix › Verification / Accounting: /bank-reconciliation/accounts/46166eca-ccc1-5390-b5da-05c5d36d613f (836ms)
  ✓  778 [chromium] › tests/e2e/route-matrix.spec.ts:11:9 › Browser E2E route matrix › Verification / Accounting: /bank-reconciliation/accounts/46166eca-ccc1-5390-b5da-05c5d36d613f/edit (934ms)
  ✓  779 [chromium] › tests/e2e/route-matrix.spec.ts:11:9 › Browser E2E route matrix › Verification / Accounting: /bank-reconciliation/transactions/new (897ms)
  ✓  780 [chromium] › tests/e2e/route-matrix.spec.ts:11:9 › Browser E2E route matrix › Verification / Accounting: /bank-reconciliation/transactions/157b1af5-9bb3-5ad9-9305-1d12b7b364dd (727ms)
  ✓  781 [chromium] › tests/e2e/route-matrix.spec.ts:11:9 › Browser E2E route matrix › Verification / Accounting: /bank-reconciliation/transactions/157b1af5-9bb3-5ad9-9305-1d12b7b364dd/edit (822ms)
  ✓  782 [chromium] › tests/e2e/route-matrix.spec.ts:11:9 › Browser E2E route matrix › Verification / Accounting: /reconciliation-matches/e8e8852f-fb54-5dfa-8fc0-aa8cae22c42e (735ms)
  ✓  783 [chromium] › tests/e2e/route-matrix.spec.ts:11:9 › Browser E2E route matrix › Verification / Accounting: /accounting-exports (727ms)
  ✓  784 [chromium] › tests/e2e/route-matrix.spec.ts:11:9 › Browser E2E route matrix › Verification / Accounting: /accounting-exports/new (727ms)
  ✓  785 [chromium] › tests/e2e/route-matrix.spec.ts:11:9 › Browser E2E route matrix › Verification / Accounting: /accounting-exports/b82c2439-08d3-5f49-8bf0-5b5538884df6 (986ms)
  ✓  786 [chromium] › tests/e2e/route-matrix.spec.ts:11:9 › Browser E2E route matrix › Verification / Accounting: /accounting-exports/b82c2439-08d3-5f49-8bf0-5b5538884df6/edit (745ms)
  ✓  787 [chromium] › tests/e2e/route-matrix.spec.ts:11:9 › Browser E2E route matrix › Verification / Accounting: /accounting-export-items/012a13a5-3f55-5523-a45c-d5f79a5367e0 (702ms)
  ✓  788 [chromium] › tests/e2e/scope-financial-handoffs.spec.ts:38:7 › Scope preservation: financial role handoffs › accepted partner quantity passes billing, cash and payables roles to one evidence-backed external payment (1.3s)
  ✓  789 [chromium] › tests/e2e/scope-financial-handoffs.spec.ts:111:7 › Scope preservation: financial role handoffs › accepted employee source remains customer billable but cannot create partner debt (168ms)
  ✓  790 [chromium] › tests/e2e/scope-production-roles.spec.ts:14:7 › ops-manager creates, edits and submits production while approval and money remain forbidden (2.0s)
  ✓  791 [chromium] › tests/e2e/scope-production-roles.spec.ts:14:7 › field-supervisor creates, edits and submits production while approval and money remain forbidden (1.9s)
  ✓  792 [chromium] › tests/e2e/signal-feed-operator.spec.ts:8:7 › Signal Feed operator hardening › production/default mode hides developer session controls (672ms)
  ✓  793 [chromium] › tests/e2e/signal-feed-operator.spec.ts:24:7 › Signal Feed operator hardening › unauthenticated state uses production-safe copy (575ms)
  ✓  794 [chromium] › tests/e2e/signal-feed-operator.spec.ts:39:7 › Signal Feed operator hardening › authenticated Signal Feed renders priorities, tabs, and collapsed filters (873ms)
  ✓  795 [chromium] › tests/e2e/signal-feed-operator.spec.ts:57:7 › Signal Feed operator hardening › Create Signal opens an operator modal with modal standards (1.6s)
  ✓  796 [chromium] › tests/e2e/signal-feed-operator.spec.ts:76:7 › Signal Feed operator hardening › Categorize opens modal, submits, and refreshes (997ms)
  ✓  797 [chromium] › tests/e2e/signal-feed-operator.spec.ts:91:7 › Signal Feed operator hardening › Score opens modal, submits, and refreshes (961ms)
  ✓  798 [chromium] › tests/e2e/signal-feed-operator.spec.ts:105:7 › Signal Feed operator hardening › Verify disabled reason appears when evidence is missing (774ms)
  ✓  799 [chromium] › tests/e2e/signal-feed-operator.spec.ts:114:7 › Signal Feed operator hardening › Archive opens danger modal and requires reason (1.0s)
  ✓  800 [chromium] › tests/e2e/signal-feed-operator.spec.ts:129:7 › Signal Feed operator hardening › read-only auditor can view but cannot mutate (1.0s)
  ✓  801 [chromium] › tests/e2e/syncfield-customer-qc.spec.ts:56:7 › P10 Customer QC intake, correction relay, and reinspection › production gate, Work Order codes, and field UI hydrate without rates (1.1s)
  ✓  802 [chromium] › tests/e2e/syncfield-customer-qc.spec.ts:85:7 › P10 Customer QC intake, correction relay, and reinspection › browser offline queue persists and automatically replays Asset, Route, and Daily production exactly once (2.7s)
  ✓  803 [chromium] › tests/e2e/syncfield-customer-qc.spec.ts:122:7 › P10 Customer QC intake, correction relay, and reinspection › offline replay revalidates lost production-start authorization and keeps failed work traceable (2.5s)
  ✓  804 [chromium] › tests/e2e/syncfield-customer-qc.spec.ts:146:7 › P10 Customer QC intake, correction relay, and reinspection › Asset, Route, and Daily production create authoritative records with subordinate annotations and idempotency (412ms)
  ✓  805 [chromium] › tests/e2e/syncfield-customer-qc.spec.ts:170:7 › P10 Customer QC intake, correction relay, and reinspection › submission creates immutable revision snapshot and blocks ordinary edits without QC or finance (1.8s)
  ✓  806 [chromium] › tests/e2e/syncfield-customer-qc.spec.ts:204:7 › P10 Customer QC intake, correction relay, and reinspection › field evidence is scoped, idempotent, readable by QC and rejects disguised files; incidents persist (1.5s)
  ✓  807 [chromium] › tests/e2e/syncfield-customer-qc.spec.ts:218:7 › P10 Customer QC intake, correction relay, and reinspection › Customer QC intake preserves reported quantities and creates Partner-safe correction history without finance (2.7s)
  ✓  808 [chromium] › tests/e2e/syncfield-customer-qc.spec.ts:303:7 › P10 Customer QC intake, correction relay, and reinspection › prime policy derives deadlines from original receipt and preserves scheduled dates across revisions (3.1s)
  ✓  809 [chromium] › tests/e2e/syncfield-customer-qc.spec.ts:343:7 › P10 Customer QC intake, correction relay, and reinspection › Partner correction resubmission creates Revision 2 and Customer reinspection cycle without reopening Revision 1 (3.2s)
  ✓  810 [chromium] › tests/e2e/syncfield-customer-qc.spec.ts:404:7 › P10 Customer QC intake, correction relay, and reinspection › submitted-report offline conflict does not reopen the report or create production (3.3s)
  ✓  811 [chromium] › tests/e2e/syncfield-customer-qc.spec.ts:419:7 › P10 Customer QC intake, correction relay, and reinspection › Partner-local queue isolation hides pending field work after account switch (3.0s)
  ✓  812 [chromium] › tests/e2e/syncfield-customer-qc.spec.ts:432:7 › P10 Customer QC intake, correction relay, and reinspection › Partner Admin receives safe read-only report and duplicate submitted work requires traceability (2.1s)
  ✓  813 [chromium] › tests/e2e/syncfield-customer-qc.spec.ts:452:7 › P10 Customer QC intake, correction relay, and reinspection › extended correction keeps authorized code, map and evidence in immutable revision and rejects unrelated references (1.6s)
{"timestamp":"2026-10-07T02:25:59.388Z","category":"Event","message":"event_created","tenantId":"7936f40f-a6e1-4133-94ea-bfb4fe4be936","actorUserId":"ac858bb5-8b26-422b-9b0f-f451c0988878","eventId":"a6b91f74-bf3d-4fc4-9309-30a7a730e8ec","eventType":"prime_delivery.destination_approved","aggregateType":"invoice","aggregateId":"26028da2-4b28-4697-bf82-3767183f2270"}
{"timestamp":"2026-10-07T02:25:59.397Z","category":"Audit","message":"audit_log_created","tenantId":"7936f40f-a6e1-4133-94ea-bfb4fe4be936","actorUserId":"ac858bb5-8b26-422b-9b0f-f451c0988878","action":"prime_delivery.destination_approved","entityType":"prime_delivery_destination","entityId":"26028da2-4b28-4697-bf82-3767183f2270"}
{"timestamp":"2026-10-07T02:25:59.541Z","category":"Event","message":"event_created","tenantId":"7936f40f-a6e1-4133-94ea-bfb4fe4be936","actorUserId":"ac858bb5-8b26-422b-9b0f-f451c0988878","eventId":"2c63e69d-1ad0-49ce-acab-0474bc66b416","eventType":"prime_delivery.queued","aggregateType":"invoice","aggregateId":"4ed8d55b-e6cd-46bc-ba6a-bd7c6c5a8baf"}
{"timestamp":"2026-10-07T02:25:59.544Z","category":"Audit","message":"audit_log_created","tenantId":"7936f40f-a6e1-4133-94ea-bfb4fe4be936","actorUserId":"ac858bb5-8b26-422b-9b0f-f451c0988878","action":"prime_delivery.queued","entityType":"prime_delivery_job","entityId":"4ed8d55b-e6cd-46bc-ba6a-bd7c6c5a8baf"}
{"timestamp":"2026-10-07T02:25:59.688Z","category":"Event","message":"event_created","tenantId":"7936f40f-a6e1-4133-94ea-bfb4fe4be936","actorUserId":"ac858bb5-8b26-422b-9b0f-f451c0988878","eventId":"ebcbd073-763d-4df6-afde-343c846d3ebb","eventType":"prime_delivery.cancelled","aggregateType":"invoice","aggregateId":"4ed8d55b-e6cd-46bc-ba6a-bd7c6c5a8baf"}
{"timestamp":"2026-10-07T02:25:59.690Z","category":"Audit","message":"audit_log_created","tenantId":"7936f40f-a6e1-4133-94ea-bfb4fe4be936","actorUserId":"ac858bb5-8b26-422b-9b0f-f451c0988878","action":"prime_delivery.cancelled","entityType":"prime_delivery_job","entityId":"4ed8d55b-e6cd-46bc-ba6a-bd7c6c5a8baf"}
{"timestamp":"2026-10-07T02:25:59.739Z","category":"Event","message":"event_created","tenantId":"7936f40f-a6e1-4133-94ea-bfb4fe4be936","actorUserId":"ac858bb5-8b26-422b-9b0f-f451c0988878","eventId":"576bb31e-e1f4-4036-9487-9247a5cff986","eventType":"prime_delivery.queued","aggregateType":"invoice","aggregateId":"170e8d2a-e6cd-4099-9c26-f91dea96ba2c"}
{"timestamp":"2026-10-07T02:25:59.741Z","category":"Audit","message":"audit_log_created","tenantId":"7936f40f-a6e1-4133-94ea-bfb4fe4be936","actorUserId":"ac858bb5-8b26-422b-9b0f-f451c0988878","action":"prime_delivery.queued","entityType":"prime_delivery_job","entityId":"170e8d2a-e6cd-4099-9c26-f91dea96ba2c"}
{"timestamp":"2026-10-07T02:25:59.859Z","category":"Event","message":"event_created","tenantId":"7936f40f-a6e1-4133-94ea-bfb4fe4be936","actorUserId":"ac858bb5-8b26-422b-9b0f-f451c0988878","eventId":"45c214be-6fab-4b37-9660-2e8fe8522945","eventType":"prime_delivery.review_resolved","aggregateType":"invoice","aggregateId":"170e8d2a-e6cd-4099-9c26-f91dea96ba2c"}
{"timestamp":"2026-10-07T02:25:59.862Z","category":"Audit","message":"audit_log_created","tenantId":"7936f40f-a6e1-4133-94ea-bfb4fe4be936","actorUserId":"ac858bb5-8b26-422b-9b0f-f451c0988878","action":"prime_delivery.review_resolved","entityType":"prime_delivery_job","entityId":"170e8d2a-e6cd-4099-9c26-f91dea96ba2c"}
{"timestamp":"2026-10-07T02:25:59.916Z","category":"Event","message":"event_created","tenantId":"7936f40f-a6e1-4133-94ea-bfb4fe4be936","actorUserId":"ac858bb5-8b26-422b-9b0f-f451c0988878","eventId":"8406c2a9-ffee-4588-8c5e-02d534349f23","eventType":"prime_delivery.queued","aggregateType":"invoice","aggregateId":"b764acd9-5fb3-4629-8023-5743b9d65ff6"}
{"timestamp":"2026-10-07T02:25:59.918Z","category":"Audit","message":"audit_log_created","tenantId":"7936f40f-a6e1-4133-94ea-bfb4fe4be936","actorUserId":"ac858bb5-8b26-422b-9b0f-f451c0988878","action":"prime_delivery.queued","entityType":"prime_delivery_job","entityId":"b764acd9-5fb3-4629-8023-5743b9d65ff6"}
{"timestamp":"2026-10-07T02:26:00.174Z","category":"Event","message":"event_created","tenantId":"7936f40f-a6e1-4133-94ea-bfb4fe4be936","actorUserId":"ac858bb5-8b26-422b-9b0f-f451c0988878","eventId":"e352db0b-c429-4881-a74e-92a4f3bc11d5","eventType":"invoice_package.delivered","aggregateType":"invoice","aggregateId":"6aca3def-eb41-44c4-b3e3-46ac0293a0bb"}
{"timestamp":"2026-10-07T02:26:00.176Z","category":"Audit","message":"audit_log_created","tenantId":"7936f40f-a6e1-4133-94ea-bfb4fe4be936","actorUserId":"ac858bb5-8b26-422b-9b0f-f451c0988878","action":"invoice_package.delivered","entityType":"invoice_delivery_event","entityId":"6aca3def-eb41-44c4-b3e3-46ac0293a0bb"}
{"timestamp":"2026-10-07T02:26:00.190Z","category":"Event","message":"event_created","tenantId":"7936f40f-a6e1-4133-94ea-bfb4fe4be936","actorUserId":"ac858bb5-8b26-422b-9b0f-f451c0988878","eventId":"77ca59a7-753b-4fdc-8765-aa4d66d9d723","eventType":"prime_delivery.destination_revoked","aggregateType":"invoice","aggregateId":"26028da2-4b28-4697-bf82-3767183f2270"}
{"timestamp":"2026-10-07T02:26:00.191Z","category":"Audit","message":"audit_log_created","tenantId":"7936f40f-a6e1-4133-94ea-bfb4fe4be936","actorUserId":"ac858bb5-8b26-422b-9b0f-f451c0988878","action":"prime_delivery.destination_revoked","entityType":"prime_delivery_destination","entityId":"26028da2-4b28-4697-bf82-3767183f2270"}
  ✓  814 [chromium] › tests/e2e/syncfield-customer-qc.spec.ts:494:7 › P10 Customer QC intake, correction relay, and reinspection › the same Partner field work reaches accepted billing, funded payable and one external payment (2.3s)
  ✓  815 [chromium] › tests/e2e/syncfield-daily-production.spec.ts:61:7 › P9 SyncField Daily Production, map annotation, offline queue, and submission › production gate, Work Order codes, and field UI hydrate without rates (2.3s)
  ✓  816 [chromium] › tests/e2e/syncfield-daily-production.spec.ts:95:7 › P9 SyncField Daily Production, map annotation, offline queue, and submission › changed safety conditions preserve the signed revision and block production until renewed review (258ms)
  ✓  817 [chromium] › tests/e2e/syncfield-daily-production.spec.ts:111:7 › P9 SyncField Daily Production, map annotation, offline queue, and submission › partner crew independently acknowledges, obtains pre-bore approval and completes ordered utility-strike restart (1.2s)
  ✓  818 [chromium] › tests/e2e/syncfield-daily-production.spec.ts:115:7 › P9 SyncField Daily Production, map annotation, offline queue, and submission › evidence survives lost responses, reload and offline capture without duplicate uploads (2.6s)
  ✓  819 [chromium] › tests/e2e/syncfield-daily-production.spec.ts:151:7 › P9 SyncField Daily Production, map annotation, offline queue, and submission › large evidence resumes received chunks after reload and stores one original (2.6s)
  ✓  820 [chromium] › tests/e2e/syncfield-daily-production.spec.ts:159:7 › P9 SyncField Daily Production, map annotation, offline queue, and submission › incident device draft survives disconnect and lost response without duplicate records or audit (2.1s)
  ✓  821 [chromium] › tests/e2e/syncfield-daily-production.spec.ts:184:7 › P9 SyncField Daily Production, map annotation, offline queue, and submission › browser offline queue persists and automatically replays Asset, Route, and Daily production exactly once (2.4s)
  ✓  822 [chromium] › tests/e2e/syncfield-daily-production.spec.ts:225:7 › P9 SyncField Daily Production, map annotation, offline queue, and submission › offline replay revalidates lost production-start authorization and keeps failed work traceable (1.5s)
  ✓  823 [chromium] › tests/e2e/syncfield-daily-production.spec.ts:249:7 › P9 SyncField Daily Production, map annotation, offline queue, and submission › Asset, Route, and Daily production create authoritative records with subordinate annotations and idempotency (398ms)
  ✓  824 [chromium] › tests/e2e/syncfield-daily-production.spec.ts:291:7 › P9 SyncField Daily Production, map annotation, offline queue, and submission › a crew work shutdown blocks new records and requires authorized release (294ms)
  ✓  825 [chromium] › tests/e2e/syncfield-daily-production.spec.ts:319:7 › P9 SyncField Daily Production, map annotation, offline queue, and submission › DesignSegment, pole observations, and redline completion preserve design, ticks, authority, and idempotency (1.5s)
  ✓  826 [chromium] › tests/e2e/syncfield-daily-production.spec.ts:597:7 › P9 SyncField Daily Production, map annotation, offline queue, and submission › submission creates immutable revision snapshot and blocks ordinary edits without QC or finance (1.9s)
  ✓  827 [chromium] › tests/e2e/syncfield-daily-production.spec.ts:669:7 › P9 SyncField Daily Production, map annotation, offline queue, and submission › submitted-report offline conflict does not reopen the report or create production (1.4s)
  ✓  828 [chromium] › tests/e2e/syncfield-daily-production.spec.ts:684:7 › P9 SyncField Daily Production, map annotation, offline queue, and submission › Partner-local queue isolation hides pending field work after account switch (1.7s)
  ✓  829 [chromium] › tests/e2e/syncfield-daily-production.spec.ts:697:7 › P9 SyncField Daily Production, map annotation, offline queue, and submission › Partner Admin receives safe read-only report and duplicate submitted work requires traceability (1.4s)
  ✓  830 [chromium] › tests/e2e/syncfield-daily-production.spec.ts:721:7 › P9 SyncField Daily Production, map annotation, offline queue, and submission › required evidence blocks missing and unreadable handoffs, preserves originals and pins approved requirements (3.4s)
  ✓  831 [chromium] › tests/e2e/syncfield-daily-production.spec.ts:784:7 › P9 SyncField Daily Production, map annotation, offline queue, and submission › quantity reconciliation excludes rock subsets and overlapping summaries and protects stable work identities (720ms)
  ✓  832 [chromium] › tests/e2e/syncfield-daily-production.spec.ts:1096:5 › company field oversight is scoped and delegation needs an explicit grant (624ms)
{"scenario":"concurrent offline report replay","requests":16,"records":1,"elapsedMs":288}
  ✓  833 [chromium] › tests/e2e/syncfield-daily-production.spec.ts:1117:5 › cold-offline report replay preserves notes, checks map and assignment, and serializes retries (1.1s)
  ✓  834 [chromium] › tests/e2e/syncfield-daily-production.spec.ts:1132:5 › company material discrepancy retries preserve custody and only inventory operators resolve them (588ms)
  ✓  835 [chromium] › tests/e2e/syncfield-map-jsa.spec.ts:46:7 › P8 SyncField map foundation and Daily JSA › internal Manager creates immutable private Map Version, Work Zones, and active assignment (354ms)
  ✓  836 [chromium] › tests/e2e/syncfield-map-jsa.spec.ts:127:7 › P8 SyncField map foundation and Daily JSA › assigned forms preserve retries and stop revoked or cross-company access (382ms)
  ✓  837 [chromium] › tests/e2e/syncfield-map-jsa.spec.ts:151:7 › P8 SyncField map foundation and Daily JSA › Partner Foreman opens read-only field map and cannot cross scope or see storage internals (1.9s)
  ✓  838 [chromium] › tests/e2e/syncfield-map-jsa.spec.ts:194:7 › P8 SyncField map foundation and Daily JSA › Crew participation buttons identify the worker and announce the saved state (1.1s)
  ✓  839 [chromium] › tests/e2e/syncfield-map-jsa.spec.ts:206:7 › P8 SyncField map foundation and Daily JSA › Foreman completes one Daily JSA for own Crew without changing mobilization or downstream records (1.7s)
  ✓  840 [chromium] › tests/e2e/syncfield-map-jsa.spec.ts:244:7 › P8 SyncField map foundation and Daily JSA › Partner Admin sees safe JSA history and P9-era field navigation remains QC-safe (1.5s)
  ✓  841 [chromium] › tests/e2e/syncfield-production-exports-dashboard.spec.ts:38:7 › P11 accepted production exports, dashboard, and operational closeout › dashboards aggregate reported vs Customer Accepted without double counting or rates (264ms)
  ✓  842 [chromium] › tests/e2e/syncfield-production-exports-dashboard.spec.ts:59:7 › P11 accepted production exports, dashboard, and operational closeout › CSV export is private, formula-safe, idempotent, and financially inert (262ms)
  ✓  843 [chromium] › tests/e2e/syncfield-production-exports-dashboard.spec.ts:95:7 › P11 accepted production exports, dashboard, and operational closeout › annotated and daily PDFs preserve original map file and include coordinate/report proof (175ms)
  ✓  844 [chromium] › tests/e2e/syncfield-production-exports-dashboard.spec.ts:129:7 › P11 accepted production exports, dashboard, and operational closeout › operational closeout distinguishes open QC/corrections and creates no financial records (370ms)
  ✓  845 [chromium] › tests/e2e/timeline-audit/representative-events.spec.ts:9:7 › Representative timeline and audit certification › system admin can read representative timelines (93ms)
  ✓  846 [chromium] › tests/e2e/timeline-audit/representative-events.spec.ts:16:7 › Representative timeline and audit certification › audit is visible to system admin and denied to read-only auditor where not granted (88ms)
  ✓  847 [chromium] › tests/e2e/ui-feedback-audit.spec.ts:6:7 › Honest queue feedback › QC failure never presents unavailable counts as an empty queue (1.5s)
  ✓  848 [chromium] › tests/e2e/ui-feedback-audit.spec.ts:13:7 › Honest queue feedback › invoice summary agrees with a nonempty queue (1.7s)
  ✓  849 [chromium] › tests/e2e/ui-feedback-audit.spec.ts:20:7 › Honest queue feedback › production shows the actual mobilization blocker instead of a project-status error (2.4s)
  ✘  850 [chromium] › tests/e2e/ui-feedback-audit.spec.ts:35:7 › Honest queue feedback › QC creation uses supported choices and no raw override JSON (2.5s)
(node:22006) Warning: The 'NO_COLOR' env is ignored due to the 'FORCE_COLOR' env being set.
(Use `node --trace-warnings ...` to show where the warning was created)
  ✓  851 [chromium] › tests/e2e/ui-feedback-audit.spec.ts:46:7 › Correction owner choices › authorized choices expose names rather than private user profiles (336ms)
  ✓  852 [chromium] › tests/e2e/ui-feedback-audit.spec.ts:54:7 › Correction owner choices › read-only user cannot load correction assignment choices (112ms)
  ✓  853 [chromium] › tests/e2e/ui-permission-visibility.spec.ts:12:5 › QC read-only access hides create links and keeps the QC workspace active (2.4s)
  ✓  854 [chromium] › tests/e2e/ui-permission-visibility.spec.ts:24:5 › stored fake grants cannot grant access when the server returns no permissions (1.3s)
  ✓  855 [chromium] › tests/e2e/ui-permission-visibility.spec.ts:35:5 › unverified identity fails closed with a recovery control (1.3s)
  ✓  856 [chromium] › tests/e2e/ui-permission-visibility.spec.ts:43:5 › revoked create access is removed on focus without revoking the read queue (2.0s)
  ✓  857 [chromium] › tests/e2e/ui-permission-visibility.spec.ts:55:5 › Operations Manager can inspect QC but cannot create reviews through direct URLs (2.3s)
  ✓  858 [chromium] › tests/e2e/ui-permission-visibility.spec.ts:71:5 › finance staff without approval authority cannot see invoice submission or approval (4.2s)
  ✓  859 [chromium] › tests/e2e/workflows/accounting-export.spec.ts:12:7 › Critical skeleton: Accounting Export › opens Cedar Ridge accounting export records (10.0s)
  ✓  860 [chromium] › tests/e2e/workflows/bank-reconciliation.spec.ts:12:7 › Critical skeleton: Bank Reconciliation › opens Cedar Ridge bank reconciliation records (10.0s)
  ✓  861 [chromium] › tests/e2e/workflows/cost-labor-payment.spec.ts:12:7 › Critical skeleton: Cost, labor, and payment execution › opens Cedar Ridge payable, payroll, and payment records (6.1s)
  ✓  862 [chromium] › tests/e2e/workflows/growth-to-opportunity.spec.ts:20:9 › Critical skeleton: Growth to Opportunity › opens Cedar Ridge Signal record (3.1s)
  ✓  863 [chromium] › tests/e2e/workflows/growth-to-opportunity.spec.ts:20:9 › Critical skeleton: Growth to Opportunity › opens Cedar Ridge Organization record (2.4s)
  ✓  864 [chromium] › tests/e2e/workflows/growth-to-opportunity.spec.ts:20:9 › Critical skeleton: Growth to Opportunity › opens Cedar Ridge Contact record (3.5s)
  ✓  865 [chromium] › tests/e2e/workflows/growth-to-opportunity.spec.ts:20:9 › Critical skeleton: Growth to Opportunity › opens Cedar Ridge Relationship Map record (3.8s)
  ✓  866 [chromium] › tests/e2e/workflows/growth-to-opportunity.spec.ts:20:9 › Critical skeleton: Growth to Opportunity › opens Cedar Ridge Opportunity Candidate record (4.3s)
  ✓  867 [chromium] › tests/e2e/workflows/growth-to-opportunity.spec.ts:20:9 › Critical skeleton: Growth to Opportunity › opens Cedar Ridge Opportunity record (3.6s)
  ✓  868 [chromium] › tests/e2e/workflows/opportunity-to-project.spec.ts:12:7 › Critical skeleton: Opportunity to Project › opens Cedar Ridge coverage and project records (4.0s)
  ✓  869 [chromium] › tests/e2e/workflows/project-to-qc.spec.ts:13:7 › Critical skeleton: Project to QC › opens Cedar Ridge execution records (3.2s)
  ✓  870 [chromium] › tests/e2e/workflows/revenue-cycle.spec.ts:12:7 › Critical skeleton: Revenue cycle › opens Cedar Ridge revenue records (3.8s)


  1) [chromium] › tests/e2e/internal-workforce.spec.ts:10:5 › Sync management provisions a real internal crew through field production with strict readiness and access boundaries 

    TypeError: Cannot read properties of undefined (reading 'tenant_id')

      14 |     try {
      15 |         const admin = (await db.query(`SELECT tu.tenant_id,tu.user_id FROM tenant_users tu JOIN user_roles ur ON ur.tenant_user_id=tu.id JOIN roles r ON r.id=ur.role_id WHERE r.system_key='system_admin' AND ur.scope_type='tenant' ORDER BY tu.created_at LIMIT 1`)).rows[0];
    > 16 |         const t = admin.tenant_id;
         |                         ^
      17 |         // Fixture provisioning only: transactions below use distinct business actors,
      18 |         // never the system administrator discovered above.
      19 |         async function actor(key: string, grants: string[]) {
        at /Users/User/.codex/worktrees/syncos-financial-completion/syncos/tests/e2e/internal-workforce.spec.ts:16:25

    attachment #1: screenshot (image/png) ──────────────────────────────────────────────────────────
    test-results/internal-workforce-Sync-ma-c8d46-iness-and-access-boundaries-chromium/test-failed-1.png
    ────────────────────────────────────────────────────────────────────────────────────────────────

    Error Context: test-results/internal-workforce-Sync-ma-c8d46-iness-and-access-boundaries-chromium/error-context.md

  2) [chromium] › tests/e2e/route-matrix.spec.ts:11:9 › Browser E2E route matrix › Execution: /qc/6d64587a-51d3-5b2b-b7c2-10eacd7b7789/edit 

    Error: /qc/6d64587a-51d3-5b2b-b7c2-10eacd7b7789/edit should include QC

    expect(locator).toContainText(expected) failed

    Locator: locator('body')
    Expected pattern: /QC/i
    Received string:  "Access unavailableYour account is not approved for this page.Retry access checkaccess administrationidentity settingssearchSign in with another account"
    Timeout: 10000ms

    Call log:
      - /qc/6d64587a-51d3-5b2b-b7c2-10eacd7b7789/edit should include QC locator('body') with timeout 10000ms
      - waiting for locator('body')
        24 × locator resolved to <body>…</body>
           - unexpected value "Access unavailableYour account is not approved for this page.Retry access checkaccess administrationidentity settingssearchSign in with another account"


       at helpers/page-assertions.ts:29

      27 |   }
      28 |   if (expectedText) {
    > 29 |     await expect(page.locator("body"), `${route} should include ${expectedText}`).toContainText(new RegExp(escapeRegExp(expectedText), "i"));
         |                                                                                   ^
      30 |   }
      31 | }
      32 |
        at expectRouteHealthy (/Users/User/.codex/worktrees/syncos-financial-completion/syncos/tests/e2e/helpers/page-assertions.ts:29:83)
        at /Users/User/.codex/worktrees/syncos-financial-completion/syncos/tests/e2e/route-matrix.spec.ts:12:7

    attachment #1: screenshot (image/png) ──────────────────────────────────────────────────────────
    test-results/route-matrix-Browser-E2E-r-aafc6-5b2b-b7c2-10eacd7b7789-edit-chromium/test-failed-1.png
    ────────────────────────────────────────────────────────────────────────────────────────────────

    Error Context: test-results/route-matrix-Browser-E2E-r-aafc6-5b2b-b7c2-10eacd7b7789-edit-chromium/error-context.md

  3) [chromium] › tests/e2e/ui-feedback-audit.spec.ts:35:7 › Honest queue feedback › QC creation uses supported choices and no raw override JSON 

    Error: expect(locator).toBeVisible() failed

    Locator: getByRole('heading', { name: 'Create QC Review', exact: true })
    Expected: visible
    Error: strict mode violation: getByRole('heading', { name: 'Create QC Review', exact: true }) resolved to 2 elements:
        1) <h1>Create QC Review</h1> aka locator('h1')
        2) <h2>Create QC Review</h2> aka locator('h2')

    Call log:
      - Expect "toBeVisible" getByRole('heading', { name: 'Create QC Review', exact: true }) with timeout 10000ms
      - waiting for getByRole('heading', { name: 'Create QC Review', exact: true })


      35 |   test('QC creation uses supported choices and no raw override JSON', async ({ page }) => {
      36 |     await page.goto('/qc/new');
    > 37 |     await expect(page.getByRole('heading', { name: 'Create QC Review', exact: true })).toBeVisible();
         |                                                                                        ^
      38 |     await expect(page.getByLabel('Override Reasons JSON')).toHaveCount(0);
      39 |     await expect(page.getByLabel('Reviewer User ID')).toHaveCount(0);
      40 |     await expect(page.getByLabel('Evidence Status').locator('option[value="missing"]')).toHaveCount(0);
        at /Users/User/.codex/worktrees/syncos-financial-completion/syncos/tests/e2e/ui-feedback-audit.spec.ts:37:88

    attachment #1: screenshot (image/png) ──────────────────────────────────────────────────────────
    test-results/ui-feedback-audit-Honest-q-87526-es-and-no-raw-override-JSON-chromium/test-failed-2.png
    ────────────────────────────────────────────────────────────────────────────────────────────────

    attachment #2: screenshot (image/png) ──────────────────────────────────────────────────────────
    test-results/ui-feedback-audit-Honest-q-87526-es-and-no-raw-override-JSON-chromium/test-failed-1.png
    ────────────────────────────────────────────────────────────────────────────────────────────────

    attachment #3: screenshot (image/png) ──────────────────────────────────────────────────────────
    test-results/ui-feedback-audit-Honest-q-87526-es-and-no-raw-override-JSON-chromium/test-failed-3.png
    ────────────────────────────────────────────────────────────────────────────────────────────────

    attachment #4: screenshot (image/png) ──────────────────────────────────────────────────────────
    test-results/ui-feedback-audit-Honest-q-87526-es-and-no-raw-override-JSON-chromium/test-failed-4.png
    ────────────────────────────────────────────────────────────────────────────────────────────────

    attachment #5: screenshot (image/png) ──────────────────────────────────────────────────────────
    test-results/ui-feedback-audit-Honest-q-87526-es-and-no-raw-override-JSON-chromium/test-failed-5.png
    ────────────────────────────────────────────────────────────────────────────────────────────────

    Error Context: test-results/ui-feedback-audit-Honest-q-87526-es-and-no-raw-override-JSON-chromium/error-context.md

  3 failed
    [chromium] › tests/e2e/internal-workforce.spec.ts:10:5 › Sync management provisions a real internal crew through field production with strict readiness and access boundaries 
    [chromium] › tests/e2e/route-matrix.spec.ts:11:9 › Browser E2E route matrix › Execution: /qc/6d64587a-51d3-5b2b-b7c2-10eacd7b7789/edit 
    [chromium] › tests/e2e/ui-feedback-audit.spec.ts:35:7 › Honest queue feedback › QC creation uses supported choices and no raw override JSON 
  867 passed (27.6m)
