
> syncos@0.1.0 e2e:certification
> playwright test tests/e2e/internal-workforce.spec.ts tests/e2e/partner-admin-invitations.spec.ts tests/e2e/production-readiness.spec.ts tests/e2e/executive-command-throughput.spec.ts tests/e2e/opportunity-capacity-matching.spec.ts tests/e2e/partner-performance-capacity.spec.ts tests/e2e/payment-retainage-adjustments.spec.ts tests/e2e/accepted-production-financials.spec.ts tests/e2e/syncfield-production-exports-dashboard.spec.ts tests/e2e/syncfield-customer-qc.spec.ts tests/e2e/syncfield-daily-production.spec.ts tests/e2e/syncfield-map-jsa.spec.ts tests/e2e/partner-portal-shell.spec.ts tests/e2e/partner-mobilization-readiness.spec.ts tests/e2e/partner-agreements-work-orders-vehicles.spec.ts tests/e2e/partner-workforce-credentials.spec.ts tests/e2e/partner-compliance-onboarding.spec.ts tests/e2e/route-matrix.spec.ts tests/e2e/workflows tests/e2e/lifecycle tests/e2e/personas tests/e2e/detail-hydration tests/e2e/boundaries tests/e2e/timeline-audit tests/e2e/action-states


Running 707 tests using 1 worker

(node:63343) Warning: The 'NO_COLOR' env is ignored due to the 'FORCE_COLOR' env being set.
(Use `node --trace-warnings ...` to show where the warning was created)
  ✓    1 [chromium] › tests/e2e/accepted-production-financials.spec.ts:39:7 › P12 accepted production financials › production item choices stay tenant-scoped and exclude unauthorized partners (45ms)
  ✓    2 [chromium] › tests/e2e/accepted-production-financials.spec.ts:50:7 › P12 accepted production financials › Customer-accepted production converts to one Billable using Customer rate only (134ms)
  ✓    3 [chromium] › tests/e2e/accepted-production-financials.spec.ts:66:7 › P12 accepted production financials › Invoice, cash, payment application, and invoice balance stay in Customer revenue chain (93ms)
  ✓    4 [chromium] › tests/e2e/accepted-production-financials.spec.ts:90:7 › P12 accepted production financials › Partner settlement, Contractor Payable, and pay-when-paid eligibility use Partner rate (238ms)
  ✓    5 [chromium] › tests/e2e/accepted-production-financials.spec.ts:120:7 › P12 accepted production financials › Partner Admin sees own settlement without Customer rate or margin; Foreman and Partner B are denied (25ms)
  ✓    6 [chromium] › tests/e2e/accepted-production-financials.spec.ts:131:7 › P12 accepted production financials › Customer and Partner coil commercial policies are independent and preserve base accepted quantity (117ms)
  ✓    7 [chromium] › tests/e2e/accepted-production-financials.spec.ts:176:7 › P12 accepted production financials › Editing a schedule cannot change an already approved partner rate (53ms)
  ✓    8 [chromium] › tests/e2e/accepted-production-financials.spec.ts:186:7 › P12 accepted production financials › Post-billing Customer QC change creates exception without rewriting issued invoice or Billable (39ms)
  ✓    9 [chromium] › tests/e2e/accepted-production-financials.spec.ts:347:5 › a newer pending customer QC cycle blocks readiness using an older accepted decision (313ms)
  ✓   10 [chromium] › tests/e2e/accepted-production-financials.spec.ts:384:6 › Financial handoff completion safeguards › workflow choices are tenant-scoped; cash retry and duplicate settlement cannot double financial facts (318ms)
  ✓   11 [chromium] › tests/e2e/accepted-production-financials.spec.ts:404:6 › Financial handoff completion safeguards › accepted correction production code controls locked customer rate, preserving original record (197ms)
  ✓   12 [chromium] › tests/e2e/accepted-production-financials.spec.ts:422:5 › targeted reinspection retains unrelated accepted production while unresolved corrected work stays blocked (276ms)
  ✓   13 [chromium] › tests/e2e/accepted-production-financials.spec.ts:464:5 › four-decimal approved rates survive conversion and invoice storage without early rounding (226ms)
  ✓   14 [chromium] › tests/e2e/accepted-production-financials.spec.ts:482:5 › agreement UI approves a reviewed business calendar and shows its history (1.4s)
  ✓   15 [chromium] › tests/e2e/action-states/action-state-boundaries.spec.ts:33:9 › Action-state boundaries — open/cancel must not mutate forbidden tables › [Production] prodDraft: cancel does not mutate forbidden tables (1.5s)
  ✓   16 [chromium] › tests/e2e/action-states/action-state-boundaries.spec.ts:33:9 › Action-state boundaries — open/cancel must not mutate forbidden tables › [Production] prodSubmitted: cancel does not mutate forbidden tables (1.2s)
  ✓   17 [chromium] › tests/e2e/action-states/action-state-boundaries.spec.ts:33:9 › Action-state boundaries — open/cancel must not mutate forbidden tables › [Production] prodUnderReview: cancel does not mutate forbidden tables (1.2s)
  ✓   18 [chromium] › tests/e2e/action-states/action-state-boundaries.spec.ts:33:9 › Action-state boundaries — open/cancel must not mutate forbidden tables › [Production] prodCorrectionRequested: cancel does not mutate forbidden tables (1.3s)
  ✓   19 [chromium] › tests/e2e/action-states/action-state-boundaries.spec.ts:33:9 › Action-state boundaries — open/cancel must not mutate forbidden tables › [Production] prodApprovedNotMarked: cancel does not mutate forbidden tables (1.4s)
  ✓   20 [chromium] › tests/e2e/action-states/action-state-boundaries.spec.ts:33:9 › Action-state boundaries — open/cancel must not mutate forbidden tables › [Production] prodVoid: cancel does not mutate forbidden tables (1.7s)
  ✓   21 [chromium] › tests/e2e/action-states/action-state-boundaries.spec.ts:33:9 › Action-state boundaries — open/cancel must not mutate forbidden tables › [QC] qcPending: cancel does not mutate forbidden tables (1.2s)
  ✓   22 [chromium] › tests/e2e/action-states/action-state-boundaries.spec.ts:33:9 › Action-state boundaries — open/cancel must not mutate forbidden tables › [QC] qcInReview: cancel does not mutate forbidden tables (1.2s)
  ✓   23 [chromium] › tests/e2e/action-states/action-state-boundaries.spec.ts:33:9 › Action-state boundaries — open/cancel must not mutate forbidden tables › [QC] qcCorrectionRequested: cancel does not mutate forbidden tables (1.2s)
  ✓   24 [chromium] › tests/e2e/action-states/action-state-boundaries.spec.ts:33:9 › Action-state boundaries — open/cancel must not mutate forbidden tables › [QC] qcVoid: cancel does not mutate forbidden tables (1.2s)
  ✓   25 [chromium] › tests/e2e/action-states/action-state-boundaries.spec.ts:33:9 › Action-state boundaries — open/cancel must not mutate forbidden tables › [Billable] billableDraft: cancel does not mutate forbidden tables (1.2s)
  ✓   26 [chromium] › tests/e2e/action-states/action-state-boundaries.spec.ts:33:9 › Action-state boundaries — open/cancel must not mutate forbidden tables › [Billable] billableOnHold: cancel does not mutate forbidden tables (1.2s)
  ✓   27 [chromium] › tests/e2e/action-states/action-state-boundaries.spec.ts:33:9 › Action-state boundaries — open/cancel must not mutate forbidden tables › [Billable] billableDisputed: cancel does not mutate forbidden tables (1.2s)
  ✓   28 [chromium] › tests/e2e/action-states/action-state-boundaries.spec.ts:33:9 › Action-state boundaries — open/cancel must not mutate forbidden tables › [Billable] billableVoid: cancel does not mutate forbidden tables (1.2s)
  ✓   29 [chromium] › tests/e2e/action-states/action-state-boundaries.spec.ts:33:9 › Action-state boundaries — open/cancel must not mutate forbidden tables › [Settlement] settlementDraft: cancel does not mutate forbidden tables (1.3s)
  ✓   30 [chromium] › tests/e2e/action-states/action-state-boundaries.spec.ts:33:9 › Action-state boundaries — open/cancel must not mutate forbidden tables › [Settlement] settlementItemDraft: cancel does not mutate forbidden tables (1.2s)
  ✓   31 [chromium] › tests/e2e/action-states/action-state-boundaries.spec.ts:33:9 › Action-state boundaries — open/cancel must not mutate forbidden tables › [Settlement] settlementUnderReview: cancel does not mutate forbidden tables (1.2s)
  ✓   32 [chromium] › tests/e2e/action-states/action-state-boundaries.spec.ts:33:9 › Action-state boundaries — open/cancel must not mutate forbidden tables › [Settlement] settlementApproved: cancel does not mutate forbidden tables (1.3s)
  ✓   33 [chromium] › tests/e2e/action-states/action-state-boundaries.spec.ts:33:9 › Action-state boundaries — open/cancel must not mutate forbidden tables › [Settlement] settlementDisputed: cancel does not mutate forbidden tables (1.2s)
  ✓   34 [chromium] › tests/e2e/action-states/action-state-boundaries.spec.ts:33:9 › Action-state boundaries — open/cancel must not mutate forbidden tables › [Settlement] settlementVoid: cancel does not mutate forbidden tables (1.4s)
  ✓   35 [chromium] › tests/e2e/action-states/action-state-boundaries.spec.ts:33:9 › Action-state boundaries — open/cancel must not mutate forbidden tables › [Invoice] invoiceDraft: cancel does not mutate forbidden tables (1.2s)
  ✓   36 [chromium] › tests/e2e/action-states/action-state-boundaries.spec.ts:33:9 › Action-state boundaries — open/cancel must not mutate forbidden tables › [Invoice] invoiceItemDraft: cancel does not mutate forbidden tables (1.3s)
  ✓   37 [chromium] › tests/e2e/action-states/action-state-boundaries.spec.ts:33:9 › Action-state boundaries — open/cancel must not mutate forbidden tables › [Invoice] invoiceUnderReview: cancel does not mutate forbidden tables (1.2s)
  ✓   38 [chromium] › tests/e2e/action-states/action-state-boundaries.spec.ts:33:9 › Action-state boundaries — open/cancel must not mutate forbidden tables › [Invoice] invoiceApproved: cancel does not mutate forbidden tables (1.2s)
  ✓   39 [chromium] › tests/e2e/action-states/action-state-boundaries.spec.ts:33:9 › Action-state boundaries — open/cancel must not mutate forbidden tables › [Invoice] invoiceDisputed: cancel does not mutate forbidden tables (1.4s)
  ✓   40 [chromium] › tests/e2e/action-states/action-state-boundaries.spec.ts:33:9 › Action-state boundaries — open/cancel must not mutate forbidden tables › [Invoice] invoiceVoid: cancel does not mutate forbidden tables (1.4s)
  ✓   41 [chromium] › tests/e2e/action-states/action-state-boundaries.spec.ts:33:9 › Action-state boundaries — open/cancel must not mutate forbidden tables › [Cash] cashReceiptUnapplied: cancel does not mutate forbidden tables (1.1s)
  ✓   42 [chromium] › tests/e2e/action-states/action-state-boundaries.spec.ts:33:9 › Action-state boundaries — open/cancel must not mutate forbidden tables › [Cash] cashReceiptVoidTarget: cancel does not mutate forbidden tables (1.5s)
  ✓   43 [chromium] › tests/e2e/action-states/action-state-boundaries.spec.ts:33:9 › Action-state boundaries — open/cancel must not mutate forbidden tables › [Cash] cashReceiptVoid: cancel does not mutate forbidden tables (1.7s)
  ✓   44 [chromium] › tests/e2e/action-states/action-state-boundaries.spec.ts:33:9 › Action-state boundaries — open/cancel must not mutate forbidden tables › [Cash] paymentApplicationApplied: cancel does not mutate forbidden tables (1.5s)
  ✓   45 [chromium] › tests/e2e/action-states/action-state-boundaries.spec.ts:33:9 › Action-state boundaries — open/cancel must not mutate forbidden tables › [Cash] paymentApplicationVoid: cancel does not mutate forbidden tables (1.5s)
  ✓   46 [chromium] › tests/e2e/action-states/action-state-boundaries.spec.ts:33:9 › Action-state boundaries — open/cancel must not mutate forbidden tables › [Collections] collectionCaseOpen: cancel does not mutate forbidden tables (1.5s)
  ✓   47 [chromium] › tests/e2e/action-states/action-state-boundaries.spec.ts:33:9 › Action-state boundaries — open/cancel must not mutate forbidden tables › [Collections] collectionCaseClosed: cancel does not mutate forbidden tables (1.4s)
  ✓   48 [chromium] › tests/e2e/action-states/action-state-boundaries.spec.ts:33:9 › Action-state boundaries — open/cancel must not mutate forbidden tables › [Collections] collectionActionPlanned: cancel does not mutate forbidden tables (1.2s)
  ✓   49 [chromium] › tests/e2e/action-states/action-state-boundaries.spec.ts:33:9 › Action-state boundaries — open/cancel must not mutate forbidden tables › [Collections] collectionActionCompleted: cancel does not mutate forbidden tables (1.4s)
  ✓   50 [chromium] › tests/e2e/action-states/action-state-boundaries.spec.ts:33:9 › Action-state boundaries — open/cancel must not mutate forbidden tables › [Contractor Payable] cpayDraft: cancel does not mutate forbidden tables (1.7s)
  ✓   51 [chromium] › tests/e2e/action-states/action-state-boundaries.spec.ts:33:9 › Action-state boundaries — open/cancel must not mutate forbidden tables › [Contractor Payable] cpayItemDraft: cancel does not mutate forbidden tables (2.0s)
  ✓   52 [chromium] › tests/e2e/action-states/action-state-boundaries.spec.ts:33:9 › Action-state boundaries — open/cancel must not mutate forbidden tables › [Contractor Payable] cpayUnderReview: cancel does not mutate forbidden tables (2.0s)
  ✓   53 [chromium] › tests/e2e/action-states/action-state-boundaries.spec.ts:33:9 › Action-state boundaries — open/cancel must not mutate forbidden tables › [Contractor Payable] cpayApproved: cancel does not mutate forbidden tables (2.0s)
  ✓   54 [chromium] › tests/e2e/action-states/action-state-boundaries.spec.ts:33:9 › Action-state boundaries — open/cancel must not mutate forbidden tables › [Contractor Payable] cpayDisputed: cancel does not mutate forbidden tables (1.9s)
  ✓   55 [chromium] › tests/e2e/action-states/action-state-boundaries.spec.ts:33:9 › Action-state boundaries — open/cancel must not mutate forbidden tables › [Contractor Payable] cpayVoid: cancel does not mutate forbidden tables (2.0s)
  ✓   56 [chromium] › tests/e2e/action-states/action-state-boundaries.spec.ts:33:9 › Action-state boundaries — open/cancel must not mutate forbidden tables › [Payroll] payrollDraft: cancel does not mutate forbidden tables (1.5s)
  ✓   57 [chromium] › tests/e2e/action-states/action-state-boundaries.spec.ts:33:9 › Action-state boundaries — open/cancel must not mutate forbidden tables › [Payroll] payrollItemDraft: cancel does not mutate forbidden tables (1.5s)
  ✓   58 [chromium] › tests/e2e/action-states/action-state-boundaries.spec.ts:33:9 › Action-state boundaries — open/cancel must not mutate forbidden tables › [Payroll] payrollUnderReview: cancel does not mutate forbidden tables (1.7s)
  ✓   59 [chromium] › tests/e2e/action-states/action-state-boundaries.spec.ts:33:9 › Action-state boundaries — open/cancel must not mutate forbidden tables › [Payroll] payrollApproved: cancel does not mutate forbidden tables (1.6s)
  ✓   60 [chromium] › tests/e2e/action-states/action-state-boundaries.spec.ts:33:9 › Action-state boundaries — open/cancel must not mutate forbidden tables › [Payroll] payrollDisputed: cancel does not mutate forbidden tables (1.6s)
  ✓   61 [chromium] › tests/e2e/action-states/action-state-boundaries.spec.ts:33:9 › Action-state boundaries — open/cancel must not mutate forbidden tables › [Payroll] payrollVoid: cancel does not mutate forbidden tables (1.6s)
  ✓   62 [chromium] › tests/e2e/action-states/action-state-boundaries.spec.ts:33:9 › Action-state boundaries — open/cancel must not mutate forbidden tables › [Payment Execution] paymentBatchDraft: cancel does not mutate forbidden tables (1.7s)
  ✓   63 [chromium] › tests/e2e/action-states/action-state-boundaries.spec.ts:33:9 › Action-state boundaries — open/cancel must not mutate forbidden tables › [Payment Execution] paymentItemDraft: cancel does not mutate forbidden tables (1.7s)
  ✓   64 [chromium] › tests/e2e/action-states/action-state-boundaries.spec.ts:33:9 › Action-state boundaries — open/cancel must not mutate forbidden tables › [Payment Execution] paymentBatchUnderReview: cancel does not mutate forbidden tables (2.6s)
  ✓   65 [chromium] › tests/e2e/action-states/action-state-boundaries.spec.ts:33:9 › Action-state boundaries — open/cancel must not mutate forbidden tables › [Payment Execution] paymentBatchApproved: cancel does not mutate forbidden tables (1.7s)
  ✓   66 [chromium] › tests/e2e/action-states/action-state-boundaries.spec.ts:33:9 › Action-state boundaries — open/cancel must not mutate forbidden tables › [Payment Execution] paymentBatchScheduled: cancel does not mutate forbidden tables (1.7s)
  ✓   67 [chromium] › tests/e2e/action-states/action-state-boundaries.spec.ts:33:9 › Action-state boundaries — open/cancel must not mutate forbidden tables › [Payment Execution] paymentBatchExecutionSubmitted: cancel does not mutate forbidden tables (1.9s)
  ✓   68 [chromium] › tests/e2e/action-states/action-state-boundaries.spec.ts:33:9 › Action-state boundaries — open/cancel must not mutate forbidden tables › [Payment Execution] paymentBatchVoidTarget: cancel does not mutate forbidden tables (1.9s)
  ✓   69 [chromium] › tests/e2e/action-states/action-state-boundaries.spec.ts:33:9 › Action-state boundaries — open/cancel must not mutate forbidden tables › [Payment Execution] paymentBatchVoid: cancel does not mutate forbidden tables (1.3s)
  ✓   70 [chromium] › tests/e2e/action-states/action-state-boundaries.spec.ts:33:9 › Action-state boundaries — open/cancel must not mutate forbidden tables › [Bank Reconciliation] bankAccountArchivable: cancel does not mutate forbidden tables (1.1s)
  ✓   71 [chromium] › tests/e2e/action-states/action-state-boundaries.spec.ts:33:9 › Action-state boundaries — open/cancel must not mutate forbidden tables › [Bank Reconciliation] bankTxnUnmatchedDebit: cancel does not mutate forbidden tables (1.2s)
  ✓   72 [chromium] › tests/e2e/action-states/action-state-boundaries.spec.ts:33:9 › Action-state boundaries — open/cancel must not mutate forbidden tables › [Bank Reconciliation] bankTxnUnmatchedCredit: cancel does not mutate forbidden tables (1.2s)
  ✓   73 [chromium] › tests/e2e/action-states/action-state-boundaries.spec.ts:33:9 › Action-state boundaries — open/cancel must not mutate forbidden tables › [Bank Reconciliation] bankTxnExceptionNone: cancel does not mutate forbidden tables (1.2s)
  ✓   74 [chromium] › tests/e2e/action-states/action-state-boundaries.spec.ts:33:9 › Action-state boundaries — open/cancel must not mutate forbidden tables › [Bank Reconciliation] bankTxnExceptionOpen: cancel does not mutate forbidden tables (1.2s)
  ✓   75 [chromium] › tests/e2e/action-states/action-state-boundaries.spec.ts:33:9 › Action-state boundaries — open/cancel must not mutate forbidden tables › [Bank Reconciliation] bankTxnIgnorable: cancel does not mutate forbidden tables (1.2s)
  ✓   76 [chromium] › tests/e2e/action-states/action-state-boundaries.spec.ts:33:9 › Action-state boundaries — open/cancel must not mutate forbidden tables › [Bank Reconciliation] reconMatchProposed: cancel does not mutate forbidden tables (1.2s)
  ✓   77 [chromium] › tests/e2e/action-states/action-state-boundaries.spec.ts:33:9 › Action-state boundaries — open/cancel must not mutate forbidden tables › [Accounting Export] aexDraft: cancel does not mutate forbidden tables (1.2s)
  ✓   78 [chromium] › tests/e2e/action-states/action-state-boundaries.spec.ts:33:9 › Action-state boundaries — open/cancel must not mutate forbidden tables › [Accounting Export] aexItemDraft: cancel does not mutate forbidden tables (1.2s)
  ✓   79 [chromium] › tests/e2e/action-states/action-state-boundaries.spec.ts:33:9 › Action-state boundaries — open/cancel must not mutate forbidden tables › [Accounting Export] aexGenerated: cancel does not mutate forbidden tables (1.3s)
  ✓   80 [chromium] › tests/e2e/action-states/action-state-boundaries.spec.ts:33:9 › Action-state boundaries — open/cancel must not mutate forbidden tables › [Accounting Export] aexUnderReview: cancel does not mutate forbidden tables (1.3s)
  ✓   81 [chromium] › tests/e2e/action-states/action-state-boundaries.spec.ts:33:9 › Action-state boundaries — open/cancel must not mutate forbidden tables › [Accounting Export] aexSubmitted: cancel does not mutate forbidden tables (1.4s)
  ✓   82 [chromium] › tests/e2e/action-states/action-state-boundaries.spec.ts:33:9 › Action-state boundaries — open/cancel must not mutate forbidden tables › [Accounting Export] aexCancelable: cancel does not mutate forbidden tables (1.3s)
  ✓   83 [chromium] › tests/e2e/action-states/action-state-modals.spec.ts:25:9 › Action-state modals — open, inspect, cancel › [Production] prodDraft: modal opens and cancels cleanly (920ms)
  ✓   84 [chromium] › tests/e2e/action-states/action-state-modals.spec.ts:25:9 › Action-state modals — open, inspect, cancel › [Production] prodSubmitted: modal opens and cancels cleanly (880ms)
  ✓   85 [chromium] › tests/e2e/action-states/action-state-modals.spec.ts:25:9 › Action-state modals — open, inspect, cancel › [Production] prodUnderReview: modal opens and cancels cleanly (862ms)
  ✓   86 [chromium] › tests/e2e/action-states/action-state-modals.spec.ts:25:9 › Action-state modals — open, inspect, cancel › [Production] prodCorrectionRequested: modal opens and cancels cleanly (895ms)
  ✓   87 [chromium] › tests/e2e/action-states/action-state-modals.spec.ts:25:9 › Action-state modals — open, inspect, cancel › [Production] prodApprovedNotMarked: modal opens and cancels cleanly (828ms)
  ✓   88 [chromium] › tests/e2e/action-states/action-state-modals.spec.ts:25:9 › Action-state modals — open, inspect, cancel › [Production] prodVoid: modal opens and cancels cleanly (914ms)
  ✓   89 [chromium] › tests/e2e/action-states/action-state-modals.spec.ts:25:9 › Action-state modals — open, inspect, cancel › [QC] qcPending: modal opens and cancels cleanly (878ms)
  ✓   90 [chromium] › tests/e2e/action-states/action-state-modals.spec.ts:25:9 › Action-state modals — open, inspect, cancel › [QC] qcInReview: modal opens and cancels cleanly (934ms)
  ✓   91 [chromium] › tests/e2e/action-states/action-state-modals.spec.ts:25:9 › Action-state modals — open, inspect, cancel › [QC] qcCorrectionRequested: modal opens and cancels cleanly (929ms)
  ✓   92 [chromium] › tests/e2e/action-states/action-state-modals.spec.ts:25:9 › Action-state modals — open, inspect, cancel › [QC] qcVoid: modal opens and cancels cleanly (943ms)
  ✓   93 [chromium] › tests/e2e/action-states/action-state-modals.spec.ts:25:9 › Action-state modals — open, inspect, cancel › [Billable] billableDraft: modal opens and cancels cleanly (917ms)
  ✓   94 [chromium] › tests/e2e/action-states/action-state-modals.spec.ts:25:9 › Action-state modals — open, inspect, cancel › [Billable] billableOnHold: modal opens and cancels cleanly (854ms)
  ✓   95 [chromium] › tests/e2e/action-states/action-state-modals.spec.ts:25:9 › Action-state modals — open, inspect, cancel › [Billable] billableDisputed: modal opens and cancels cleanly (906ms)
  ✓   96 [chromium] › tests/e2e/action-states/action-state-modals.spec.ts:25:9 › Action-state modals — open, inspect, cancel › [Billable] billableVoid: modal opens and cancels cleanly (984ms)
  ✓   97 [chromium] › tests/e2e/action-states/action-state-modals.spec.ts:25:9 › Action-state modals — open, inspect, cancel › [Settlement] settlementDraft: modal opens and cancels cleanly (888ms)
  ✓   98 [chromium] › tests/e2e/action-states/action-state-modals.spec.ts:25:9 › Action-state modals — open, inspect, cancel › [Settlement] settlementItemDraft: modal opens and cancels cleanly (929ms)
  ✓   99 [chromium] › tests/e2e/action-states/action-state-modals.spec.ts:25:9 › Action-state modals — open, inspect, cancel › [Settlement] settlementUnderReview: modal opens and cancels cleanly (923ms)
  ✓  100 [chromium] › tests/e2e/action-states/action-state-modals.spec.ts:25:9 › Action-state modals — open, inspect, cancel › [Settlement] settlementApproved: modal opens and cancels cleanly (1.1s)
  ✓  101 [chromium] › tests/e2e/action-states/action-state-modals.spec.ts:25:9 › Action-state modals — open, inspect, cancel › [Settlement] settlementDisputed: modal opens and cancels cleanly (917ms)
  ✓  102 [chromium] › tests/e2e/action-states/action-state-modals.spec.ts:25:9 › Action-state modals — open, inspect, cancel › [Settlement] settlementVoid: modal opens and cancels cleanly (996ms)
  ✓  103 [chromium] › tests/e2e/action-states/action-state-modals.spec.ts:25:9 › Action-state modals — open, inspect, cancel › [Invoice] invoiceDraft: modal opens and cancels cleanly (896ms)
  ✓  104 [chromium] › tests/e2e/action-states/action-state-modals.spec.ts:25:9 › Action-state modals — open, inspect, cancel › [Invoice] invoiceItemDraft: modal opens and cancels cleanly (935ms)
  ✓  105 [chromium] › tests/e2e/action-states/action-state-modals.spec.ts:25:9 › Action-state modals — open, inspect, cancel › [Invoice] invoiceUnderReview: modal opens and cancels cleanly (868ms)
  ✓  106 [chromium] › tests/e2e/action-states/action-state-modals.spec.ts:25:9 › Action-state modals — open, inspect, cancel › [Invoice] invoiceApproved: modal opens and cancels cleanly (941ms)
  ✓  107 [chromium] › tests/e2e/action-states/action-state-modals.spec.ts:25:9 › Action-state modals — open, inspect, cancel › [Invoice] invoiceDisputed: modal opens and cancels cleanly (1.0s)
  ✓  108 [chromium] › tests/e2e/action-states/action-state-modals.spec.ts:25:9 › Action-state modals — open, inspect, cancel › [Invoice] invoiceVoid: modal opens and cancels cleanly (963ms)
  ✓  109 [chromium] › tests/e2e/action-states/action-state-modals.spec.ts:25:9 › Action-state modals — open, inspect, cancel › [Cash] cashReceiptUnapplied: modal opens and cancels cleanly (899ms)
  ✓  110 [chromium] › tests/e2e/action-states/action-state-modals.spec.ts:25:9 › Action-state modals — open, inspect, cancel › [Cash] cashReceiptVoidTarget: modal opens and cancels cleanly (876ms)
  ✓  111 [chromium] › tests/e2e/action-states/action-state-modals.spec.ts:25:9 › Action-state modals — open, inspect, cancel › [Cash] cashReceiptVoid: modal opens and cancels cleanly (935ms)
  ✓  112 [chromium] › tests/e2e/action-states/action-state-modals.spec.ts:25:9 › Action-state modals — open, inspect, cancel › [Cash] paymentApplicationApplied: modal opens and cancels cleanly (842ms)
  ✓  113 [chromium] › tests/e2e/action-states/action-state-modals.spec.ts:25:9 › Action-state modals — open, inspect, cancel › [Cash] paymentApplicationVoid: modal opens and cancels cleanly (902ms)
  ✓  114 [chromium] › tests/e2e/action-states/action-state-modals.spec.ts:25:9 › Action-state modals — open, inspect, cancel › [Collections] collectionCaseOpen: modal opens and cancels cleanly (893ms)
  ✓  115 [chromium] › tests/e2e/action-states/action-state-modals.spec.ts:25:9 › Action-state modals — open, inspect, cancel › [Collections] collectionCaseClosed: modal opens and cancels cleanly (967ms)
  ✓  116 [chromium] › tests/e2e/action-states/action-state-modals.spec.ts:25:9 › Action-state modals — open, inspect, cancel › [Collections] collectionActionPlanned: modal opens and cancels cleanly (885ms)
  ✓  117 [chromium] › tests/e2e/action-states/action-state-modals.spec.ts:25:9 › Action-state modals — open, inspect, cancel › [Collections] collectionActionCompleted: modal opens and cancels cleanly (864ms)
  ✓  118 [chromium] › tests/e2e/action-states/action-state-modals.spec.ts:25:9 › Action-state modals — open, inspect, cancel › [Contractor Payable] cpayDraft: modal opens and cancels cleanly (970ms)
  ✓  119 [chromium] › tests/e2e/action-states/action-state-modals.spec.ts:25:9 › Action-state modals — open, inspect, cancel › [Contractor Payable] cpayItemDraft: modal opens and cancels cleanly (1.0s)
  ✓  120 [chromium] › tests/e2e/action-states/action-state-modals.spec.ts:25:9 › Action-state modals — open, inspect, cancel › [Contractor Payable] cpayUnderReview: modal opens and cancels cleanly (1.1s)
  ✓  121 [chromium] › tests/e2e/action-states/action-state-modals.spec.ts:25:9 › Action-state modals — open, inspect, cancel › [Contractor Payable] cpayApproved: modal opens and cancels cleanly (1.0s)
  ✓  122 [chromium] › tests/e2e/action-states/action-state-modals.spec.ts:25:9 › Action-state modals — open, inspect, cancel › [Contractor Payable] cpayDisputed: modal opens and cancels cleanly (1.0s)
  ✓  123 [chromium] › tests/e2e/action-states/action-state-modals.spec.ts:25:9 › Action-state modals — open, inspect, cancel › [Contractor Payable] cpayVoid: modal opens and cancels cleanly (968ms)
  ✓  124 [chromium] › tests/e2e/action-states/action-state-modals.spec.ts:25:9 › Action-state modals — open, inspect, cancel › [Payroll] payrollDraft: modal opens and cancels cleanly (953ms)
  ✓  125 [chromium] › tests/e2e/action-states/action-state-modals.spec.ts:25:9 › Action-state modals — open, inspect, cancel › [Payroll] payrollItemDraft: modal opens and cancels cleanly (973ms)
  ✓  126 [chromium] › tests/e2e/action-states/action-state-modals.spec.ts:25:9 › Action-state modals — open, inspect, cancel › [Payroll] payrollUnderReview: modal opens and cancels cleanly (892ms)
  ✓  127 [chromium] › tests/e2e/action-states/action-state-modals.spec.ts:25:9 › Action-state modals — open, inspect, cancel › [Payroll] payrollApproved: modal opens and cancels cleanly (882ms)
  ✓  128 [chromium] › tests/e2e/action-states/action-state-modals.spec.ts:25:9 › Action-state modals — open, inspect, cancel › [Payroll] payrollDisputed: modal opens and cancels cleanly (894ms)
  ✓  129 [chromium] › tests/e2e/action-states/action-state-modals.spec.ts:25:9 › Action-state modals — open, inspect, cancel › [Payroll] payrollVoid: modal opens and cancels cleanly (929ms)
  ✓  130 [chromium] › tests/e2e/action-states/action-state-modals.spec.ts:25:9 › Action-state modals — open, inspect, cancel › [Payment Execution] paymentBatchDraft: modal opens and cancels cleanly (874ms)
  ✓  131 [chromium] › tests/e2e/action-states/action-state-modals.spec.ts:25:9 › Action-state modals — open, inspect, cancel › [Payment Execution] paymentItemDraft: modal opens and cancels cleanly (835ms)
  ✓  132 [chromium] › tests/e2e/action-states/action-state-modals.spec.ts:25:9 › Action-state modals — open, inspect, cancel › [Payment Execution] paymentBatchUnderReview: modal opens and cancels cleanly (967ms)
  ✓  133 [chromium] › tests/e2e/action-states/action-state-modals.spec.ts:25:9 › Action-state modals — open, inspect, cancel › [Payment Execution] paymentBatchApproved: modal opens and cancels cleanly (959ms)
  ✓  134 [chromium] › tests/e2e/action-states/action-state-modals.spec.ts:25:9 › Action-state modals — open, inspect, cancel › [Payment Execution] paymentBatchScheduled: modal opens and cancels cleanly (1.0s)
  ✓  135 [chromium] › tests/e2e/action-states/action-state-modals.spec.ts:25:9 › Action-state modals — open, inspect, cancel › [Payment Execution] paymentBatchExecutionSubmitted: modal opens and cancels cleanly (978ms)
  ✓  136 [chromium] › tests/e2e/action-states/action-state-modals.spec.ts:25:9 › Action-state modals — open, inspect, cancel › [Payment Execution] paymentBatchVoidTarget: modal opens and cancels cleanly (1.0s)
  ✓  137 [chromium] › tests/e2e/action-states/action-state-modals.spec.ts:25:9 › Action-state modals — open, inspect, cancel › [Payment Execution] paymentBatchVoid: modal opens and cancels cleanly (944ms)
  ✓  138 [chromium] › tests/e2e/action-states/action-state-modals.spec.ts:25:9 › Action-state modals — open, inspect, cancel › [Bank Reconciliation] bankAccountArchivable: modal opens and cancels cleanly (833ms)
  ✓  139 [chromium] › tests/e2e/action-states/action-state-modals.spec.ts:25:9 › Action-state modals — open, inspect, cancel › [Bank Reconciliation] bankTxnUnmatchedDebit: modal opens and cancels cleanly (942ms)
  ✓  140 [chromium] › tests/e2e/action-states/action-state-modals.spec.ts:25:9 › Action-state modals — open, inspect, cancel › [Bank Reconciliation] bankTxnUnmatchedCredit: modal opens and cancels cleanly (948ms)
  ✓  141 [chromium] › tests/e2e/action-states/action-state-modals.spec.ts:25:9 › Action-state modals — open, inspect, cancel › [Bank Reconciliation] bankTxnExceptionNone: modal opens and cancels cleanly (899ms)
  ✓  142 [chromium] › tests/e2e/action-states/action-state-modals.spec.ts:25:9 › Action-state modals — open, inspect, cancel › [Bank Reconciliation] bankTxnExceptionOpen: modal opens and cancels cleanly (899ms)
  ✓  143 [chromium] › tests/e2e/action-states/action-state-modals.spec.ts:25:9 › Action-state modals — open, inspect, cancel › [Bank Reconciliation] bankTxnIgnorable: modal opens and cancels cleanly (882ms)
  ✓  144 [chromium] › tests/e2e/action-states/action-state-modals.spec.ts:25:9 › Action-state modals — open, inspect, cancel › [Bank Reconciliation] reconMatchProposed: modal opens and cancels cleanly (886ms)
  ✓  145 [chromium] › tests/e2e/action-states/action-state-modals.spec.ts:25:9 › Action-state modals — open, inspect, cancel › [Accounting Export] aexDraft: modal opens and cancels cleanly (931ms)
  ✓  146 [chromium] › tests/e2e/action-states/action-state-modals.spec.ts:25:9 › Action-state modals — open, inspect, cancel › [Accounting Export] aexItemDraft: modal opens and cancels cleanly (815ms)
  ✓  147 [chromium] › tests/e2e/action-states/action-state-modals.spec.ts:25:9 › Action-state modals — open, inspect, cancel › [Accounting Export] aexGenerated: modal opens and cancels cleanly (905ms)
  ✓  148 [chromium] › tests/e2e/action-states/action-state-modals.spec.ts:25:9 › Action-state modals — open, inspect, cancel › [Accounting Export] aexUnderReview: modal opens and cancels cleanly (890ms)
  ✓  149 [chromium] › tests/e2e/action-states/action-state-modals.spec.ts:25:9 › Action-state modals — open, inspect, cancel › [Accounting Export] aexSubmitted: modal opens and cancels cleanly (915ms)
  ✓  150 [chromium] › tests/e2e/action-states/action-state-modals.spec.ts:25:9 › Action-state modals — open, inspect, cancel › [Accounting Export] aexCancelable: modal opens and cancels cleanly (911ms)
  ✓  151 [chromium] › tests/e2e/action-states/action-state-personas.spec.ts:30:11 › Action-state personas — natural persona sees action, read-only does not › [Production] prodDraft › natural persona sees action button (703ms)
  ✓  152 [chromium] › tests/e2e/action-states/action-state-personas.spec.ts:39:11 › Action-state personas — natural persona sees action, read-only does not › [Production] prodDraft › read-only auditor: route loads but action button hidden or disabled (623ms)
  ✓  153 [chromium] › tests/e2e/action-states/action-state-personas.spec.ts:30:11 › Action-state personas — natural persona sees action, read-only does not › [Production] prodSubmitted › natural persona sees action button (621ms)
  ✓  154 [chromium] › tests/e2e/action-states/action-state-personas.spec.ts:39:11 › Action-state personas — natural persona sees action, read-only does not › [Production] prodSubmitted › read-only auditor: route loads but action button hidden or disabled (664ms)
  ✓  155 [chromium] › tests/e2e/action-states/action-state-personas.spec.ts:30:11 › Action-state personas — natural persona sees action, read-only does not › [Production] prodUnderReview › natural persona sees action button (649ms)
  ✓  156 [chromium] › tests/e2e/action-states/action-state-personas.spec.ts:39:11 › Action-state personas — natural persona sees action, read-only does not › [Production] prodUnderReview › read-only auditor: route loads but action button hidden or disabled (591ms)
  ✓  157 [chromium] › tests/e2e/action-states/action-state-personas.spec.ts:30:11 › Action-state personas — natural persona sees action, read-only does not › [Production] prodCorrectionRequested › natural persona sees action button (631ms)
  ✓  158 [chromium] › tests/e2e/action-states/action-state-personas.spec.ts:39:11 › Action-state personas — natural persona sees action, read-only does not › [Production] prodCorrectionRequested › read-only auditor: route loads but action button hidden or disabled (625ms)
  ✓  159 [chromium] › tests/e2e/action-states/action-state-personas.spec.ts:30:11 › Action-state personas — natural persona sees action, read-only does not › [Production] prodApprovedNotMarked › natural persona sees action button (634ms)
  ✓  160 [chromium] › tests/e2e/action-states/action-state-personas.spec.ts:39:11 › Action-state personas — natural persona sees action, read-only does not › [Production] prodApprovedNotMarked › read-only auditor: route loads but action button hidden or disabled (606ms)
  ✓  161 [chromium] › tests/e2e/action-states/action-state-personas.spec.ts:30:11 › Action-state personas — natural persona sees action, read-only does not › [Production] prodVoid › natural persona sees action button (780ms)
  ✓  162 [chromium] › tests/e2e/action-states/action-state-personas.spec.ts:39:11 › Action-state personas — natural persona sees action, read-only does not › [Production] prodVoid › read-only auditor: route loads but action button hidden or disabled (882ms)
  ✓  163 [chromium] › tests/e2e/action-states/action-state-personas.spec.ts:30:11 › Action-state personas — natural persona sees action, read-only does not › [QC] qcPending › natural persona sees action button (860ms)
  ✓  164 [chromium] › tests/e2e/action-states/action-state-personas.spec.ts:39:11 › Action-state personas — natural persona sees action, read-only does not › [QC] qcPending › read-only auditor: route loads but action button hidden or disabled (862ms)
  ✓  165 [chromium] › tests/e2e/action-states/action-state-personas.spec.ts:30:11 › Action-state personas — natural persona sees action, read-only does not › [QC] qcInReview › natural persona sees action button (899ms)
  ✓  166 [chromium] › tests/e2e/action-states/action-state-personas.spec.ts:39:11 › Action-state personas — natural persona sees action, read-only does not › [QC] qcInReview › read-only auditor: route loads but action button hidden or disabled (819ms)
  ✓  167 [chromium] › tests/e2e/action-states/action-state-personas.spec.ts:30:11 › Action-state personas — natural persona sees action, read-only does not › [QC] qcCorrectionRequested › natural persona sees action button (984ms)
  ✓  168 [chromium] › tests/e2e/action-states/action-state-personas.spec.ts:39:11 › Action-state personas — natural persona sees action, read-only does not › [QC] qcCorrectionRequested › read-only auditor: route loads but action button hidden or disabled (810ms)
  ✓  169 [chromium] › tests/e2e/action-states/action-state-personas.spec.ts:30:11 › Action-state personas — natural persona sees action, read-only does not › [QC] qcVoid › natural persona sees action button (836ms)
  ✓  170 [chromium] › tests/e2e/action-states/action-state-personas.spec.ts:39:11 › Action-state personas — natural persona sees action, read-only does not › [QC] qcVoid › read-only auditor: route loads but action button hidden or disabled (1.0s)
  ✓  171 [chromium] › tests/e2e/action-states/action-state-personas.spec.ts:30:11 › Action-state personas — natural persona sees action, read-only does not › [Billable] billableDraft › natural persona sees action button (716ms)
  ✓  172 [chromium] › tests/e2e/action-states/action-state-personas.spec.ts:39:11 › Action-state personas — natural persona sees action, read-only does not › [Billable] billableDraft › read-only auditor: route loads but action button hidden or disabled (700ms)
  ✓  173 [chromium] › tests/e2e/action-states/action-state-personas.spec.ts:30:11 › Action-state personas — natural persona sees action, read-only does not › [Billable] billableOnHold › natural persona sees action button (755ms)
  ✓  174 [chromium] › tests/e2e/action-states/action-state-personas.spec.ts:39:11 › Action-state personas — natural persona sees action, read-only does not › [Billable] billableOnHold › read-only auditor: route loads but action button hidden or disabled (751ms)
  ✓  175 [chromium] › tests/e2e/action-states/action-state-personas.spec.ts:30:11 › Action-state personas — natural persona sees action, read-only does not › [Billable] billableDisputed › natural persona sees action button (739ms)
  ✓  176 [chromium] › tests/e2e/action-states/action-state-personas.spec.ts:39:11 › Action-state personas — natural persona sees action, read-only does not › [Billable] billableDisputed › read-only auditor: route loads but action button hidden or disabled (731ms)
  ✓  177 [chromium] › tests/e2e/action-states/action-state-personas.spec.ts:30:11 › Action-state personas — natural persona sees action, read-only does not › [Billable] billableVoid › natural persona sees action button (742ms)
  ✓  178 [chromium] › tests/e2e/action-states/action-state-personas.spec.ts:39:11 › Action-state personas — natural persona sees action, read-only does not › [Billable] billableVoid › read-only auditor: route loads but action button hidden or disabled (686ms)
  ✓  179 [chromium] › tests/e2e/action-states/action-state-personas.spec.ts:30:11 › Action-state personas — natural persona sees action, read-only does not › [Settlement] settlementDraft › natural persona sees action button (673ms)
  ✓  180 [chromium] › tests/e2e/action-states/action-state-personas.spec.ts:39:11 › Action-state personas — natural persona sees action, read-only does not › [Settlement] settlementDraft › read-only auditor: route loads but action button hidden or disabled (632ms)
  ✓  181 [chromium] › tests/e2e/action-states/action-state-personas.spec.ts:30:11 › Action-state personas — natural persona sees action, read-only does not › [Settlement] settlementItemDraft › natural persona sees action button (661ms)
  ✓  182 [chromium] › tests/e2e/action-states/action-state-personas.spec.ts:39:11 › Action-state personas — natural persona sees action, read-only does not › [Settlement] settlementItemDraft › read-only auditor: route loads but action button hidden or disabled (624ms)
  ✓  183 [chromium] › tests/e2e/action-states/action-state-personas.spec.ts:30:11 › Action-state personas — natural persona sees action, read-only does not › [Settlement] settlementUnderReview › natural persona sees action button (655ms)
  ✓  184 [chromium] › tests/e2e/action-states/action-state-personas.spec.ts:39:11 › Action-state personas — natural persona sees action, read-only does not › [Settlement] settlementUnderReview › read-only auditor: route loads but action button hidden or disabled (618ms)
  ✓  185 [chromium] › tests/e2e/action-states/action-state-personas.spec.ts:30:11 › Action-state personas — natural persona sees action, read-only does not › [Settlement] settlementApproved › natural persona sees action button (641ms)
  ✓  186 [chromium] › tests/e2e/action-states/action-state-personas.spec.ts:39:11 › Action-state personas — natural persona sees action, read-only does not › [Settlement] settlementApproved › read-only auditor: route loads but action button hidden or disabled (633ms)
  ✓  187 [chromium] › tests/e2e/action-states/action-state-personas.spec.ts:30:11 › Action-state personas — natural persona sees action, read-only does not › [Settlement] settlementDisputed › natural persona sees action button (645ms)
  ✓  188 [chromium] › tests/e2e/action-states/action-state-personas.spec.ts:39:11 › Action-state personas — natural persona sees action, read-only does not › [Settlement] settlementDisputed › read-only auditor: route loads but action button hidden or disabled (781ms)
  ✓  189 [chromium] › tests/e2e/action-states/action-state-personas.spec.ts:30:11 › Action-state personas — natural persona sees action, read-only does not › [Settlement] settlementVoid › natural persona sees action button (721ms)
  ✓  190 [chromium] › tests/e2e/action-states/action-state-personas.spec.ts:39:11 › Action-state personas — natural persona sees action, read-only does not › [Settlement] settlementVoid › read-only auditor: route loads but action button hidden or disabled (692ms)
  ✓  191 [chromium] › tests/e2e/action-states/action-state-personas.spec.ts:30:11 › Action-state personas — natural persona sees action, read-only does not › [Invoice] invoiceDraft › natural persona sees action button (665ms)
  ✓  192 [chromium] › tests/e2e/action-states/action-state-personas.spec.ts:39:11 › Action-state personas — natural persona sees action, read-only does not › [Invoice] invoiceDraft › read-only auditor: route loads but action button hidden or disabled (635ms)
  ✓  193 [chromium] › tests/e2e/action-states/action-state-personas.spec.ts:30:11 › Action-state personas — natural persona sees action, read-only does not › [Invoice] invoiceItemDraft › natural persona sees action button (676ms)
  ✓  194 [chromium] › tests/e2e/action-states/action-state-personas.spec.ts:39:11 › Action-state personas — natural persona sees action, read-only does not › [Invoice] invoiceItemDraft › read-only auditor: route loads but action button hidden or disabled (664ms)
  ✓  195 [chromium] › tests/e2e/action-states/action-state-personas.spec.ts:30:11 › Action-state personas — natural persona sees action, read-only does not › [Invoice] invoiceUnderReview › natural persona sees action button (642ms)
  ✓  196 [chromium] › tests/e2e/action-states/action-state-personas.spec.ts:39:11 › Action-state personas — natural persona sees action, read-only does not › [Invoice] invoiceUnderReview › read-only auditor: route loads but action button hidden or disabled (679ms)
  ✓  197 [chromium] › tests/e2e/action-states/action-state-personas.spec.ts:30:11 › Action-state personas — natural persona sees action, read-only does not › [Invoice] invoiceApproved › natural persona sees action button (935ms)
  ✓  198 [chromium] › tests/e2e/action-states/action-state-personas.spec.ts:39:11 › Action-state personas — natural persona sees action, read-only does not › [Invoice] invoiceApproved › read-only auditor: route loads but action button hidden or disabled (893ms)
  ✓  199 [chromium] › tests/e2e/action-states/action-state-personas.spec.ts:30:11 › Action-state personas — natural persona sees action, read-only does not › [Invoice] invoiceDisputed › natural persona sees action button (979ms)
  ✓  200 [chromium] › tests/e2e/action-states/action-state-personas.spec.ts:39:11 › Action-state personas — natural persona sees action, read-only does not › [Invoice] invoiceDisputed › read-only auditor: route loads but action button hidden or disabled (898ms)
  ✓  201 [chromium] › tests/e2e/action-states/action-state-personas.spec.ts:30:11 › Action-state personas — natural persona sees action, read-only does not › [Invoice] invoiceVoid › natural persona sees action button (962ms)
  ✓  202 [chromium] › tests/e2e/action-states/action-state-personas.spec.ts:39:11 › Action-state personas — natural persona sees action, read-only does not › [Invoice] invoiceVoid › read-only auditor: route loads but action button hidden or disabled (927ms)
  ✓  203 [chromium] › tests/e2e/action-states/action-state-personas.spec.ts:30:11 › Action-state personas — natural persona sees action, read-only does not › [Cash] cashReceiptUnapplied › natural persona sees action button (816ms)
  ✓  204 [chromium] › tests/e2e/action-states/action-state-personas.spec.ts:39:11 › Action-state personas — natural persona sees action, read-only does not › [Cash] cashReceiptUnapplied › read-only auditor: route loads but action button hidden or disabled (851ms)
  ✓  205 [chromium] › tests/e2e/action-states/action-state-personas.spec.ts:30:11 › Action-state personas — natural persona sees action, read-only does not › [Cash] cashReceiptVoidTarget › natural persona sees action button (834ms)
  ✓  206 [chromium] › tests/e2e/action-states/action-state-personas.spec.ts:39:11 › Action-state personas — natural persona sees action, read-only does not › [Cash] cashReceiptVoidTarget › read-only auditor: route loads but action button hidden or disabled (724ms)
  ✓  207 [chromium] › tests/e2e/action-states/action-state-personas.spec.ts:30:11 › Action-state personas — natural persona sees action, read-only does not › [Cash] cashReceiptVoid › natural persona sees action button (910ms)
  ✓  208 [chromium] › tests/e2e/action-states/action-state-personas.spec.ts:39:11 › Action-state personas — natural persona sees action, read-only does not › [Cash] cashReceiptVoid › read-only auditor: route loads but action button hidden or disabled (783ms)
  ✓  209 [chromium] › tests/e2e/action-states/action-state-personas.spec.ts:30:11 › Action-state personas — natural persona sees action, read-only does not › [Cash] paymentApplicationApplied › natural persona sees action button (873ms)
  ✓  210 [chromium] › tests/e2e/action-states/action-state-personas.spec.ts:39:11 › Action-state personas — natural persona sees action, read-only does not › [Cash] paymentApplicationApplied › read-only auditor: route loads but action button hidden or disabled (722ms)
  ✓  211 [chromium] › tests/e2e/action-states/action-state-personas.spec.ts:30:11 › Action-state personas — natural persona sees action, read-only does not › [Cash] paymentApplicationVoid › natural persona sees action button (704ms)
  ✓  212 [chromium] › tests/e2e/action-states/action-state-personas.spec.ts:39:11 › Action-state personas — natural persona sees action, read-only does not › [Cash] paymentApplicationVoid › read-only auditor: route loads but action button hidden or disabled (623ms)
  ✓  213 [chromium] › tests/e2e/action-states/action-state-personas.spec.ts:30:11 › Action-state personas — natural persona sees action, read-only does not › [Collections] collectionCaseOpen › natural persona sees action button (615ms)
  ✓  214 [chromium] › tests/e2e/action-states/action-state-personas.spec.ts:39:11 › Action-state personas — natural persona sees action, read-only does not › [Collections] collectionCaseOpen › read-only auditor: route loads but action button hidden or disabled (530ms)
  ✓  215 [chromium] › tests/e2e/action-states/action-state-personas.spec.ts:30:11 › Action-state personas — natural persona sees action, read-only does not › [Collections] collectionCaseClosed › natural persona sees action button (648ms)
  ✓  216 [chromium] › tests/e2e/action-states/action-state-personas.spec.ts:39:11 › Action-state personas — natural persona sees action, read-only does not › [Collections] collectionCaseClosed › read-only auditor: route loads but action button hidden or disabled (614ms)
  ✓  217 [chromium] › tests/e2e/action-states/action-state-personas.spec.ts:30:11 › Action-state personas — natural persona sees action, read-only does not › [Collections] collectionActionPlanned › natural persona sees action button (639ms)
  ✓  218 [chromium] › tests/e2e/action-states/action-state-personas.spec.ts:39:11 › Action-state personas — natural persona sees action, read-only does not › [Collections] collectionActionPlanned › read-only auditor: route loads but action button hidden or disabled (540ms)
  ✓  219 [chromium] › tests/e2e/action-states/action-state-personas.spec.ts:30:11 › Action-state personas — natural persona sees action, read-only does not › [Collections] collectionActionCompleted › natural persona sees action button (587ms)
  ✓  220 [chromium] › tests/e2e/action-states/action-state-personas.spec.ts:39:11 › Action-state personas — natural persona sees action, read-only does not › [Collections] collectionActionCompleted › read-only auditor: route loads but action button hidden or disabled (588ms)
  ✓  221 [chromium] › tests/e2e/action-states/action-state-personas.spec.ts:30:11 › Action-state personas — natural persona sees action, read-only does not › [Contractor Payable] cpayDraft › natural persona sees action button (1.9s)
  ✓  222 [chromium] › tests/e2e/action-states/action-state-personas.spec.ts:39:11 › Action-state personas — natural persona sees action, read-only does not › [Contractor Payable] cpayDraft › read-only auditor: route loads but action button hidden or disabled (570ms)
  ✓  223 [chromium] › tests/e2e/action-states/action-state-personas.spec.ts:30:11 › Action-state personas — natural persona sees action, read-only does not › [Contractor Payable] cpayItemDraft › natural persona sees action button (660ms)
  ✓  224 [chromium] › tests/e2e/action-states/action-state-personas.spec.ts:39:11 › Action-state personas — natural persona sees action, read-only does not › [Contractor Payable] cpayItemDraft › read-only auditor: route loads but action button hidden or disabled (532ms)
  ✓  225 [chromium] › tests/e2e/action-states/action-state-personas.spec.ts:30:11 › Action-state personas — natural persona sees action, read-only does not › [Contractor Payable] cpayUnderReview › natural persona sees action button (713ms)
  ✓  226 [chromium] › tests/e2e/action-states/action-state-personas.spec.ts:39:11 › Action-state personas — natural persona sees action, read-only does not › [Contractor Payable] cpayUnderReview › read-only auditor: route loads but action button hidden or disabled (705ms)
  ✓  227 [chromium] › tests/e2e/action-states/action-state-personas.spec.ts:30:11 › Action-state personas — natural persona sees action, read-only does not › [Contractor Payable] cpayApproved › natural persona sees action button (736ms)
  ✓  228 [chromium] › tests/e2e/action-states/action-state-personas.spec.ts:39:11 › Action-state personas — natural persona sees action, read-only does not › [Contractor Payable] cpayApproved › read-only auditor: route loads but action button hidden or disabled (2.6s)
  ✓  229 [chromium] › tests/e2e/action-states/action-state-personas.spec.ts:30:11 › Action-state personas — natural persona sees action, read-only does not › [Contractor Payable] cpayDisputed › natural persona sees action button (670ms)
  ✓  230 [chromium] › tests/e2e/action-states/action-state-personas.spec.ts:39:11 › Action-state personas — natural persona sees action, read-only does not › [Contractor Payable] cpayDisputed › read-only auditor: route loads but action button hidden or disabled (608ms)
  ✓  231 [chromium] › tests/e2e/action-states/action-state-personas.spec.ts:30:11 › Action-state personas — natural persona sees action, read-only does not › [Contractor Payable] cpayVoid › natural persona sees action button (709ms)
  ✓  232 [chromium] › tests/e2e/action-states/action-state-personas.spec.ts:39:11 › Action-state personas — natural persona sees action, read-only does not › [Contractor Payable] cpayVoid › read-only auditor: route loads but action button hidden or disabled (611ms)
  ✓  233 [chromium] › tests/e2e/action-states/action-state-personas.spec.ts:30:11 › Action-state personas — natural persona sees action, read-only does not › [Payroll] payrollDraft › natural persona sees action button (647ms)
  ✓  234 [chromium] › tests/e2e/action-states/action-state-personas.spec.ts:39:11 › Action-state personas — natural persona sees action, read-only does not › [Payroll] payrollDraft › read-only auditor: route loads but action button hidden or disabled (700ms)
  ✓  235 [chromium] › tests/e2e/action-states/action-state-personas.spec.ts:30:11 › Action-state personas — natural persona sees action, read-only does not › [Payroll] payrollItemDraft › natural persona sees action button (650ms)
  ✓  236 [chromium] › tests/e2e/action-states/action-state-personas.spec.ts:39:11 › Action-state personas — natural persona sees action, read-only does not › [Payroll] payrollItemDraft › read-only auditor: route loads but action button hidden or disabled (627ms)
  ✓  237 [chromium] › tests/e2e/action-states/action-state-personas.spec.ts:30:11 › Action-state personas — natural persona sees action, read-only does not › [Payroll] payrollUnderReview › natural persona sees action button (651ms)
  ✓  238 [chromium] › tests/e2e/action-states/action-state-personas.spec.ts:39:11 › Action-state personas — natural persona sees action, read-only does not › [Payroll] payrollUnderReview › read-only auditor: route loads but action button hidden or disabled (649ms)
  ✓  239 [chromium] › tests/e2e/action-states/action-state-personas.spec.ts:30:11 › Action-state personas — natural persona sees action, read-only does not › [Payroll] payrollApproved › natural persona sees action button (643ms)
  ✓  240 [chromium] › tests/e2e/action-states/action-state-personas.spec.ts:39:11 › Action-state personas — natural persona sees action, read-only does not › [Payroll] payrollApproved › read-only auditor: route loads but action button hidden or disabled (647ms)
  ✓  241 [chromium] › tests/e2e/action-states/action-state-personas.spec.ts:30:11 › Action-state personas — natural persona sees action, read-only does not › [Payroll] payrollDisputed › natural persona sees action button (652ms)
  ✓  242 [chromium] › tests/e2e/action-states/action-state-personas.spec.ts:39:11 › Action-state personas — natural persona sees action, read-only does not › [Payroll] payrollDisputed › read-only auditor: route loads but action button hidden or disabled (660ms)
  ✓  243 [chromium] › tests/e2e/action-states/action-state-personas.spec.ts:30:11 › Action-state personas — natural persona sees action, read-only does not › [Payroll] payrollVoid › natural persona sees action button (682ms)
  ✓  244 [chromium] › tests/e2e/action-states/action-state-personas.spec.ts:39:11 › Action-state personas — natural persona sees action, read-only does not › [Payroll] payrollVoid › read-only auditor: route loads but action button hidden or disabled (701ms)
  ✓  245 [chromium] › tests/e2e/action-states/action-state-personas.spec.ts:30:11 › Action-state personas — natural persona sees action, read-only does not › [Payment Execution] paymentBatchDraft › natural persona sees action button (843ms)
  ✓  246 [chromium] › tests/e2e/action-states/action-state-personas.spec.ts:39:11 › Action-state personas — natural persona sees action, read-only does not › [Payment Execution] paymentBatchDraft › read-only auditor: route loads but action button hidden or disabled (646ms)
  ✓  247 [chromium] › tests/e2e/action-states/action-state-personas.spec.ts:30:11 › Action-state personas — natural persona sees action, read-only does not › [Payment Execution] paymentItemDraft › natural persona sees action button (658ms)
  ✓  248 [chromium] › tests/e2e/action-states/action-state-personas.spec.ts:39:11 › Action-state personas — natural persona sees action, read-only does not › [Payment Execution] paymentItemDraft › read-only auditor: route loads but action button hidden or disabled (516ms)
  ✓  249 [chromium] › tests/e2e/action-states/action-state-personas.spec.ts:30:11 › Action-state personas — natural persona sees action, read-only does not › [Payment Execution] paymentBatchUnderReview › natural persona sees action button (667ms)
  ✓  250 [chromium] › tests/e2e/action-states/action-state-personas.spec.ts:39:11 › Action-state personas — natural persona sees action, read-only does not › [Payment Execution] paymentBatchUnderReview › read-only auditor: route loads but action button hidden or disabled (1.6s)
  ✓  251 [chromium] › tests/e2e/action-states/action-state-personas.spec.ts:30:11 › Action-state personas — natural persona sees action, read-only does not › [Payment Execution] paymentBatchApproved › natural persona sees action button (670ms)
  ✓  252 [chromium] › tests/e2e/action-states/action-state-personas.spec.ts:39:11 › Action-state personas — natural persona sees action, read-only does not › [Payment Execution] paymentBatchApproved › read-only auditor: route loads but action button hidden or disabled (668ms)
  ✓  253 [chromium] › tests/e2e/action-states/action-state-personas.spec.ts:30:11 › Action-state personas — natural persona sees action, read-only does not › [Payment Execution] paymentBatchScheduled › natural persona sees action button (729ms)
  ✓  254 [chromium] › tests/e2e/action-states/action-state-personas.spec.ts:39:11 › Action-state personas — natural persona sees action, read-only does not › [Payment Execution] paymentBatchScheduled › read-only auditor: route loads but action button hidden or disabled (628ms)
  ✓  255 [chromium] › tests/e2e/action-states/action-state-personas.spec.ts:30:11 › Action-state personas — natural persona sees action, read-only does not › [Payment Execution] paymentBatchExecutionSubmitted › natural persona sees action button (735ms)
  ✓  256 [chromium] › tests/e2e/action-states/action-state-personas.spec.ts:39:11 › Action-state personas — natural persona sees action, read-only does not › [Payment Execution] paymentBatchExecutionSubmitted › read-only auditor: route loads but action button hidden or disabled (647ms)
  ✓  257 [chromium] › tests/e2e/action-states/action-state-personas.spec.ts:30:11 › Action-state personas — natural persona sees action, read-only does not › [Payment Execution] paymentBatchVoidTarget › natural persona sees action button (683ms)
  ✓  258 [chromium] › tests/e2e/action-states/action-state-personas.spec.ts:39:11 › Action-state personas — natural persona sees action, read-only does not › [Payment Execution] paymentBatchVoidTarget › read-only auditor: route loads but action button hidden or disabled (591ms)
  ✓  259 [chromium] › tests/e2e/action-states/action-state-personas.spec.ts:30:11 › Action-state personas — natural persona sees action, read-only does not › [Payment Execution] paymentBatchVoid › natural persona sees action button (714ms)
  ✓  260 [chromium] › tests/e2e/action-states/action-state-personas.spec.ts:39:11 › Action-state personas — natural persona sees action, read-only does not › [Payment Execution] paymentBatchVoid › read-only auditor: route loads but action button hidden or disabled (659ms)
  ✓  261 [chromium] › tests/e2e/action-states/action-state-personas.spec.ts:30:11 › Action-state personas — natural persona sees action, read-only does not › [Bank Reconciliation] bankAccountArchivable › natural persona sees action button (582ms)
  ✓  262 [chromium] › tests/e2e/action-states/action-state-personas.spec.ts:39:11 › Action-state personas — natural persona sees action, read-only does not › [Bank Reconciliation] bankAccountArchivable › read-only auditor: route loads but action button hidden or disabled (630ms)
  ✓  263 [chromium] › tests/e2e/action-states/action-state-personas.spec.ts:30:11 › Action-state personas — natural persona sees action, read-only does not › [Bank Reconciliation] bankTxnUnmatchedDebit › natural persona sees action button (666ms)
  ✓  264 [chromium] › tests/e2e/action-states/action-state-personas.spec.ts:39:11 › Action-state personas — natural persona sees action, read-only does not › [Bank Reconciliation] bankTxnUnmatchedDebit › read-only auditor: route loads but action button hidden or disabled (607ms)
  ✓  265 [chromium] › tests/e2e/action-states/action-state-personas.spec.ts:30:11 › Action-state personas — natural persona sees action, read-only does not › [Bank Reconciliation] bankTxnUnmatchedCredit › natural persona sees action button (612ms)
  ✓  266 [chromium] › tests/e2e/action-states/action-state-personas.spec.ts:39:11 › Action-state personas — natural persona sees action, read-only does not › [Bank Reconciliation] bankTxnUnmatchedCredit › read-only auditor: route loads but action button hidden or disabled (565ms)
  ✓  267 [chromium] › tests/e2e/action-states/action-state-personas.spec.ts:30:11 › Action-state personas — natural persona sees action, read-only does not › [Bank Reconciliation] bankTxnExceptionNone › natural persona sees action button (640ms)
  ✓  268 [chromium] › tests/e2e/action-states/action-state-personas.spec.ts:39:11 › Action-state personas — natural persona sees action, read-only does not › [Bank Reconciliation] bankTxnExceptionNone › read-only auditor: route loads but action button hidden or disabled (577ms)
  ✓  269 [chromium] › tests/e2e/action-states/action-state-personas.spec.ts:30:11 › Action-state personas — natural persona sees action, read-only does not › [Bank Reconciliation] bankTxnExceptionOpen › natural persona sees action button (705ms)
  ✓  270 [chromium] › tests/e2e/action-states/action-state-personas.spec.ts:39:11 › Action-state personas — natural persona sees action, read-only does not › [Bank Reconciliation] bankTxnExceptionOpen › read-only auditor: route loads but action button hidden or disabled (749ms)
  ✓  271 [chromium] › tests/e2e/action-states/action-state-personas.spec.ts:30:11 › Action-state personas — natural persona sees action, read-only does not › [Bank Reconciliation] bankTxnIgnorable › natural persona sees action button (813ms)
  ✓  272 [chromium] › tests/e2e/action-states/action-state-personas.spec.ts:39:11 › Action-state personas — natural persona sees action, read-only does not › [Bank Reconciliation] bankTxnIgnorable › read-only auditor: route loads but action button hidden or disabled (910ms)
  ✓  273 [chromium] › tests/e2e/action-states/action-state-personas.spec.ts:30:11 › Action-state personas — natural persona sees action, read-only does not › [Bank Reconciliation] reconMatchProposed › natural persona sees action button (599ms)
  ✓  274 [chromium] › tests/e2e/action-states/action-state-personas.spec.ts:39:11 › Action-state personas — natural persona sees action, read-only does not › [Bank Reconciliation] reconMatchProposed › read-only auditor: route loads but action button hidden or disabled (631ms)
  ✓  275 [chromium] › tests/e2e/action-states/action-state-personas.spec.ts:30:11 › Action-state personas — natural persona sees action, read-only does not › [Accounting Export] aexDraft › natural persona sees action button (625ms)
  ✓  276 [chromium] › tests/e2e/action-states/action-state-personas.spec.ts:39:11 › Action-state personas — natural persona sees action, read-only does not › [Accounting Export] aexDraft › read-only auditor: route loads but action button hidden or disabled (574ms)
  ✓  277 [chromium] › tests/e2e/action-states/action-state-personas.spec.ts:30:11 › Action-state personas — natural persona sees action, read-only does not › [Accounting Export] aexItemDraft › natural persona sees action button (620ms)
  ✓  278 [chromium] › tests/e2e/action-states/action-state-personas.spec.ts:39:11 › Action-state personas — natural persona sees action, read-only does not › [Accounting Export] aexItemDraft › read-only auditor: route loads but action button hidden or disabled (757ms)
  ✓  279 [chromium] › tests/e2e/action-states/action-state-personas.spec.ts:30:11 › Action-state personas — natural persona sees action, read-only does not › [Accounting Export] aexGenerated › natural persona sees action button (635ms)
  ✓  280 [chromium] › tests/e2e/action-states/action-state-personas.spec.ts:39:11 › Action-state personas — natural persona sees action, read-only does not › [Accounting Export] aexGenerated › read-only auditor: route loads but action button hidden or disabled (674ms)
  ✓  281 [chromium] › tests/e2e/action-states/action-state-personas.spec.ts:30:11 › Action-state personas — natural persona sees action, read-only does not › [Accounting Export] aexUnderReview › natural persona sees action button (657ms)
  ✓  282 [chromium] › tests/e2e/action-states/action-state-personas.spec.ts:39:11 › Action-state personas — natural persona sees action, read-only does not › [Accounting Export] aexUnderReview › read-only auditor: route loads but action button hidden or disabled (693ms)
  ✓  283 [chromium] › tests/e2e/action-states/action-state-personas.spec.ts:30:11 › Action-state personas — natural persona sees action, read-only does not › [Accounting Export] aexSubmitted › natural persona sees action button (876ms)
  ✓  284 [chromium] › tests/e2e/action-states/action-state-personas.spec.ts:39:11 › Action-state personas — natural persona sees action, read-only does not › [Accounting Export] aexSubmitted › read-only auditor: route loads but action button hidden or disabled (685ms)
  ✓  285 [chromium] › tests/e2e/action-states/action-state-personas.spec.ts:30:11 › Action-state personas — natural persona sees action, read-only does not › [Accounting Export] aexCancelable › natural persona sees action button (612ms)
  ✓  286 [chromium] › tests/e2e/action-states/action-state-personas.spec.ts:39:11 › Action-state personas — natural persona sees action, read-only does not › [Accounting Export] aexCancelable › read-only auditor: route loads but action button hidden or disabled (853ms)
  ✓  287 [chromium] › tests/e2e/action-states/action-state-personas.spec.ts:71:9 › Action-state personas — backend denies writes for read-only auditor › [Production] prodDraft: backend denies write as read-only (12ms)
  ✓  288 [chromium] › tests/e2e/action-states/action-state-personas.spec.ts:71:9 › Action-state personas — backend denies writes for read-only auditor › [Settlement] settlementDraft: backend denies write as read-only (7ms)
  ✓  289 [chromium] › tests/e2e/action-states/action-state-personas.spec.ts:71:9 › Action-state personas — backend denies writes for read-only auditor › [Invoice] invoiceApproved: backend denies write as read-only (8ms)
  ✓  290 [chromium] › tests/e2e/action-states/action-state-personas.spec.ts:71:9 › Action-state personas — backend denies writes for read-only auditor › [Accounting Export] aexDraft: backend denies write as read-only (7ms)
  ✓  291 [chromium] › tests/e2e/action-states/action-state-readiness.spec.ts:21:9 › Action-state readiness — route loads, label hydrates, action visible › [Production] prodDraft: route loads and action label visible (785ms)
  ✓  292 [chromium] › tests/e2e/action-states/action-state-readiness.spec.ts:21:9 › Action-state readiness — route loads, label hydrates, action visible › [Production] prodSubmitted: route loads and action label visible (729ms)
  ✓  293 [chromium] › tests/e2e/action-states/action-state-readiness.spec.ts:21:9 › Action-state readiness — route loads, label hydrates, action visible › [Production] prodUnderReview: route loads and action label visible (761ms)
  ✓  294 [chromium] › tests/e2e/action-states/action-state-readiness.spec.ts:21:9 › Action-state readiness — route loads, label hydrates, action visible › [Production] prodCorrectionRequested: route loads and action label visible (728ms)
  ✓  295 [chromium] › tests/e2e/action-states/action-state-readiness.spec.ts:21:9 › Action-state readiness — route loads, label hydrates, action visible › [Production] prodApprovedNotMarked: route loads and action label visible (727ms)
  ✓  296 [chromium] › tests/e2e/action-states/action-state-readiness.spec.ts:21:9 › Action-state readiness — route loads, label hydrates, action visible › [Production] prodVoid: route loads and action label visible (730ms)
  ✓  297 [chromium] › tests/e2e/action-states/action-state-readiness.spec.ts:21:9 › Action-state readiness — route loads, label hydrates, action visible › [QC] qcPending: route loads and action label visible (707ms)
  ✓  298 [chromium] › tests/e2e/action-states/action-state-readiness.spec.ts:21:9 › Action-state readiness — route loads, label hydrates, action visible › [QC] qcInReview: route loads and action label visible (719ms)
  ✓  299 [chromium] › tests/e2e/action-states/action-state-readiness.spec.ts:21:9 › Action-state readiness — route loads, label hydrates, action visible › [QC] qcCorrectionRequested: route loads and action label visible (747ms)
  ✓  300 [chromium] › tests/e2e/action-states/action-state-readiness.spec.ts:21:9 › Action-state readiness — route loads, label hydrates, action visible › [QC] qcVoid: route loads and action label visible (821ms)
  ✓  301 [chromium] › tests/e2e/action-states/action-state-readiness.spec.ts:21:9 › Action-state readiness — route loads, label hydrates, action visible › [Billable] billableDraft: route loads and action label visible (681ms)
  ✓  302 [chromium] › tests/e2e/action-states/action-state-readiness.spec.ts:21:9 › Action-state readiness — route loads, label hydrates, action visible › [Billable] billableOnHold: route loads and action label visible (753ms)
  ✓  303 [chromium] › tests/e2e/action-states/action-state-readiness.spec.ts:21:9 › Action-state readiness — route loads, label hydrates, action visible › [Billable] billableDisputed: route loads and action label visible (681ms)
  ✓  304 [chromium] › tests/e2e/action-states/action-state-readiness.spec.ts:21:9 › Action-state readiness — route loads, label hydrates, action visible › [Billable] billableVoid: route loads and action label visible (781ms)
  ✓  305 [chromium] › tests/e2e/action-states/action-state-readiness.spec.ts:21:9 › Action-state readiness — route loads, label hydrates, action visible › [Settlement] settlementDraft: route loads and action label visible (716ms)
  ✓  306 [chromium] › tests/e2e/action-states/action-state-readiness.spec.ts:21:9 › Action-state readiness — route loads, label hydrates, action visible › [Settlement] settlementItemDraft: route loads and action label visible (729ms)
  ✓  307 [chromium] › tests/e2e/action-states/action-state-readiness.spec.ts:21:9 › Action-state readiness — route loads, label hydrates, action visible › [Settlement] settlementUnderReview: route loads and action label visible (731ms)
  ✓  308 [chromium] › tests/e2e/action-states/action-state-readiness.spec.ts:21:9 › Action-state readiness — route loads, label hydrates, action visible › [Settlement] settlementApproved: route loads and action label visible (747ms)
  ✓  309 [chromium] › tests/e2e/action-states/action-state-readiness.spec.ts:21:9 › Action-state readiness — route loads, label hydrates, action visible › [Settlement] settlementDisputed: route loads and action label visible (739ms)
  ✓  310 [chromium] › tests/e2e/action-states/action-state-readiness.spec.ts:21:9 › Action-state readiness — route loads, label hydrates, action visible › [Settlement] settlementVoid: route loads and action label visible (770ms)
  ✓  311 [chromium] › tests/e2e/action-states/action-state-readiness.spec.ts:21:9 › Action-state readiness — route loads, label hydrates, action visible › [Invoice] invoiceDraft: route loads and action label visible (729ms)
  ✓  312 [chromium] › tests/e2e/action-states/action-state-readiness.spec.ts:21:9 › Action-state readiness — route loads, label hydrates, action visible › [Invoice] invoiceItemDraft: route loads and action label visible (704ms)
  ✓  313 [chromium] › tests/e2e/action-states/action-state-readiness.spec.ts:21:9 › Action-state readiness — route loads, label hydrates, action visible › [Invoice] invoiceUnderReview: route loads and action label visible (699ms)
  ✓  314 [chromium] › tests/e2e/action-states/action-state-readiness.spec.ts:21:9 › Action-state readiness — route loads, label hydrates, action visible › [Invoice] invoiceApproved: route loads and action label visible (732ms)
  ✓  315 [chromium] › tests/e2e/action-states/action-state-readiness.spec.ts:21:9 › Action-state readiness — route loads, label hydrates, action visible › [Invoice] invoiceDisputed: route loads and action label visible (786ms)
  ✓  316 [chromium] › tests/e2e/action-states/action-state-readiness.spec.ts:21:9 › Action-state readiness — route loads, label hydrates, action visible › [Invoice] invoiceVoid: route loads and action label visible (829ms)
  ✓  317 [chromium] › tests/e2e/action-states/action-state-readiness.spec.ts:21:9 › Action-state readiness — route loads, label hydrates, action visible › [Cash] cashReceiptUnapplied: route loads and action label visible (876ms)
  ✓  318 [chromium] › tests/e2e/action-states/action-state-readiness.spec.ts:21:9 › Action-state readiness — route loads, label hydrates, action visible › [Cash] cashReceiptVoidTarget: route loads and action label visible (1.1s)
  ✓  319 [chromium] › tests/e2e/action-states/action-state-readiness.spec.ts:21:9 › Action-state readiness — route loads, label hydrates, action visible › [Cash] cashReceiptVoid: route loads and action label visible (1.4s)
  ✓  320 [chromium] › tests/e2e/action-states/action-state-readiness.spec.ts:21:9 › Action-state readiness — route loads, label hydrates, action visible › [Cash] paymentApplicationApplied: route loads and action label visible (842ms)
  ✓  321 [chromium] › tests/e2e/action-states/action-state-readiness.spec.ts:21:9 › Action-state readiness — route loads, label hydrates, action visible › [Cash] paymentApplicationVoid: route loads and action label visible (1.1s)
  ✓  322 [chromium] › tests/e2e/action-states/action-state-readiness.spec.ts:21:9 › Action-state readiness — route loads, label hydrates, action visible › [Collections] collectionCaseOpen: route loads and action label visible (1.1s)
  ✓  323 [chromium] › tests/e2e/action-states/action-state-readiness.spec.ts:21:9 › Action-state readiness — route loads, label hydrates, action visible › [Collections] collectionCaseClosed: route loads and action label visible (1.3s)
  ✓  324 [chromium] › tests/e2e/action-states/action-state-readiness.spec.ts:21:9 › Action-state readiness — route loads, label hydrates, action visible › [Collections] collectionActionPlanned: route loads and action label visible (1.3s)
  ✓  325 [chromium] › tests/e2e/action-states/action-state-readiness.spec.ts:21:9 › Action-state readiness — route loads, label hydrates, action visible › [Collections] collectionActionCompleted: route loads and action label visible (1.3s)
  ✓  326 [chromium] › tests/e2e/action-states/action-state-readiness.spec.ts:21:9 › Action-state readiness — route loads, label hydrates, action visible › [Contractor Payable] cpayDraft: route loads and action label visible (1.3s)
  ✓  327 [chromium] › tests/e2e/action-states/action-state-readiness.spec.ts:21:9 › Action-state readiness — route loads, label hydrates, action visible › [Contractor Payable] cpayItemDraft: route loads and action label visible (1.4s)
  ✓  328 [chromium] › tests/e2e/action-states/action-state-readiness.spec.ts:21:9 › Action-state readiness — route loads, label hydrates, action visible › [Contractor Payable] cpayUnderReview: route loads and action label visible (1.4s)
  ✓  329 [chromium] › tests/e2e/action-states/action-state-readiness.spec.ts:21:9 › Action-state readiness — route loads, label hydrates, action visible › [Contractor Payable] cpayApproved: route loads and action label visible (1.4s)
  ✓  330 [chromium] › tests/e2e/action-states/action-state-readiness.spec.ts:21:9 › Action-state readiness — route loads, label hydrates, action visible › [Contractor Payable] cpayDisputed: route loads and action label visible (1.6s)
  ✓  331 [chromium] › tests/e2e/action-states/action-state-readiness.spec.ts:21:9 › Action-state readiness — route loads, label hydrates, action visible › [Contractor Payable] cpayVoid: route loads and action label visible (1.4s)
  ✓  332 [chromium] › tests/e2e/action-states/action-state-readiness.spec.ts:21:9 › Action-state readiness — route loads, label hydrates, action visible › [Payroll] payrollDraft: route loads and action label visible (914ms)
  ✓  333 [chromium] › tests/e2e/action-states/action-state-readiness.spec.ts:21:9 › Action-state readiness — route loads, label hydrates, action visible › [Payroll] payrollItemDraft: route loads and action label visible (989ms)
  ✓  334 [chromium] › tests/e2e/action-states/action-state-readiness.spec.ts:21:9 › Action-state readiness — route loads, label hydrates, action visible › [Payroll] payrollUnderReview: route loads and action label visible (748ms)
  ✓  335 [chromium] › tests/e2e/action-states/action-state-readiness.spec.ts:21:9 › Action-state readiness — route loads, label hydrates, action visible › [Payroll] payrollApproved: route loads and action label visible (764ms)
  ✓  336 [chromium] › tests/e2e/action-states/action-state-readiness.spec.ts:21:9 › Action-state readiness — route loads, label hydrates, action visible › [Payroll] payrollDisputed: route loads and action label visible (915ms)
  ✓  337 [chromium] › tests/e2e/action-states/action-state-readiness.spec.ts:21:9 › Action-state readiness — route loads, label hydrates, action visible › [Payroll] payrollVoid: route loads and action label visible (966ms)
  ✓  338 [chromium] › tests/e2e/action-states/action-state-readiness.spec.ts:21:9 › Action-state readiness — route loads, label hydrates, action visible › [Payment Execution] paymentBatchDraft: route loads and action label visible (806ms)
  ✓  339 [chromium] › tests/e2e/action-states/action-state-readiness.spec.ts:21:9 › Action-state readiness — route loads, label hydrates, action visible › [Payment Execution] paymentItemDraft: route loads and action label visible (787ms)
  ✓  340 [chromium] › tests/e2e/action-states/action-state-readiness.spec.ts:21:9 › Action-state readiness — route loads, label hydrates, action visible › [Payment Execution] paymentBatchUnderReview: route loads and action label visible (921ms)
  ✓  341 [chromium] › tests/e2e/action-states/action-state-readiness.spec.ts:21:9 › Action-state readiness — route loads, label hydrates, action visible › [Payment Execution] paymentBatchApproved: route loads and action label visible (883ms)
  ✓  342 [chromium] › tests/e2e/action-states/action-state-readiness.spec.ts:21:9 › Action-state readiness — route loads, label hydrates, action visible › [Payment Execution] paymentBatchScheduled: route loads and action label visible (881ms)
  ✓  343 [chromium] › tests/e2e/action-states/action-state-readiness.spec.ts:21:9 › Action-state readiness — route loads, label hydrates, action visible › [Payment Execution] paymentBatchExecutionSubmitted: route loads and action label visible (936ms)
  ✓  344 [chromium] › tests/e2e/action-states/action-state-readiness.spec.ts:21:9 › Action-state readiness — route loads, label hydrates, action visible › [Payment Execution] paymentBatchVoidTarget: route loads and action label visible (869ms)
  ✓  345 [chromium] › tests/e2e/action-states/action-state-readiness.spec.ts:21:9 › Action-state readiness — route loads, label hydrates, action visible › [Payment Execution] paymentBatchVoid: route loads and action label visible (887ms)
  ✓  346 [chromium] › tests/e2e/action-states/action-state-readiness.spec.ts:21:9 › Action-state readiness — route loads, label hydrates, action visible › [Bank Reconciliation] bankAccountArchivable: route loads and action label visible (817ms)
  ✓  347 [chromium] › tests/e2e/action-states/action-state-readiness.spec.ts:21:9 › Action-state readiness — route loads, label hydrates, action visible › [Bank Reconciliation] bankTxnUnmatchedDebit: route loads and action label visible (898ms)
  ✓  348 [chromium] › tests/e2e/action-states/action-state-readiness.spec.ts:21:9 › Action-state readiness — route loads, label hydrates, action visible › [Bank Reconciliation] bankTxnUnmatchedCredit: route loads and action label visible (902ms)
  ✓  349 [chromium] › tests/e2e/action-states/action-state-readiness.spec.ts:21:9 › Action-state readiness — route loads, label hydrates, action visible › [Bank Reconciliation] bankTxnExceptionNone: route loads and action label visible (799ms)
  ✓  350 [chromium] › tests/e2e/action-states/action-state-readiness.spec.ts:21:9 › Action-state readiness — route loads, label hydrates, action visible › [Bank Reconciliation] bankTxnExceptionOpen: route loads and action label visible (2.0s)
  ✓  351 [chromium] › tests/e2e/action-states/action-state-readiness.spec.ts:21:9 › Action-state readiness — route loads, label hydrates, action visible › [Bank Reconciliation] bankTxnIgnorable: route loads and action label visible (692ms)
  ✓  352 [chromium] › tests/e2e/action-states/action-state-readiness.spec.ts:21:9 › Action-state readiness — route loads, label hydrates, action visible › [Bank Reconciliation] reconMatchProposed: route loads and action label visible (628ms)
  ✓  353 [chromium] › tests/e2e/action-states/action-state-readiness.spec.ts:21:9 › Action-state readiness — route loads, label hydrates, action visible › [Accounting Export] aexDraft: route loads and action label visible (694ms)
  ✓  354 [chromium] › tests/e2e/action-states/action-state-readiness.spec.ts:21:9 › Action-state readiness — route loads, label hydrates, action visible › [Accounting Export] aexItemDraft: route loads and action label visible (718ms)
  ✓  355 [chromium] › tests/e2e/action-states/action-state-readiness.spec.ts:21:9 › Action-state readiness — route loads, label hydrates, action visible › [Accounting Export] aexGenerated: route loads and action label visible (722ms)
  ✓  356 [chromium] › tests/e2e/action-states/action-state-readiness.spec.ts:21:9 › Action-state readiness — route loads, label hydrates, action visible › [Accounting Export] aexUnderReview: route loads and action label visible (717ms)
  ✓  357 [chromium] › tests/e2e/action-states/action-state-readiness.spec.ts:21:9 › Action-state readiness — route loads, label hydrates, action visible › [Accounting Export] aexSubmitted: route loads and action label visible (721ms)
  ✓  358 [chromium] › tests/e2e/action-states/action-state-readiness.spec.ts:21:9 › Action-state readiness — route loads, label hydrates, action visible › [Accounting Export] aexCancelable: route loads and action label visible (742ms)
  ✓  359 [chromium] › tests/e2e/action-states/action-state-submit.spec.ts:86:7 › Action-state full submit certification › [Billable] billableDraft: Recalculate Readiness submits without mutation (1.0s)
  ✓  360 [chromium] › tests/e2e/action-states/action-state-submit.spec.ts:97:7 › Action-state full submit certification › [Settlement] settlementItemDraft: Recalculate Readiness submits without mutation (1.0s)
  ✓  361 [chromium] › tests/e2e/action-states/action-state-submit.spec.ts:108:7 › Action-state full submit certification › [Contractor Payable] cpayItemDraft: Recalculate Totals submits without mutation (1.8s)
  ✓  362 [chromium] › tests/e2e/action-states/action-state-submit.spec.ts:119:7 › Action-state full submit certification › [Payroll] payrollItemDraft: Recalculate Totals submits without mutation (1.0s)
  ✓  363 [chromium] › tests/e2e/action-states/action-state-submit.spec.ts:132:7 › Action-state full submit certification › [Production] legacy draft without reviewed safety cannot submit (891ms)
  ✓  364 [chromium] › tests/e2e/action-states/action-state-submit.spec.ts:147:7 › Action-state full submit certification › [Production] prodSubmitted: Start Review → status=under_review (1.0s)
  ✓  365 [chromium] › tests/e2e/action-states/action-state-submit.spec.ts:160:7 › Action-state full submit certification › [Production] prodUnderReview: Approve → status=approved (889ms)
  ✓  366 [chromium] › tests/e2e/action-states/action-state-submit.spec.ts:177:7 › Action-state full submit certification › [Production] legacy correction without reviewed safety cannot advance (885ms)
  ✓  367 [chromium] › tests/e2e/action-states/action-state-submit.spec.ts:193:7 › Action-state full submit certification › [Production] prodApprovedNotMarked: Mark Billable → billable_status=billable (998ms)
  ✓  368 [chromium] › tests/e2e/action-states/action-state-submit.spec.ts:209:7 › Action-state full submit certification › [Production] prodVoid: Archive → status=archived (991ms)
  ✓  369 [chromium] › tests/e2e/action-states/action-state-submit.spec.ts:225:7 › Action-state full submit certification › [QC] qcPending: Start Review → review_status=in_review (856ms)
  ✓  370 [chromium] › tests/e2e/action-states/action-state-submit.spec.ts:238:7 › Action-state full submit certification › [QC] qcInReview: Approve → review_status=approved (936ms)
  ✓  371 [chromium] › tests/e2e/action-states/action-state-submit.spec.ts:255:7 › Action-state full submit certification › [QC] qcCorrectionRequested: Mark Corrected → review_status=corrected (878ms)
  ✓  372 [chromium] › tests/e2e/action-states/action-state-submit.spec.ts:269:7 › Action-state full submit certification › [QC] qcVoid: Archive → review_status=archived (1.0s)
  ✓  373 [chromium] › tests/e2e/action-states/action-state-submit.spec.ts:285:7 › Action-state full submit certification › [Billable] billableOnHold: Release Hold → status != held (965ms)
  ✓  374 [chromium] › tests/e2e/action-states/action-state-submit.spec.ts:299:7 › Action-state full submit certification › [Billable] billableDisputed: Resolve Dispute → status != disputed (955ms)
  ✓  375 [chromium] › tests/e2e/action-states/action-state-submit.spec.ts:313:7 › Action-state full submit certification › [Billable] billableVoid: Archive → status=archived (945ms)
  ✓  376 [chromium] › tests/e2e/action-states/action-state-submit.spec.ts:332:7 › Action-state full submit certification › [Bank Recon] bankAccountArchivable: Archive → status=archived (990ms)
  ✓  377 [chromium] › tests/e2e/action-states/action-state-submit.spec.ts:346:7 › Action-state full submit certification › [Bank Recon] bankTxnUnmatchedDebit: Match Payment Batch → reconciliation_match created (1.1s)
  ✓  378 [chromium] › tests/e2e/action-states/action-state-submit.spec.ts:363:7 › Action-state full submit certification › [Bank Recon] bankTxnUnmatchedCredit: Match Cash Receipt → reconciliation_match created [deferred-fix] (1.0s)
  ✓  379 [chromium] › tests/e2e/action-states/action-state-submit.spec.ts:380:7 › Action-state full submit certification › [Bank Recon] bankTxnExceptionNone: Open Exception → exception_status=open (1.1s)
  ✓  380 [chromium] › tests/e2e/action-states/action-state-submit.spec.ts:394:7 › Action-state full submit certification › [Bank Recon] bankTxnExceptionOpen: Resolve Exception → exception_status != open (1.0s)
  ✓  381 [chromium] › tests/e2e/action-states/action-state-submit.spec.ts:408:7 › Action-state full submit certification › [Bank Recon] bankTxnIgnorable: Ignore → reconciliation_status=ignored (1.0s)
  ✓  382 [chromium] › tests/e2e/action-states/action-state-submit.spec.ts:422:7 › Action-state full submit certification › [Bank Recon] reconMatchProposed: Review → match_status=reviewed (913ms)
  ✓  383 [chromium] › tests/e2e/action-states/action-state-submit.spec.ts:439:7 › Action-state full submit certification › [Cash] cashReceiptUnapplied: Apply To Invoice → payment_application created (1.0s)
  ✓  384 [chromium] › tests/e2e/action-states/action-state-submit.spec.ts:457:7 › Action-state full submit certification › [Cash] cashReceiptVoidTarget: Void → receipt_status=voided (1.0s)
  ✓  385 [chromium] › tests/e2e/action-states/action-state-submit.spec.ts:471:7 › Action-state full submit certification › [Cash] cashReceiptVoid: Archive → receipt_status=archived (976ms)
  ✓  386 [chromium] › tests/e2e/action-states/action-state-submit.spec.ts:485:7 › Action-state full submit certification › [Cash] paymentApplicationApplied: Void → application_status=voided (1.0s)
  ✓  387 [chromium] › tests/e2e/action-states/action-state-submit.spec.ts:499:7 › Action-state full submit certification › [Cash] paymentApplicationVoid: Archive → application_status=archived (1.0s)
  ✓  388 [chromium] › tests/e2e/action-states/action-state-submit.spec.ts:517:7 › Action-state full submit certification › [Invoice] invoiceDraft: Submit Review → status=ready_for_review (993ms)
  ✓  389 [chromium] › tests/e2e/action-states/action-state-submit.spec.ts:530:7 › Action-state full submit certification › [Invoice] invoiceItemDraft: Reject → approval_status=rejected (1.0s)
  ✓  390 [chromium] › tests/e2e/action-states/action-state-submit.spec.ts:546:7 › Action-state full submit certification › [Invoice] invoiceUnderReview: Reject → status=rejected (1.1s)
  ✓  391 [chromium] › tests/e2e/action-states/action-state-submit.spec.ts:560:7 › Action-state full submit certification › [Invoice] legacy Mark Sent opens package review and blocks missing approved terms (1.0s)
  ✓  392 [chromium] › tests/e2e/action-states/action-state-submit.spec.ts:575:7 › Action-state full submit certification › [Invoice] invoiceDisputed: Resolve Dispute → status != disputed (1.0s)
  ✓  393 [chromium] › tests/e2e/action-states/action-state-submit.spec.ts:589:7 › Action-state full submit certification › [Invoice] invoiceVoid: Archive → status=archived (951ms)
  ✓  394 [chromium] › tests/e2e/action-states/action-state-submit.spec.ts:605:7 › Action-state full submit certification › [Settlement] settlementDraft: Submit Review → status=ready_for_review (1.0s)
  ✓  395 [chromium] › tests/e2e/action-states/action-state-submit.spec.ts:618:7 › Action-state full submit certification › [Settlement] settlementUnderReview: Reject → status=rejected (1.1s)
  ✓  396 [chromium] › tests/e2e/action-states/action-state-submit.spec.ts:632:7 › Action-state full submit certification › [Settlement] settlementApproved: Mark Invoice Ready → invoice_ready (1.0s)
  ✓  397 [chromium] › tests/e2e/action-states/action-state-submit.spec.ts:649:7 › Action-state full submit certification › [Settlement] settlementDisputed: Resolve Dispute → status != disputed (1.1s)
  ✓  398 [chromium] › tests/e2e/action-states/action-state-submit.spec.ts:663:7 › Action-state full submit certification › [Settlement] settlementVoid: Archive → status=archived (1.0s)
  ✓  399 [chromium] › tests/e2e/action-states/action-state-submit.spec.ts:679:7 › Action-state full submit certification › [Collections] collectionCaseOpen: Assign Owner → assigned_owner_user_id set (1.0s)
  ✓  400 [chromium] › tests/e2e/action-states/action-state-submit.spec.ts:694:7 › Action-state full submit certification › [Collections] collectionCaseClosed: Archive → case_status=archived (977ms)
  ✓  401 [chromium] › tests/e2e/action-states/action-state-submit.spec.ts:708:7 › Action-state full submit certification › [Collections] collectionActionPlanned: Complete → action_status=completed (932ms)
  ✓  402 [chromium] › tests/e2e/action-states/action-state-submit.spec.ts:721:7 › Action-state full submit certification › [Collections] collectionActionCompleted: Archive Action → action_status=archived (949ms)
  ✓  403 [chromium] › tests/e2e/action-states/action-state-submit.spec.ts:737:7 › Action-state full submit certification › [Contractor Payable] cpayDraft: Submit Review → status=ready_for_review (1.1s)
  ✓  404 [chromium] › tests/e2e/action-states/action-state-submit.spec.ts:750:7 › Action-state full submit certification › [Contractor Payable] cpayUnderReview: missing accepted-work lineage blocks Approve (1.0s)
  ✓  405 [chromium] › tests/e2e/action-states/action-state-submit.spec.ts:766:7 › Action-state full submit certification › [Contractor Payable] cpayApproved: missing accepted-work lineage blocks Mark Payment Ready (994ms)
  ✓  406 [chromium] › tests/e2e/action-states/action-state-submit.spec.ts:782:7 › Action-state full submit certification › [Contractor Payable] cpayDisputed: Resolve Dispute → status != disputed (1.1s)
  ✓  407 [chromium] › tests/e2e/action-states/action-state-submit.spec.ts:796:7 › Action-state full submit certification › [Contractor Payable] cpayVoid: Archive → status=archived (1.1s)
  ✓  408 [chromium] › tests/e2e/action-states/action-state-submit.spec.ts:812:7 › Action-state full submit certification › [Payroll] payrollDraft: Submit Review → status=ready_for_review (1.0s)
  ✓  409 [chromium] › tests/e2e/action-states/action-state-submit.spec.ts:825:7 › Action-state full submit certification › [Payroll] payrollUnderReview: Approve → status=approved (1.0s)
  ✓  410 [chromium] › tests/e2e/action-states/action-state-submit.spec.ts:839:7 › Action-state full submit certification › [Payroll] payrollApproved: Mark Payroll Ready → payroll_readiness_status=ready_for_payroll (1.1s)
  ✓  411 [chromium] › tests/e2e/action-states/action-state-submit.spec.ts:853:7 › Action-state full submit certification › [Payroll] payrollDisputed: Resolve Dispute → status != disputed (1.0s)
  ✓  412 [chromium] › tests/e2e/action-states/action-state-submit.spec.ts:867:7 › Action-state full submit certification › [Payroll] payrollVoid: Archive → status=archived (1.0s)
  ✓  413 [chromium] › tests/e2e/action-states/action-state-submit.spec.ts:886:7 › Action-state full submit certification › [Payment Execution] paymentBatchDraft: Submit Review → status=ready_for_review (1.0s)
  ✓  414 [chromium] › tests/e2e/action-states/action-state-submit.spec.ts:899:7 › Action-state full submit certification › [Payment Execution] paymentItemDraft: Archive Item → status=archived (912ms)
  ✓  415 [chromium] › tests/e2e/action-states/action-state-submit.spec.ts:913:7 › Action-state full submit certification › [Payment Execution] paymentBatchUnderReview: missing accepted-work lineage blocks advancement (993ms)
  ✓  416 [chromium] › tests/e2e/action-states/action-state-submit.spec.ts:929:7 › Action-state full submit certification › [Payment Execution] paymentBatchApproved: missing accepted-work lineage blocks advancement (1.1s)
  ✓  417 [chromium] › tests/e2e/action-states/action-state-submit.spec.ts:945:7 › Action-state full submit certification › [Payment Execution] paymentBatchVoidTarget: Void → status=voided [deferred-fix] (1.0s)
  ✓  418 [chromium] › tests/e2e/action-states/action-state-submit.spec.ts:959:7 › Action-state full submit certification › [Payment Execution] paymentBatchScheduled: missing accepted-work lineage blocks advancement (1.1s)
  ✓  419 [chromium] › tests/e2e/action-states/action-state-submit.spec.ts:975:7 › Action-state full submit certification › [Payment Execution] paymentBatchExecutionSubmitted: missing accepted-work lineage blocks advancement (1.1s)
  ✓  420 [chromium] › tests/e2e/action-states/action-state-submit.spec.ts:992:7 › Action-state full submit certification › [Payment Execution] paymentBatchVoid: Archive → status=archived (1.0s)
  ✓  421 [chromium] › tests/e2e/action-states/action-state-submit.spec.ts:1008:7 › Action-state full submit certification › [Accounting Export] aexDraft: Submit Review → status=ready_for_review (1.0s)
  ✓  422 [chromium] › tests/e2e/action-states/action-state-submit.spec.ts:1021:7 › Action-state full submit certification › [Accounting Export] aexItemDraft: Archive Item → export_status=archived (994ms)
  ✓  423 [chromium] › tests/e2e/action-states/action-state-submit.spec.ts:1035:7 › Action-state full submit certification › [Accounting Export] aexGenerated: Mark Submitted → export_status=submitted_later (1.1s)
  ✓  424 [chromium] › tests/e2e/action-states/action-state-submit.spec.ts:1049:7 › Action-state full submit certification › [Accounting Export] aexUnderReview: Approve → approval_status=approved (1.1s)
  ✓  425 [chromium] › tests/e2e/action-states/action-state-submit.spec.ts:1063:7 › Action-state full submit certification › [Accounting Export] aexSubmitted: Mark Accepted → export_status=accepted_later (1.1s)
  ✓  426 [chromium] › tests/e2e/action-states/action-state-submit.spec.ts:1077:7 › Action-state full submit certification › [Accounting Export] aexCancelable: Cancel → status=cancelled (1.1s)
  ✓  427 [chromium] › tests/e2e/boundaries/boundary-copy.spec.ts:31:9 › Boundary placeholder and copy certification › Production boundary copy is visible (1.0s)
  ✓  428 [chromium] › tests/e2e/boundaries/boundary-copy.spec.ts:31:9 › Boundary placeholder and copy certification › QC boundary copy is visible (988ms)
  ✓  429 [chromium] › tests/e2e/boundaries/boundary-copy.spec.ts:31:9 › Boundary placeholder and copy certification › Billable boundary copy is visible (963ms)
  ✓  430 [chromium] › tests/e2e/boundaries/boundary-copy.spec.ts:31:9 › Boundary placeholder and copy certification › Settlement boundary copy is visible (1.0s)
  ✓  431 [chromium] › tests/e2e/boundaries/boundary-copy.spec.ts:31:9 › Boundary placeholder and copy certification › Invoice boundary copy is visible (1.0s)
  ✓  432 [chromium] › tests/e2e/boundaries/boundary-copy.spec.ts:31:9 › Boundary placeholder and copy certification › Cash boundary copy is visible (1.0s)
  ✓  433 [chromium] › tests/e2e/boundaries/boundary-copy.spec.ts:31:9 › Boundary placeholder and copy certification › Collection boundary copy is visible (1.0s)
  ✓  434 [chromium] › tests/e2e/boundaries/boundary-copy.spec.ts:31:9 › Boundary placeholder and copy certification › Contractor boundary copy is visible (1.1s)
  ✓  435 [chromium] › tests/e2e/boundaries/boundary-copy.spec.ts:31:9 › Boundary placeholder and copy certification › Payroll boundary copy is visible (1.1s)
  ✓  436 [chromium] › tests/e2e/boundaries/boundary-copy.spec.ts:31:9 › Boundary placeholder and copy certification › Payment boundary copy is visible (1.1s)
  ✓  437 [chromium] › tests/e2e/boundaries/boundary-copy.spec.ts:31:9 › Boundary placeholder and copy certification › Bank boundary copy is visible (1.1s)
  ✓  438 [chromium] › tests/e2e/boundaries/boundary-copy.spec.ts:31:9 › Boundary placeholder and copy certification › Accounting boundary copy is visible (1.0s)
  ✓  439 [chromium] › tests/e2e/boundaries/downstream-creation.spec.ts:32:9 › Forbidden downstream creation boundaries › production inspection creates no forbidden downstream objects (733ms)
  ✓  440 [chromium] › tests/e2e/boundaries/downstream-creation.spec.ts:32:9 › Forbidden downstream creation boundaries › invoice inspection creates no forbidden downstream objects (849ms)
  ✓  441 [chromium] › tests/e2e/boundaries/downstream-creation.spec.ts:32:9 › Forbidden downstream creation boundaries › cash receipt inspection creates no forbidden downstream objects (746ms)
  ✓  442 [chromium] › tests/e2e/boundaries/downstream-creation.spec.ts:32:9 › Forbidden downstream creation boundaries › collections inspection creates no forbidden downstream objects (766ms)
  ✓  443 [chromium] › tests/e2e/boundaries/downstream-creation.spec.ts:32:9 › Forbidden downstream creation boundaries › payment execution inspection creates no forbidden downstream objects (787ms)
  ✓  444 [chromium] › tests/e2e/boundaries/downstream-creation.spec.ts:32:9 › Forbidden downstream creation boundaries › bank reconciliation inspection creates no forbidden downstream objects (764ms)
  ✓  445 [chromium] › tests/e2e/boundaries/downstream-creation.spec.ts:32:9 › Forbidden downstream creation boundaries › accounting export inspection creates no forbidden downstream objects (749ms)
  ✓  446 [chromium] › tests/e2e/boundaries/source-mutation.spec.ts:12:7 › Source mutation boundaries › bank reconciliation inspection does not alter invoice balance fields (749ms)
  ✓  447 [chromium] › tests/e2e/boundaries/source-mutation.spec.ts:19:7 › Source mutation boundaries › accounting export inspection does not alter source invoice or payment batch status (714ms)
  ✓  448 [chromium] › tests/e2e/boundaries/source-mutation.spec.ts:26:7 › Source mutation boundaries › collections inspection does not alter invoice balance fields (746ms)
  ✓  449 [chromium] › tests/e2e/detail-hydration/checkpoint-details.spec.ts:11:9 › Seeded detail hydration › Signal detail renders seeded checkpoint data (770ms)
  ✓  450 [chromium] › tests/e2e/detail-hydration/checkpoint-details.spec.ts:11:9 › Seeded detail hydration › Organization detail renders seeded checkpoint data (754ms)
  ✓  451 [chromium] › tests/e2e/detail-hydration/checkpoint-details.spec.ts:11:9 › Seeded detail hydration › Contact detail renders seeded checkpoint data (787ms)
  ✓  452 [chromium] › tests/e2e/detail-hydration/checkpoint-details.spec.ts:11:9 › Seeded detail hydration › Relationship Map detail renders seeded checkpoint data (713ms)
  ✓  453 [chromium] › tests/e2e/detail-hydration/checkpoint-details.spec.ts:11:9 › Seeded detail hydration › Opportunity Candidate detail renders seeded checkpoint data (743ms)
  ✓  454 [chromium] › tests/e2e/detail-hydration/checkpoint-details.spec.ts:11:9 › Seeded detail hydration › Opportunity detail renders seeded checkpoint data (719ms)
  ✓  455 [chromium] › tests/e2e/detail-hydration/checkpoint-details.spec.ts:11:9 › Seeded detail hydration › Coverage Plan detail renders seeded checkpoint data (671ms)
  ✓  456 [chromium] › tests/e2e/detail-hydration/checkpoint-details.spec.ts:11:9 › Seeded detail hydration › Project detail renders seeded checkpoint data (686ms)
  ✓  457 [chromium] › tests/e2e/detail-hydration/checkpoint-details.spec.ts:11:9 › Seeded detail hydration › Work Order detail renders seeded checkpoint data (727ms)
  ✓  458 [chromium] › tests/e2e/detail-hydration/checkpoint-details.spec.ts:11:9 › Seeded detail hydration › Production Record detail renders seeded checkpoint data (781ms)
  ✓  459 [chromium] › tests/e2e/detail-hydration/checkpoint-details.spec.ts:11:9 › Seeded detail hydration › QC Review detail renders seeded checkpoint data (747ms)
  ✓  460 [chromium] › tests/e2e/detail-hydration/checkpoint-details.spec.ts:11:9 › Seeded detail hydration › Billable Item detail renders seeded checkpoint data (810ms)
  ✓  461 [chromium] › tests/e2e/detail-hydration/checkpoint-details.spec.ts:11:9 › Seeded detail hydration › Settlement detail renders seeded checkpoint data (740ms)
  ✓  462 [chromium] › tests/e2e/detail-hydration/checkpoint-details.spec.ts:11:9 › Seeded detail hydration › Invoice detail renders seeded checkpoint data (816ms)
  ✓  463 [chromium] › tests/e2e/detail-hydration/checkpoint-details.spec.ts:11:9 › Seeded detail hydration › Cash Receipt detail renders seeded checkpoint data (732ms)
  ✓  464 [chromium] › tests/e2e/detail-hydration/checkpoint-details.spec.ts:11:9 › Seeded detail hydration › Payment Application detail renders seeded checkpoint data (774ms)
  ✓  465 [chromium] › tests/e2e/detail-hydration/checkpoint-details.spec.ts:11:9 › Seeded detail hydration › Collection Case detail renders seeded checkpoint data (722ms)
  ✓  466 [chromium] › tests/e2e/detail-hydration/checkpoint-details.spec.ts:11:9 › Seeded detail hydration › Collection Action detail renders seeded checkpoint data (667ms)
  ✓  467 [chromium] › tests/e2e/detail-hydration/checkpoint-details.spec.ts:11:9 › Seeded detail hydration › Contractor Payable detail renders seeded checkpoint data (842ms)
  ✓  468 [chromium] › tests/e2e/detail-hydration/checkpoint-details.spec.ts:11:9 › Seeded detail hydration › Payroll Run detail renders seeded checkpoint data (742ms)
  ✓  469 [chromium] › tests/e2e/detail-hydration/checkpoint-details.spec.ts:11:9 › Seeded detail hydration › Payment Batch detail renders seeded checkpoint data (818ms)
  ✓  470 [chromium] › tests/e2e/detail-hydration/checkpoint-details.spec.ts:11:9 › Seeded detail hydration › Payment Item detail renders seeded checkpoint data (769ms)
  ✓  471 [chromium] › tests/e2e/detail-hydration/checkpoint-details.spec.ts:11:9 › Seeded detail hydration › Bank Account detail renders seeded checkpoint data (783ms)
  ✓  472 [chromium] › tests/e2e/detail-hydration/checkpoint-details.spec.ts:11:9 › Seeded detail hydration › Bank Transaction detail renders seeded checkpoint data (734ms)
  ✓  473 [chromium] › tests/e2e/detail-hydration/checkpoint-details.spec.ts:11:9 › Seeded detail hydration › Reconciliation Match detail renders seeded checkpoint data (825ms)
  ✓  474 [chromium] › tests/e2e/detail-hydration/checkpoint-details.spec.ts:11:9 › Seeded detail hydration › Accounting Export Batch detail renders seeded checkpoint data (731ms)
  ✓  475 [chromium] › tests/e2e/detail-hydration/checkpoint-details.spec.ts:11:9 › Seeded detail hydration › Accounting Export Item detail renders seeded checkpoint data (685ms)
  ✓  476 [chromium] › tests/e2e/executive-command-throughput.spec.ts:33:7 › P16 Executive Command Center throughput and daily decision support › authorized executive can open Command Center; Partner and cross-tenant users are denied (605ms)
  ✓  477 [chromium] › tests/e2e/executive-command-throughput.spec.ts:49:7 › P16 Executive Command Center throughput and daily decision support › growth and capacity KPIs consume P15/P14 without mutating opportunities or assignments (27ms)
  ✓  478 [chromium] › tests/e2e/executive-command-throughput.spec.ts:63:7 › P16 Executive Command Center throughput and daily decision support › production and Customer QC KPIs are unit-aware and separate Customer delay from Partner correction (13ms)
  ✓  479 [chromium] › tests/e2e/executive-command-throughput.spec.ts:76:7 › P16 Executive Command Center throughput and daily decision support › finance KPIs preserve Customer revenue and Partner payable chain separation (13ms)
  ✓  480 [chromium] › tests/e2e/executive-command-throughput.spec.ts:90:7 › P16 Executive Command Center throughput and daily decision support › daily actions are deterministic, deduped, routed, and do not execute source actions (22ms)
  ✓  481 [chromium] › tests/e2e/executive-command-throughput.spec.ts:104:7 › P16 Executive Command Center throughput and daily decision support › scheduled scan is locked and idempotent; no rates, secrets, Worker PII, or auto-actions leak (75ms)
  ✓  482 [chromium] › tests/e2e/internal-workforce.spec.ts:10:5 › Sync management provisions a real internal crew through field production with strict readiness and access boundaries (4.3s)
  ✓  483 [chromium] › tests/e2e/lifecycle/high-risk-modals.spec.ts:12:9 › High-risk lifecycle modal certification › Payment Execution: /Mark Executed/i modal opens with required fields and boundary copy (920ms)
  ✓  484 [chromium] › tests/e2e/lifecycle/high-risk-modals.spec.ts:12:9 › High-risk lifecycle modal certification › Bank Reconciliation: /Open Exception/i modal opens with required fields and boundary copy (938ms)
  ✓  485 [chromium] › tests/e2e/lifecycle/high-risk-modals.spec.ts:12:9 › High-risk lifecycle modal certification › Accounting Export: /Generate/i modal opens with required fields and boundary copy (990ms)
  ✓  486 [chromium] › tests/e2e/lifecycle/high-risk-modals.spec.ts:12:9 › High-risk lifecycle modal certification › Accounting Export: /Mark Submitted/i modal opens with required fields and boundary copy (969ms)
  ✓  487 [chromium] › tests/e2e/opportunity-capacity-matching.spec.ts:38:7 › P15 Opportunity capacity matching and recommendation intelligence › structured requirements are versioned and missing requirements are not guessed (34ms)
  ✓  488 [chromium] › tests/e2e/opportunity-capacity-matching.spec.ts:51:7 › P15 Opportunity capacity matching and recommendation intelligence › hard blockers override high scores and partner score remains distinct from match score (60ms)
  ✓  489 [chromium] › tests/e2e/opportunity-capacity-matching.spec.ts:67:7 › P15 Opportunity capacity matching and recommendation intelligence › capacity gap and multi-Partner coverage are explainable and do not assign work (19ms)
  ✓  490 [chromium] › tests/e2e/opportunity-capacity-matching.spec.ts:82:7 › P15 Opportunity capacity matching and recommendation intelligence › mandatory equipment blocks coverage where canonical equipment fit is missing (52ms)
  ✓  491 [chromium] › tests/e2e/opportunity-capacity-matching.spec.ts:91:7 › P15 Opportunity capacity matching and recommendation intelligence › shortlist and human decision are audited decision support, not assignment (23ms)
  ✓  492 [chromium] › tests/e2e/opportunity-capacity-matching.spec.ts:102:7 › P15 Opportunity capacity matching and recommendation intelligence › scheduled scan is locked and idempotent; Partner and cross-tenant access are denied (113ms)
  ✓  493 [chromium] › tests/e2e/partner-admin-invitations.spec.ts:47:7 › P18 Partner inquiry, invitation, and onboarding controls › public inquiry creates only a low-confidence inquiry and requires human qualification before invite (75ms)
  ✓  494 [chromium] › tests/e2e/partner-admin-invitations.spec.ts:95:7 › P18 Partner inquiry, invitation, and onboarding controls › Partner Admin invitation token lifecycle is hash-only, single-use, scoped, and race-safe (239ms)
  ✓  495 [chromium] › tests/e2e/partner-admin-invitations.spec.ts:170:7 › P18 Partner inquiry, invitation, and onboarding controls › Foreman invitation binds exact Worker/Crew assignment and rejects changed relationships (91ms)
  ✓  496 [chromium] › tests/e2e/partner-admin-invitations.spec.ts:212:7 › P18 Partner inquiry, invitation, and onboarding controls › onboarding workspace, approval boundary, analytics, and token-leak controls stay internal (43ms)
  ✓  497 [chromium] › tests/e2e/partner-admin-invitations.spec.ts:239:7 › P18 Partner inquiry, invitation, and onboarding controls › authenticated routing context is safe, server-trusted, and persona-aware (65ms)
  ✓  498 [chromium] › tests/e2e/partner-admin-invitations.spec.ts:276:7 › P18 Partner inquiry, invitation, and onboarding controls › production login uses email and password, then routes by server-trusted persona (382ms)
  ✓  499 [chromium] › tests/e2e/partner-admin-invitations.spec.ts:337:7 › P18 Partner inquiry, invitation, and onboarding controls › Partner Network workspace remains internal-only and preserves the human gate (56ms)
  ✓  500 [chromium] › tests/e2e/partner-admin-invitations.spec.ts:367:7 › P18 Partner inquiry, invitation, and onboarding controls › focused UI files encode login simplification, nav fail-closed, and Foreman Today route (7ms)
  ✓  501 [chromium] › tests/e2e/partner-agreements-work-orders-vehicles.spec.ts:47:7 › P5 Partner agreements, work orders, rates, and vehicles › internal user creates an MSA, enforces signer rules, and Partner can read only own safe view (180ms)
  ✓  502 [chromium] › tests/e2e/partner-agreements-work-orders-vehicles.spec.ts:137:7 › P5 Partner agreements, work orders, rates, and vehicles › Work Order activation preserves Partner rate isolation and cannot be managed by Partner users (113ms)
  ✓  503 [chromium] › tests/e2e/partner-agreements-work-orders-vehicles.spec.ts:182:7 › P5 Partner agreements, work orders, rates, and vehicles › vehicle custody, operators, condition, and allocation are tenant and Partner safe (95ms)
  ✓  504 [chromium] › tests/e2e/partner-agreements-work-orders-vehicles.spec.ts:233:7 › P5 Partner agreements, work orders, rates, and vehicles › vehicle agreement artifacts are restricted and Foreman sees only safe operational summary (111ms)
  ✓  505 [chromium] › tests/e2e/partner-agreements-work-orders-vehicles.spec.ts:256:7 › P5 Partner agreements, work orders, rates, and vehicles › events and audit omit restricted legal bytes, storage keys, internal rates, and internal notes (11ms)
  ✓  506 [chromium] › tests/e2e/partner-compliance-onboarding.spec.ts:38:7 › P3 Partner compliance onboarding foundation › setup declarations are scoped, idempotent, reviewable, and do not change readiness (116ms)
  ✓  507 [chromium] › tests/e2e/partner-compliance-onboarding.spec.ts:58:7 › P3 Partner compliance onboarding foundation › empty Partner compliance summary is organization scoped and Foreman safe (38ms)
  ✓  508 [chromium] › tests/e2e/partner-compliance-onboarding.spec.ts:77:7 › P3 Partner compliance onboarding foundation › Partner Admin submits own profile, W-9, payment readiness, and insurance without broadening scope (346ms)
  ✓  509 [chromium] › tests/e2e/partner-compliance-onboarding.spec.ts:156:7 › P3 Partner compliance onboarding foundation › restricted evidence is never public and remains tenant and Partner scoped (53ms)
  ✓  510 [chromium] › tests/e2e/partner-compliance-onboarding.spec.ts:173:7 › P3 Partner compliance onboarding foundation › internal reviewer verifies records, Partner users cannot self-approve, and compliance becomes ready (121ms)
  ✓  511 [chromium] › tests/e2e/partner-compliance-onboarding.spec.ts:208:7 › P3 Partner compliance onboarding foundation › insurance limit and expiration changes recalculate blockers and preserve version history (48ms)
  ✓  512 [chromium] › tests/e2e/partner-mobilization-readiness.spec.ts:56:7 › P6 Partner mobilization readiness and Notice to Proceed › evaluates canonical assignment context and blocks on missing source readiness (51ms)
  ✓  513 [chromium] › tests/e2e/partner-mobilization-readiness.spec.ts:73:7 › P6 Partner mobilization readiness and Notice to Proceed › enforces override governance and clears only overrideable administrative blockers (56ms)
  ✓  514 [chromium] › tests/e2e/partner-mobilization-readiness.spec.ts:99:7 › P6 Partner mobilization readiness and Notice to Proceed › approves mobilization, issues structured Notice, and keeps production start separate from QC and settlement (69ms)
  ✓  515 [chromium] › tests/e2e/partner-mobilization-readiness.spec.ts:126:7 › P6 Partner mobilization readiness and Notice to Proceed › Partner Admin and Foreman see only safe own Notice/readiness and acknowledgment is receipt-only (68ms)
  ✓  516 [chromium] › tests/e2e/partner-mobilization-readiness.spec.ts:153:7 › P6 Partner mobilization readiness and Notice to Proceed › canonical source mutations automatically invalidate readiness and hold authorization without restricted payload leaks (76ms)
  ✓  517 [chromium] › tests/e2e/partner-mobilization-readiness.spec.ts:217:7 › P6 Partner mobilization readiness and Notice to Proceed › canonical P3/P4/P5 source events automatically invalidate ready authorization (994ms)
{"timestamp":"2026-10-05T18:04:54.799Z","category":"Event","message":"event_created","tenantId":"317ad399-c3d7-47f5-b1ff-89a23e04929a","actorUserId":"ce68ae7d-beb0-4df9-baff-54b30680fe01","eventId":"b48b230e-3103-456d-8233-e75695aca9e5","eventType":"partner_insurance_policy.expired","aggregateType":"partner_insurance_policy","aggregateId":"564ead94-8715-4bdf-889d-2bef1dbdf027"}
{"timestamp":"2026-10-05T18:04:54.801Z","category":"Audit","message":"audit_log_created","tenantId":"317ad399-c3d7-47f5-b1ff-89a23e04929a","actorUserId":"ce68ae7d-beb0-4df9-baff-54b30680fe01","action":"mobilization_expiration.scan","entityType":"partner_insurance_policy","entityId":"564ead94-8715-4bdf-889d-2bef1dbdf027"}
{"timestamp":"2026-10-05T18:04:54.809Z","category":"Event","message":"event_created","tenantId":"317ad399-c3d7-47f5-b1ff-89a23e04929a","actorUserId":"ce68ae7d-beb0-4df9-baff-54b30680fe01","eventId":"1436d657-c99c-4290-9fc3-a0d62dc3456e","eventType":"mobilization_readiness.changed","aggregateType":"mobilization_readiness","aggregateId":"79424bd5-4d2a-4674-9a89-876615e5ff77"}
{"timestamp":"2026-10-05T18:04:54.810Z","category":"Audit","message":"audit_log_created","tenantId":"317ad399-c3d7-47f5-b1ff-89a23e04929a","actorUserId":"ce68ae7d-beb0-4df9-baff-54b30680fe01","action":"mobilization_readiness.source_event_invalidate","entityType":"mobilization_readiness","entityId":"79424bd5-4d2a-4674-9a89-876615e5ff77"}
{"timestamp":"2026-10-05T18:04:54.812Z","category":"Event","message":"event_created","tenantId":"317ad399-c3d7-47f5-b1ff-89a23e04929a","actorUserId":"ce68ae7d-beb0-4df9-baff-54b30680fe01","eventId":"d7de07bc-c069-48d5-9af4-9c5cc69434d0","eventType":"mobilization.held","aggregateType":"mobilization_decision","aggregateId":"b925331b-fbc5-482d-a80f-5cdee9d99c3d"}
{"timestamp":"2026-10-05T18:04:54.813Z","category":"Audit","message":"audit_log_created","tenantId":"317ad399-c3d7-47f5-b1ff-89a23e04929a","actorUserId":"ce68ae7d-beb0-4df9-baff-54b30680fe01","action":"mobilization.source_event_hold","entityType":"mobilization_decision","entityId":"b925331b-fbc5-482d-a80f-5cdee9d99c3d"}
{"timestamp":"2026-10-05T18:04:54.815Z","category":"Event","message":"event_created","tenantId":"317ad399-c3d7-47f5-b1ff-89a23e04929a","actorUserId":"ce68ae7d-beb0-4df9-baff-54b30680fe01","eventId":"0a9aa48d-19c5-4a62-ae01-71ec940182ea","eventType":"notice_to_proceed.held","aggregateType":"notice_to_proceed","aggregateId":"a56e333e-08b4-4c7b-9358-59fb89674d5b"}
{"timestamp":"2026-10-05T18:04:54.816Z","category":"Audit","message":"audit_log_created","tenantId":"317ad399-c3d7-47f5-b1ff-89a23e04929a","actorUserId":"ce68ae7d-beb0-4df9-baff-54b30680fe01","action":"notice_to_proceed.source_event_hold","entityType":"notice_to_proceed","entityId":"a56e333e-08b4-4c7b-9358-59fb89674d5b"}
{"timestamp":"2026-10-05T18:04:54.817Z","category":"Event","message":"event_created","tenantId":"317ad399-c3d7-47f5-b1ff-89a23e04929a","actorUserId":"ce68ae7d-beb0-4df9-baff-54b30680fe01","eventId":"ecb8c4a0-a71f-4b0f-9572-44495334b47f","eventType":"production_start.held","aggregateType":"production_start","aggregateId":"21e27e28-cf90-4218-86da-8fb432bb3ac9"}
{"timestamp":"2026-10-05T18:04:54.817Z","category":"Audit","message":"audit_log_created","tenantId":"317ad399-c3d7-47f5-b1ff-89a23e04929a","actorUserId":"ce68ae7d-beb0-4df9-baff-54b30680fe01","action":"production_start.source_event_hold","entityType":"production_start_authorization","entityId":"21e27e28-cf90-4218-86da-8fb432bb3ac9"}
{"timestamp":"2026-10-05T18:04:54.819Z","category":"Event","message":"event_created","tenantId":"317ad399-c3d7-47f5-b1ff-89a23e04929a","actorUserId":"ce68ae7d-beb0-4df9-baff-54b30680fe01","eventId":"1dd92bfb-c96c-41f4-9be8-650916ebe7e0","eventType":"worker_credential.expired","aggregateType":"worker_credential","aggregateId":"4a5ba880-9be5-4269-a118-97b02f225aba"}
{"timestamp":"2026-10-05T18:04:54.820Z","category":"Audit","message":"audit_log_created","tenantId":"317ad399-c3d7-47f5-b1ff-89a23e04929a","actorUserId":"ce68ae7d-beb0-4df9-baff-54b30680fe01","action":"mobilization_expiration.scan","entityType":"worker_credential","entityId":"4a5ba880-9be5-4269-a118-97b02f225aba"}
{"timestamp":"2026-10-05T18:04:54.826Z","category":"Event","message":"event_created","tenantId":"317ad399-c3d7-47f5-b1ff-89a23e04929a","actorUserId":"ce68ae7d-beb0-4df9-baff-54b30680fe01","eventId":"b0aaffd7-8d17-488a-8088-5490535f3799","eventType":"mobilization_readiness.changed","aggregateType":"mobilization_readiness","aggregateId":"55bc88ba-cefb-40c1-b1a1-cff92933f345"}
{"timestamp":"2026-10-05T18:04:54.827Z","category":"Audit","message":"audit_log_created","tenantId":"317ad399-c3d7-47f5-b1ff-89a23e04929a","actorUserId":"ce68ae7d-beb0-4df9-baff-54b30680fe01","action":"mobilization_readiness.source_event_invalidate","entityType":"mobilization_readiness","entityId":"55bc88ba-cefb-40c1-b1a1-cff92933f345"}
{"timestamp":"2026-10-05T18:04:54.829Z","category":"Event","message":"event_created","tenantId":"317ad399-c3d7-47f5-b1ff-89a23e04929a","actorUserId":"ce68ae7d-beb0-4df9-baff-54b30680fe01","eventId":"c2c951fc-18e4-4fc2-8a4b-866ae38eef61","eventType":"worker_credential.expired","aggregateType":"worker_credential","aggregateId":"4a5ba880-9be5-4269-a118-97b02f225aba"}
{"timestamp":"2026-10-05T18:04:54.830Z","category":"Audit","message":"audit_log_created","tenantId":"317ad399-c3d7-47f5-b1ff-89a23e04929a","actorUserId":"ce68ae7d-beb0-4df9-baff-54b30680fe01","action":"mobilization_expiration.scan","entityType":"worker_credential","entityId":"4a5ba880-9be5-4269-a118-97b02f225aba"}
{"timestamp":"2026-10-05T18:04:54.833Z","category":"Event","message":"event_created","tenantId":"317ad399-c3d7-47f5-b1ff-89a23e04929a","actorUserId":"ce68ae7d-beb0-4df9-baff-54b30680fe01","eventId":"f6536900-caad-41b2-ac19-0897723a1aea","eventType":"vehicle_assignment.inspection_expired","aggregateType":"vehicle_assignment","aggregateId":"986d97bd-ad3d-4a73-83b0-b46fb1051163"}
{"timestamp":"2026-10-05T18:04:54.834Z","category":"Audit","message":"audit_log_created","tenantId":"317ad399-c3d7-47f5-b1ff-89a23e04929a","actorUserId":"ce68ae7d-beb0-4df9-baff-54b30680fe01","action":"mobilization_expiration.scan","entityType":"vehicle_assignment","entityId":"986d97bd-ad3d-4a73-83b0-b46fb1051163"}
{"timestamp":"2026-10-05T18:04:54.840Z","category":"Event","message":"event_created","tenantId":"317ad399-c3d7-47f5-b1ff-89a23e04929a","actorUserId":"ce68ae7d-beb0-4df9-baff-54b30680fe01","eventId":"4a9772f8-e671-4d29-942a-b80656d4405b","eventType":"mobilization_readiness.changed","aggregateType":"mobilization_readiness","aggregateId":"3162b8cd-1f5c-4b51-adb8-7b375271cbf5"}
{"timestamp":"2026-10-05T18:04:54.841Z","category":"Audit","message":"audit_log_created","tenantId":"317ad399-c3d7-47f5-b1ff-89a23e04929a","actorUserId":"ce68ae7d-beb0-4df9-baff-54b30680fe01","action":"mobilization_readiness.source_event_invalidate","entityType":"mobilization_readiness","entityId":"3162b8cd-1f5c-4b51-adb8-7b375271cbf5"}
{"timestamp":"2026-10-05T18:04:54.843Z","category":"Event","message":"event_created","tenantId":"317ad399-c3d7-47f5-b1ff-89a23e04929a","actorUserId":"ce68ae7d-beb0-4df9-baff-54b30680fe01","eventId":"2326d755-cc22-4b6e-9187-4712bb578291","eventType":"mobilization_override.expired","aggregateType":"mobilization_override","aggregateId":"6edd74b1-d623-4fef-92ab-a5bfa853fc3d"}
{"timestamp":"2026-10-05T18:04:54.844Z","category":"Audit","message":"audit_log_created","tenantId":"317ad399-c3d7-47f5-b1ff-89a23e04929a","actorUserId":"ce68ae7d-beb0-4df9-baff-54b30680fe01","action":"mobilization_expiration.scan","entityType":"mobilization_override","entityId":"6edd74b1-d623-4fef-92ab-a5bfa853fc3d"}
{"timestamp":"2026-10-05T18:04:54.848Z","category":"Event","message":"event_created","tenantId":"317ad399-c3d7-47f5-b1ff-89a23e04929a","actorUserId":"ce68ae7d-beb0-4df9-baff-54b30680fe01","eventId":"85c59edc-891a-4a0a-b0d2-17471d828d56","eventType":"mobilization_readiness.changed","aggregateType":"mobilization_readiness","aggregateId":"b8a9d78d-dac6-4838-a0c0-f908e023565f"}
{"timestamp":"2026-10-05T18:04:54.849Z","category":"Audit","message":"audit_log_created","tenantId":"317ad399-c3d7-47f5-b1ff-89a23e04929a","actorUserId":"ce68ae7d-beb0-4df9-baff-54b30680fe01","action":"mobilization_readiness.source_event_invalidate","entityType":"mobilization_readiness","entityId":"b8a9d78d-dac6-4838-a0c0-f908e023565f"}
{"timestamp":"2026-10-05T18:04:54.851Z","category":"Event","message":"event_created","tenantId":"317ad399-c3d7-47f5-b1ff-89a23e04929a","actorUserId":"ce68ae7d-beb0-4df9-baff-54b30680fe01","eventId":"467528cc-164d-47af-81e9-109054ec1f48","eventType":"mobilization_decision.expired","aggregateType":"mobilization_decision","aggregateId":"cb029423-96b8-4ae9-81c0-3a30f51bfe55"}
{"timestamp":"2026-10-05T18:04:54.852Z","category":"Audit","message":"audit_log_created","tenantId":"317ad399-c3d7-47f5-b1ff-89a23e04929a","actorUserId":"ce68ae7d-beb0-4df9-baff-54b30680fe01","action":"mobilization_expiration.scan","entityType":"mobilization_decision","entityId":"cb029423-96b8-4ae9-81c0-3a30f51bfe55"}
{"timestamp":"2026-10-05T18:04:54.856Z","category":"Event","message":"event_created","tenantId":"317ad399-c3d7-47f5-b1ff-89a23e04929a","actorUserId":"ce68ae7d-beb0-4df9-baff-54b30680fe01","eventId":"9685e7bf-2825-4ba9-8398-7214080924b3","eventType":"mobilization_readiness.changed","aggregateType":"mobilization_readiness","aggregateId":"19b33847-87ba-42aa-a025-703b266f0f58"}
{"timestamp":"2026-10-05T18:04:54.857Z","category":"Audit","message":"audit_log_created","tenantId":"317ad399-c3d7-47f5-b1ff-89a23e04929a","actorUserId":"ce68ae7d-beb0-4df9-baff-54b30680fe01","action":"mobilization_readiness.source_event_invalidate","entityType":"mobilization_readiness","entityId":"19b33847-87ba-42aa-a025-703b266f0f58"}
{"timestamp":"2026-10-05T18:04:54.871Z","category":"Event","message":"event_created","tenantId":"317ad399-c3d7-47f5-b1ff-89a23e04929a","actorUserId":"ce68ae7d-beb0-4df9-baff-54b30680fe01","eventId":"8dca1024-0c92-47e1-9421-d1fb3b3203da","eventType":"partner_insurance_policy.expired","aggregateType":"partner_insurance_policy","aggregateId":"564ead94-8715-4bdf-889d-2bef1dbdf027"}
{"timestamp":"2026-10-05T18:04:54.872Z","category":"Audit","message":"audit_log_created","tenantId":"317ad399-c3d7-47f5-b1ff-89a23e04929a","actorUserId":"ce68ae7d-beb0-4df9-baff-54b30680fe01","action":"mobilization_expiration.scan","entityType":"partner_insurance_policy","entityId":"564ead94-8715-4bdf-889d-2bef1dbdf027"}
{"timestamp":"2026-10-05T18:04:54.875Z","category":"Event","message":"event_created","tenantId":"317ad399-c3d7-47f5-b1ff-89a23e04929a","actorUserId":"ce68ae7d-beb0-4df9-baff-54b30680fe01","eventId":"6272c261-f621-4e79-8ba9-c6d63c0f0f26","eventType":"worker_credential.expired","aggregateType":"worker_credential","aggregateId":"4a5ba880-9be5-4269-a118-97b02f225aba"}
{"timestamp":"2026-10-05T18:04:54.875Z","category":"Audit","message":"audit_log_created","tenantId":"317ad399-c3d7-47f5-b1ff-89a23e04929a","actorUserId":"ce68ae7d-beb0-4df9-baff-54b30680fe01","action":"mobilization_expiration.scan","entityType":"worker_credential","entityId":"4a5ba880-9be5-4269-a118-97b02f225aba"}
{"timestamp":"2026-10-05T18:04:54.878Z","category":"Event","message":"event_created","tenantId":"317ad399-c3d7-47f5-b1ff-89a23e04929a","actorUserId":"ce68ae7d-beb0-4df9-baff-54b30680fe01","eventId":"0d9e6a53-dd01-4fdd-8297-5a5c9f6d28c5","eventType":"worker_credential.expired","aggregateType":"worker_credential","aggregateId":"4a5ba880-9be5-4269-a118-97b02f225aba"}
{"timestamp":"2026-10-05T18:04:54.878Z","category":"Audit","message":"audit_log_created","tenantId":"317ad399-c3d7-47f5-b1ff-89a23e04929a","actorUserId":"ce68ae7d-beb0-4df9-baff-54b30680fe01","action":"mobilization_expiration.scan","entityType":"worker_credential","entityId":"4a5ba880-9be5-4269-a118-97b02f225aba"}
{"timestamp":"2026-10-05T18:04:54.881Z","category":"Event","message":"event_created","tenantId":"317ad399-c3d7-47f5-b1ff-89a23e04929a","actorUserId":"ce68ae7d-beb0-4df9-baff-54b30680fe01","eventId":"d5073d9a-f2c4-4784-a72f-4639e6be0b82","eventType":"vehicle_assignment.inspection_expired","aggregateType":"vehicle_assignment","aggregateId":"986d97bd-ad3d-4a73-83b0-b46fb1051163"}
{"timestamp":"2026-10-05T18:04:54.881Z","category":"Audit","message":"audit_log_created","tenantId":"317ad399-c3d7-47f5-b1ff-89a23e04929a","actorUserId":"ce68ae7d-beb0-4df9-baff-54b30680fe01","action":"mobilization_expiration.scan","entityType":"vehicle_assignment","entityId":"986d97bd-ad3d-4a73-83b0-b46fb1051163"}
  ✓  518 [chromium] › tests/e2e/partner-mobilization-readiness.spec.ts:291:7 › P6 Partner mobilization readiness and Notice to Proceed › scheduled expiration scan invalidates time-based sources and is idempotent (236ms)
  ✓  519 [chromium] › tests/e2e/partner-mobilization-readiness.spec.ts:335:7 › P6 Partner mobilization readiness and Notice to Proceed › duplicate and older source-event replay does not duplicate or restore authorization (124ms)
  ✓  520 [chromium] › tests/e2e/partner-performance-capacity.spec.ts:34:7 › P14 Partner performance, reputation, and capacity intelligence › recalculation creates one explainable versioned score snapshot and is idempotent (46ms)
  ✓  521 [chromium] › tests/e2e/partner-performance-capacity.spec.ts:50:7 › P14 Partner performance, reputation, and capacity intelligence › Daily Report timeliness uses operational timezone and leaves missing timezone unevaluated (192ms)
  ✓  522 [chromium] › tests/e2e/partner-performance-capacity.spec.ts:77:7 › P14 Partner performance, reputation, and capacity intelligence › quality, sample size, mixed units, and critical risk stay separate and explainable (33ms)
  ✓  523 [chromium] › tests/e2e/partner-performance-capacity.spec.ts:97:7 › P14 Partner performance, reputation, and capacity intelligence › capacity intelligence distinguishes verified ready capacity from unverified stated capacity (101ms)
  ✓  524 [chromium] › tests/e2e/partner-performance-capacity.spec.ts:115:7 › P14 Partner performance, reputation, and capacity intelligence › run-once scheduled scan is locked, idempotent, and time-sensitive for capacity horizons and critical risk (66ms)
  ✓  525 [chromium] › tests/e2e/partner-performance-capacity.spec.ts:135:7 › P14 Partner performance, reputation, and capacity intelligence › Partner Admin sees only own safe scorecard; Foreman and cross-tenant access are denied (20ms)
  ✓  526 [chromium] › tests/e2e/partner-portal-shell.spec.ts:43:7 › P7 Partner Portal shell › Partner Admin enters dashboard with safe P1-P6 operational summary (841ms)
  ✓  527 [chromium] › tests/e2e/partner-portal-shell.spec.ts:79:7 › P7 Partner Portal shell › Partner Admin workspaces expose safe company, workforce, agreement, vehicle, and mobilization views (1.9s)
  ✓  528 [chromium] › tests/e2e/partner-portal-shell.spec.ts:120:7 › P7 Partner Portal shell › Partner Foreman receives field-focused navigation and no company-sensitive workspaces (1.3s)
  ✓  529 [chromium] › tests/e2e/partner-portal-shell.spec.ts:153:7 › P7 Partner Portal shell › guessed IDs and cross-Partner scope do not broaden Partner Portal access (1.1s)
  ✓  530 [chromium] › tests/e2e/partner-portal-shell.spec.ts:172:7 › P7 Partner Portal shell › Partner and SyncField shells reach terminal UI states without browser dialogs or client organization scope (1.3s)
  ✓  531 [chromium] › tests/e2e/partner-workforce-credentials.spec.ts:38:7 › P4 Partner crews, workers, credentials, and secure headshots › Partner Admin creates own Workers but cannot cross Partner scope or self-approve (93ms)
  ✓  532 [chromium] › tests/e2e/partner-workforce-credentials.spec.ts:72:7 › P4 Partner crews, workers, credentials, and secure headshots › Headshot upload stores actual bytes and enforces tenant, Partner, and persona authorization (118ms)
  ✓  533 [chromium] › tests/e2e/partner-workforce-credentials.spec.ts:110:7 › P4 Partner crews, workers, credentials, and secure headshots › Credentials are Partner-scoped, review-only internally, and readiness blocks on unverified or expired required credentials (184ms)
  ✓  534 [chromium] › tests/e2e/partner-workforce-credentials.spec.ts:142:7 › P4 Partner crews, workers, credentials, and secure headshots › Crews preserve membership history, foreman links gate Foreman roster/headshot access, and readiness is derived (427ms)
  ✓  535 [chromium] › tests/e2e/partner-workforce-credentials.spec.ts:183:7 › P4 Partner crews, workers, credentials, and secure headshots › events and audit payloads omit restricted PII and file storage details (117ms)
{"timestamp":"2026-10-05T18:05:03.616Z","category":"Event","message":"event_created","tenantId":"5645c4ae-30ae-40cd-9231-57da9f5dd361","actorUserId":"61e2b14b-b7d2-4a60-b0b6-09830276ad49","eventId":"406be722-89bd-40f0-8575-5cf6fe703583","eventType":"contractor_payable.eligibility_changed","aggregateType":"contractor_payable","aggregateId":"cdd30b4f-b66a-4983-8bb0-7ce8c677ddda"}
{"timestamp":"2026-10-05T18:05:03.618Z","category":"Audit","message":"audit_log_created","tenantId":"5645c4ae-30ae-40cd-9231-57da9f5dd361","actorUserId":"61e2b14b-b7d2-4a60-b0b6-09830276ad49","action":"contractor_payable.eligibility_changed","entityType":"contractor_payable","entityId":"cdd30b4f-b66a-4983-8bb0-7ce8c677ddda"}
  ✓  536 [chromium] › tests/e2e/payment-retainage-adjustments.spec.ts:39:7 › P13 payment, retainage, and controlled financial adjustments › eligible Contractor Payable creates, submits, and confirms one Partner payment instruction (205ms)
  ✓  537 [chromium] › tests/e2e/payment-retainage-adjustments.spec.ts:79:7 › P13 payment, retainage, and controlled financial adjustments › failed provider attempt preserves history and releases in-flight amount for retry (87ms)
  ✓  538 [chromium] › tests/e2e/payment-retainage-adjustments.spec.ts:97:7 › P13 payment, retainage, and controlled financial adjustments › retainage release creates separate payable and preserves original retained history (220ms)
  ✓  539 [chromium] › tests/e2e/payment-retainage-adjustments.spec.ts:143:7 › P13 payment, retainage, and controlled financial adjustments › controlled adjustment preserves issued invoice and Partner payment view remains scoped and redacted (39ms)
{"timestamp":"2026-10-05T18:05:04.415Z","category":"Event","message":"event_created","tenantId":"2d311efc-2ee8-4344-ad75-920a680f8161","actorUserId":"19dbe7d9-2fac-4664-abca-b37305ba7286","eventId":"a3ab6f92-08f1-4cfb-995f-2e3a9501eb8a","eventType":"contractor_payable.eligibility_changed","aggregateType":"contractor_payable","aggregateId":"82eeec69-ff95-4891-aafe-92150fcbf5dc"}
{"timestamp":"2026-10-05T18:05:04.417Z","category":"Audit","message":"audit_log_created","tenantId":"2d311efc-2ee8-4344-ad75-920a680f8161","actorUserId":"19dbe7d9-2fac-4664-abca-b37305ba7286","action":"contractor_payable.eligibility_changed","entityType":"contractor_payable","entityId":"82eeec69-ff95-4891-aafe-92150fcbf5dc"}
  ✓  540 [chromium] › tests/e2e/payment-retainage-adjustments.spec.ts:307:5 › external payment records are idempotent, evidence-backed, and serialized against concurrent overpayment (330ms)
{"timestamp":"2026-10-05T18:05:04.753Z","category":"Event","message":"event_created","tenantId":"1962de4c-f426-4f69-b58a-2c2f050d2866","actorUserId":"2c2659ca-eef3-40be-a650-f0feb25e9e9b","eventId":"c20adbbc-5791-464c-9b35-9ab9da130f26","eventType":"contractor_payable.eligibility_changed","aggregateType":"contractor_payable","aggregateId":"8a934541-41a7-4577-8e2a-5478eb831e1a"}
{"timestamp":"2026-10-05T18:05:04.755Z","category":"Audit","message":"audit_log_created","tenantId":"1962de4c-f426-4f69-b58a-2c2f050d2866","actorUserId":"2c2659ca-eef3-40be-a650-f0feb25e9e9b","action":"contractor_payable.eligibility_changed","entityType":"contractor_payable","entityId":"8a934541-41a7-4577-8e2a-5478eb831e1a"}
  ✓  541 [chromium] › tests/e2e/payment-retainage-adjustments.spec.ts:345:5 › competing pending retainage authorizations cannot exceed the remaining balance (399ms)
{"timestamp":"2026-10-05T18:05:05.158Z","category":"Event","message":"event_created","tenantId":"343b57a5-ef53-4f96-ba81-337b756a2c5b","actorUserId":"982a7267-39f3-44fa-a462-34eec209a413","eventId":"f83b21ec-9b34-49dc-b1f0-d7a008a18fe4","eventType":"contractor_payable.eligibility_changed","aggregateType":"contractor_payable","aggregateId":"4bb29698-edbd-40d8-bcc6-d404dc162a64"}
{"timestamp":"2026-10-05T18:05:05.160Z","category":"Audit","message":"audit_log_created","tenantId":"343b57a5-ef53-4f96-ba81-337b756a2c5b","actorUserId":"982a7267-39f3-44fa-a462-34eec209a413","action":"contractor_payable.eligibility_changed","entityType":"contractor_payable","entityId":"4bb29698-edbd-40d8-bcc6-d404dc162a64"}
  ✓  542 [chromium] › tests/e2e/payment-retainage-adjustments.spec.ts:366:5 › payment advancement rejects unverified agreements and duplicate payable exposure (242ms)
{"timestamp":"2026-10-05T18:05:05.498Z","category":"Event","message":"event_created","tenantId":"706fdd41-c9a0-4274-ab38-52314973e3de","actorUserId":"30c8960e-9c78-483a-94b7-57241032bbc6","eventId":"067fce22-f463-4eec-9e0e-582226618e62","eventType":"contractor_payable.eligibility_changed","aggregateType":"contractor_payable","aggregateId":"38e2483d-af2e-4ada-bd94-a9c085389808"}
{"timestamp":"2026-10-05T18:05:05.500Z","category":"Audit","message":"audit_log_created","tenantId":"706fdd41-c9a0-4274-ab38-52314973e3de","actorUserId":"30c8960e-9c78-483a-94b7-57241032bbc6","action":"contractor_payable.eligibility_changed","entityType":"contractor_payable","entityId":"38e2483d-af2e-4ada-bd94-a9c085389808"}
  ✓  543 [chromium] › tests/e2e/payment-retainage-adjustments.spec.ts:383:5 › finance review UI retains unmatched observations without posting payments and hides controls from foremen (994ms)
  ✓  544 [chromium] › tests/e2e/personas/minimum-personas.spec.ts:17:7 › Minimum persona permission certification › system admin has broad workspace and action visibility (1.0s)
  ✓  545 [chromium] › tests/e2e/personas/minimum-personas.spec.ts:30:7 › Minimum persona permission certification › operations manager can read execution but backend denies finance mutation (715ms)
  ✓  546 [chromium] › tests/e2e/personas/minimum-personas.spec.ts:41:7 › Minimum persona permission certification › finance user can read finance workspaces and lacks production mutation permissions (784ms)
  ✓  547 [chromium] › tests/e2e/personas/minimum-personas.spec.ts:54:7 › Minimum persona permission certification › read-only auditor can read but cannot create or mutate (675ms)
  ✓  548 [chromium] › tests/e2e/production-readiness.spec.ts:42:7 › P17 production readiness release-candidate acceptance › onboarding to mobilization facts are scoped and canonical (2ms)
  ✓  549 [chromium] › tests/e2e/production-readiness.spec.ts:58:7 › P17 production readiness release-candidate acceptance › field-day and offline operating envelope preserve submitted production exactly once (3ms)
  ✓  550 [chromium] › tests/e2e/production-readiness.spec.ts:68:7 › P17 production readiness release-candidate acceptance › Customer QC, correction, reinspection, and accepted quantity remain lineage-safe (3ms)
  ✓  551 [chromium] › tests/e2e/production-readiness.spec.ts:90:7 › P17 production readiness release-candidate acceptance › billing, cash, payable, and executive finance KPIs keep Customer AR separate from Partner AP (50ms)
  ✓  552 [chromium] › tests/e2e/production-readiness.spec.ts:100:7 › P17 production readiness release-candidate acceptance › historical payable without accepted-work settlement items cannot advance to payment (14ms)
  ✓  553 [chromium] › tests/e2e/production-readiness.spec.ts:109:7 › P17 production readiness release-candidate acceptance › performance, opportunity matching, and command intelligence are recommendation-only (93ms)
  ✓  554 [chromium] › tests/e2e/production-readiness.spec.ts:121:7 › P17 production readiness release-candidate acceptance › generic-route bypass and cross-tenant attacks are denied (66ms)
  ✓  555 [chromium] › tests/e2e/production-readiness.spec.ts:137:7 › P17 production readiness release-candidate acceptance › Partner Foreman has no finance, ranking, Command Center, or sensitive data access (27ms)
  ✓  556 [chromium] › tests/e2e/production-readiness.spec.ts:147:7 › P17 production readiness release-candidate acceptance › Partner Admin cannot see competitor intelligence or internal command data (18ms)
  ✓  557 [chromium] › tests/e2e/production-readiness.spec.ts:156:7 › P17 production readiness release-candidate acceptance › critical drill-through routes enforce each internal release user's permissions (1.0s)
  ✓  558 [chromium] › tests/e2e/production-readiness.spec.ts:181:7 › P17 production readiness release-candidate acceptance › scheduler/idempotency and sensitive-payload release checks hold (72ms)
  ✓  559 [chromium] › tests/e2e/route-matrix.spec.ts:11:9 › Browser E2E route matrix › Growth / Intelligence: /intelligence (746ms)
  ✓  560 [chromium] › tests/e2e/route-matrix.spec.ts:11:9 › Browser E2E route matrix › Growth / Intelligence: /intelligence/signals (744ms)
  ✓  561 [chromium] › tests/e2e/route-matrix.spec.ts:11:9 › Browser E2E route matrix › Growth / Intelligence: /intelligence/signals/a0d4da94-a197-538f-ba6c-371154494228 (696ms)
  ✓  562 [chromium] › tests/e2e/route-matrix.spec.ts:11:9 › Browser E2E route matrix › Growth / Intelligence: /intelligence/account-onboarding (755ms)
  ✓  563 [chromium] › tests/e2e/route-matrix.spec.ts:11:9 › Browser E2E route matrix › Growth / Intelligence: /intelligence/organizations (703ms)
  ✓  564 [chromium] › tests/e2e/route-matrix.spec.ts:11:9 › Browser E2E route matrix › Growth / Intelligence: /intelligence/organizations/new (703ms)
  ✓  565 [chromium] › tests/e2e/route-matrix.spec.ts:11:9 › Browser E2E route matrix › Growth / Intelligence: /intelligence/organizations/432e658f-4058-51e2-bd24-f0b644f431a5 (782ms)
  ✓  566 [chromium] › tests/e2e/route-matrix.spec.ts:11:9 › Browser E2E route matrix › Growth / Intelligence: /intelligence/organizations/432e658f-4058-51e2-bd24-f0b644f431a5/edit (741ms)
  ✓  567 [chromium] › tests/e2e/route-matrix.spec.ts:11:9 › Browser E2E route matrix › Growth / Intelligence: /intelligence/contacts (683ms)
  ✓  568 [chromium] › tests/e2e/route-matrix.spec.ts:11:9 › Browser E2E route matrix › Growth / Intelligence: /intelligence/contacts/new (743ms)
  ✓  569 [chromium] › tests/e2e/route-matrix.spec.ts:11:9 › Browser E2E route matrix › Growth / Intelligence: /intelligence/contacts/44210d51-0251-5c85-a581-5149f269f21a (779ms)
  ✓  570 [chromium] › tests/e2e/route-matrix.spec.ts:11:9 › Browser E2E route matrix › Growth / Intelligence: /intelligence/contacts/44210d51-0251-5c85-a581-5149f269f21a/edit (695ms)
  ✓  571 [chromium] › tests/e2e/route-matrix.spec.ts:11:9 › Browser E2E route matrix › Growth / Intelligence: /intelligence/relationship-maps (751ms)
  ✓  572 [chromium] › tests/e2e/route-matrix.spec.ts:11:9 › Browser E2E route matrix › Growth / Intelligence: /intelligence/relationship-maps/new (736ms)
  ✓  573 [chromium] › tests/e2e/route-matrix.spec.ts:11:9 › Browser E2E route matrix › Growth / Intelligence: /intelligence/relationship-maps/b7edc55d-4170-508a-8867-088de5d63bb7 (717ms)
  ✓  574 [chromium] › tests/e2e/route-matrix.spec.ts:11:9 › Browser E2E route matrix › Growth / Intelligence: /intelligence/relationship-maps/b7edc55d-4170-508a-8867-088de5d63bb7/edit (827ms)
  ✓  575 [chromium] › tests/e2e/route-matrix.spec.ts:11:9 › Browser E2E route matrix › Opportunity / Coverage: /opportunities (825ms)
  ✓  576 [chromium] › tests/e2e/route-matrix.spec.ts:11:9 › Browser E2E route matrix › Opportunity / Coverage: /opportunities/candidates (708ms)
  ✓  577 [chromium] › tests/e2e/route-matrix.spec.ts:11:9 › Browser E2E route matrix › Opportunity / Coverage: /opportunities/candidates/new (714ms)
  ✓  578 [chromium] › tests/e2e/route-matrix.spec.ts:11:9 › Browser E2E route matrix › Opportunity / Coverage: /opportunities/candidates/6ac46226-5759-5192-98d2-47dbaea00b12 (836ms)
  ✓  579 [chromium] › tests/e2e/route-matrix.spec.ts:11:9 › Browser E2E route matrix › Opportunity / Coverage: /opportunities/candidates/6ac46226-5759-5192-98d2-47dbaea00b12/edit (747ms)
  ✓  580 [chromium] › tests/e2e/route-matrix.spec.ts:11:9 › Browser E2E route matrix › Opportunity / Coverage: /opportunities/pipeline (740ms)
  ✓  581 [chromium] › tests/e2e/route-matrix.spec.ts:11:9 › Browser E2E route matrix › Opportunity / Coverage: /opportunities/new (748ms)
  ✓  582 [chromium] › tests/e2e/route-matrix.spec.ts:11:9 › Browser E2E route matrix › Opportunity / Coverage: /opportunities/4cd11c9f-64e0-519e-9a00-248720684e97 (825ms)
  ✓  583 [chromium] › tests/e2e/route-matrix.spec.ts:11:9 › Browser E2E route matrix › Opportunity / Coverage: /opportunities/4cd11c9f-64e0-519e-9a00-248720684e97/edit (743ms)
  ✓  584 [chromium] › tests/e2e/route-matrix.spec.ts:11:9 › Browser E2E route matrix › Opportunity / Coverage: /opportunities/coverage (771ms)
  ✓  585 [chromium] › tests/e2e/route-matrix.spec.ts:11:9 › Browser E2E route matrix › Opportunity / Coverage: /opportunities/coverage/new (705ms)
  ✓  586 [chromium] › tests/e2e/route-matrix.spec.ts:11:9 › Browser E2E route matrix › Opportunity / Coverage: /opportunities/coverage/6c2adb9e-689f-5924-87d2-7fa46c416165 (740ms)
  ✓  587 [chromium] › tests/e2e/route-matrix.spec.ts:11:9 › Browser E2E route matrix › Opportunity / Coverage: /opportunities/coverage/6c2adb9e-689f-5924-87d2-7fa46c416165/edit (772ms)
  ✓  588 [chromium] › tests/e2e/route-matrix.spec.ts:11:9 › Browser E2E route matrix › Execution: /projects (716ms)
  ✓  589 [chromium] › tests/e2e/route-matrix.spec.ts:11:9 › Browser E2E route matrix › Execution: /projects/3e8fdeb8-dece-5285-833d-db832a5180fd (694ms)
  ✓  590 [chromium] › tests/e2e/route-matrix.spec.ts:11:9 › Browser E2E route matrix › Execution: /projects/3e8fdeb8-dece-5285-833d-db832a5180fd/edit (1.0s)
  ✓  591 [chromium] › tests/e2e/route-matrix.spec.ts:11:9 › Browser E2E route matrix › Execution: /work-orders (660ms)
  ✓  592 [chromium] › tests/e2e/route-matrix.spec.ts:11:9 › Browser E2E route matrix › Execution: /work-orders/new (746ms)
  ✓  593 [chromium] › tests/e2e/route-matrix.spec.ts:11:9 › Browser E2E route matrix › Execution: /work-orders/6059ac12-783a-5172-a229-0213f1569b13 (741ms)
  ✓  594 [chromium] › tests/e2e/route-matrix.spec.ts:11:9 › Browser E2E route matrix › Execution: /work-orders/6059ac12-783a-5172-a229-0213f1569b13/edit (746ms)
  ✓  595 [chromium] › tests/e2e/route-matrix.spec.ts:11:9 › Browser E2E route matrix › Execution: /production (789ms)
  ✓  596 [chromium] › tests/e2e/route-matrix.spec.ts:11:9 › Browser E2E route matrix › Execution: /production/new (722ms)
  ✓  597 [chromium] › tests/e2e/route-matrix.spec.ts:11:9 › Browser E2E route matrix › Execution: /production/d07f0f37-b932-50c0-a3c2-f007b62be454 (765ms)
  ✓  598 [chromium] › tests/e2e/route-matrix.spec.ts:11:9 › Browser E2E route matrix › Execution: /production/d07f0f37-b932-50c0-a3c2-f007b62be454/edit (782ms)
  ✓  599 [chromium] › tests/e2e/route-matrix.spec.ts:11:9 › Browser E2E route matrix › Execution: /qc (725ms)
  ✓  600 [chromium] › tests/e2e/route-matrix.spec.ts:11:9 › Browser E2E route matrix › Execution: /qc/new (759ms)
  ✓  601 [chromium] › tests/e2e/route-matrix.spec.ts:11:9 › Browser E2E route matrix › Execution: /qc/6d64587a-51d3-5b2b-b7c2-10eacd7b7789 (804ms)
  ✓  602 [chromium] › tests/e2e/route-matrix.spec.ts:11:9 › Browser E2E route matrix › Execution: /qc/6d64587a-51d3-5b2b-b7c2-10eacd7b7789/edit (819ms)
  ✓  603 [chromium] › tests/e2e/route-matrix.spec.ts:11:9 › Browser E2E route matrix › Revenue: /billable (848ms)
  ✓  604 [chromium] › tests/e2e/route-matrix.spec.ts:11:9 › Browser E2E route matrix › Revenue: /billable/new (801ms)
  ✓  605 [chromium] › tests/e2e/route-matrix.spec.ts:11:9 › Browser E2E route matrix › Revenue: /billable/c8ec8491-f179-579d-b19e-7428149abf97 (871ms)
  ✓  606 [chromium] › tests/e2e/route-matrix.spec.ts:11:9 › Browser E2E route matrix › Revenue: /billable/c8ec8491-f179-579d-b19e-7428149abf97/edit (736ms)
  ✓  607 [chromium] › tests/e2e/route-matrix.spec.ts:11:9 › Browser E2E route matrix › Revenue: /settlements (928ms)
  ✓  608 [chromium] › tests/e2e/route-matrix.spec.ts:11:9 › Browser E2E route matrix › Revenue: /settlements/new (894ms)
  ✓  609 [chromium] › tests/e2e/route-matrix.spec.ts:11:9 › Browser E2E route matrix › Revenue: /settlements/0899699c-1cb9-5955-b337-cdfb99e94538 (805ms)
  ✓  610 [chromium] › tests/e2e/route-matrix.spec.ts:11:9 › Browser E2E route matrix › Revenue: /settlements/0899699c-1cb9-5955-b337-cdfb99e94538/edit (846ms)
  ✓  611 [chromium] › tests/e2e/route-matrix.spec.ts:11:9 › Browser E2E route matrix › Revenue: /invoices (862ms)
  ✓  612 [chromium] › tests/e2e/route-matrix.spec.ts:11:9 › Browser E2E route matrix › Revenue: /invoices/new (805ms)
  ✓  613 [chromium] › tests/e2e/route-matrix.spec.ts:11:9 › Browser E2E route matrix › Revenue: /invoices/c8c9233d-8c96-55d9-a920-04dd928234ef (858ms)
  ✓  614 [chromium] › tests/e2e/route-matrix.spec.ts:11:9 › Browser E2E route matrix › Revenue: /invoices/c8c9233d-8c96-55d9-a920-04dd928234ef/edit (905ms)
  ✓  615 [chromium] › tests/e2e/route-matrix.spec.ts:11:9 › Browser E2E route matrix › Revenue: /cash (921ms)
  ✓  616 [chromium] › tests/e2e/route-matrix.spec.ts:11:9 › Browser E2E route matrix › Revenue: /cash/receipts/new (783ms)
  ✓  617 [chromium] › tests/e2e/route-matrix.spec.ts:11:9 › Browser E2E route matrix › Revenue: /cash/receipts/9602b2c7-be2a-5abe-bb15-24dba6ef722f (775ms)
  ✓  618 [chromium] › tests/e2e/route-matrix.spec.ts:11:9 › Browser E2E route matrix › Revenue: /cash/receipts/9602b2c7-be2a-5abe-bb15-24dba6ef722f/edit (872ms)
  ✓  619 [chromium] › tests/e2e/route-matrix.spec.ts:11:9 › Browser E2E route matrix › Revenue: /payment-applications (775ms)
  ✓  620 [chromium] › tests/e2e/route-matrix.spec.ts:11:9 › Browser E2E route matrix › Revenue: /payment-applications/15a8aea5-78eb-5183-82d8-35820df26cc3 (729ms)
  ✓  621 [chromium] › tests/e2e/route-matrix.spec.ts:11:9 › Browser E2E route matrix › Revenue: /collections (749ms)
  ✓  622 [chromium] › tests/e2e/route-matrix.spec.ts:11:9 › Browser E2E route matrix › Revenue: /collections/new (783ms)
  ✓  623 [chromium] › tests/e2e/route-matrix.spec.ts:11:9 › Browser E2E route matrix › Revenue: /collections/eea202fc-fbf1-53e0-a1ee-c0c62fe22cf0 (817ms)
  ✓  624 [chromium] › tests/e2e/route-matrix.spec.ts:11:9 › Browser E2E route matrix › Revenue: /collections/eea202fc-fbf1-53e0-a1ee-c0c62fe22cf0/edit (766ms)
  ✓  625 [chromium] › tests/e2e/route-matrix.spec.ts:11:9 › Browser E2E route matrix › Revenue: /collection-actions (721ms)
  ✓  626 [chromium] › tests/e2e/route-matrix.spec.ts:11:9 › Browser E2E route matrix › Revenue: /collection-actions/4f84f07c-4653-5a25-92b6-ff1bfcf04c0e (773ms)
  ✓  627 [chromium] › tests/e2e/route-matrix.spec.ts:11:9 › Browser E2E route matrix › Cost / Labor: /contractor-payables (729ms)
  ✓  628 [chromium] › tests/e2e/route-matrix.spec.ts:11:9 › Browser E2E route matrix › Cost / Labor: /contractor-payables/new (690ms)
  ✓  629 [chromium] › tests/e2e/route-matrix.spec.ts:11:9 › Browser E2E route matrix › Cost / Labor: /contractor-payables/0532f1ae-3ea9-5722-a17d-1ef59c055c60 (713ms)
  ✓  630 [chromium] › tests/e2e/route-matrix.spec.ts:11:9 › Browser E2E route matrix › Cost / Labor: /contractor-payables/0532f1ae-3ea9-5722-a17d-1ef59c055c60/edit (788ms)
  ✓  631 [chromium] › tests/e2e/route-matrix.spec.ts:11:9 › Browser E2E route matrix › Cost / Labor: /payroll (792ms)
  ✓  632 [chromium] › tests/e2e/route-matrix.spec.ts:11:9 › Browser E2E route matrix › Cost / Labor: /payroll/new (918ms)
  ✓  633 [chromium] › tests/e2e/route-matrix.spec.ts:11:9 › Browser E2E route matrix › Cost / Labor: /payroll/9a5e24b3-f800-5af8-9ae3-ca1f5d42bfb6 (816ms)
  ✓  634 [chromium] › tests/e2e/route-matrix.spec.ts:11:9 › Browser E2E route matrix › Cost / Labor: /payroll/9a5e24b3-f800-5af8-9ae3-ca1f5d42bfb6/edit (810ms)
  ✓  635 [chromium] › tests/e2e/route-matrix.spec.ts:11:9 › Browser E2E route matrix › Cost / Labor: /payments (877ms)
  ✓  636 [chromium] › tests/e2e/route-matrix.spec.ts:11:9 › Browser E2E route matrix › Cost / Labor: /payments/new (793ms)
  ✓  637 [chromium] › tests/e2e/route-matrix.spec.ts:11:9 › Browser E2E route matrix › Cost / Labor: /payments/7123d00c-09b2-5bce-bc4a-ccffe41f0639 (782ms)
  ✓  638 [chromium] › tests/e2e/route-matrix.spec.ts:11:9 › Browser E2E route matrix › Cost / Labor: /payments/7123d00c-09b2-5bce-bc4a-ccffe41f0639/edit (772ms)
  ✓  639 [chromium] › tests/e2e/route-matrix.spec.ts:11:9 › Browser E2E route matrix › Cost / Labor: /payment-items/6a46faba-f5a3-521e-aac6-4a334c104f9e (816ms)
  ✓  640 [chromium] › tests/e2e/route-matrix.spec.ts:11:9 › Browser E2E route matrix › Verification / Accounting: /bank-reconciliation (857ms)
  ✓  641 [chromium] › tests/e2e/route-matrix.spec.ts:11:9 › Browser E2E route matrix › Verification / Accounting: /bank-reconciliation/accounts/new (823ms)
  ✓  642 [chromium] › tests/e2e/route-matrix.spec.ts:11:9 › Browser E2E route matrix › Verification / Accounting: /bank-reconciliation/accounts/46166eca-ccc1-5390-b5da-05c5d36d613f (825ms)
  ✓  643 [chromium] › tests/e2e/route-matrix.spec.ts:11:9 › Browser E2E route matrix › Verification / Accounting: /bank-reconciliation/accounts/46166eca-ccc1-5390-b5da-05c5d36d613f/edit (801ms)
  ✓  644 [chromium] › tests/e2e/route-matrix.spec.ts:11:9 › Browser E2E route matrix › Verification / Accounting: /bank-reconciliation/transactions/new (761ms)
  ✓  645 [chromium] › tests/e2e/route-matrix.spec.ts:11:9 › Browser E2E route matrix › Verification / Accounting: /bank-reconciliation/transactions/157b1af5-9bb3-5ad9-9305-1d12b7b364dd (841ms)
  ✓  646 [chromium] › tests/e2e/route-matrix.spec.ts:11:9 › Browser E2E route matrix › Verification / Accounting: /bank-reconciliation/transactions/157b1af5-9bb3-5ad9-9305-1d12b7b364dd/edit (767ms)
  ✓  647 [chromium] › tests/e2e/route-matrix.spec.ts:11:9 › Browser E2E route matrix › Verification / Accounting: /reconciliation-matches/e8e8852f-fb54-5dfa-8fc0-aa8cae22c42e (705ms)
  ✓  648 [chromium] › tests/e2e/route-matrix.spec.ts:11:9 › Browser E2E route matrix › Verification / Accounting: /accounting-exports (790ms)
  ✓  649 [chromium] › tests/e2e/route-matrix.spec.ts:11:9 › Browser E2E route matrix › Verification / Accounting: /accounting-exports/new (722ms)
  ✓  650 [chromium] › tests/e2e/route-matrix.spec.ts:11:9 › Browser E2E route matrix › Verification / Accounting: /accounting-exports/b82c2439-08d3-5f49-8bf0-5b5538884df6 (827ms)
  ✓  651 [chromium] › tests/e2e/route-matrix.spec.ts:11:9 › Browser E2E route matrix › Verification / Accounting: /accounting-exports/b82c2439-08d3-5f49-8bf0-5b5538884df6/edit (766ms)
  ✓  652 [chromium] › tests/e2e/route-matrix.spec.ts:11:9 › Browser E2E route matrix › Verification / Accounting: /accounting-export-items/012a13a5-3f55-5523-a45c-d5f79a5367e0 (941ms)
  ✓  653 [chromium] › tests/e2e/syncfield-customer-qc.spec.ts:56:7 › P10 Customer QC intake, correction relay, and reinspection › production gate, Work Order codes, and field UI hydrate without rates (966ms)
  ✓  654 [chromium] › tests/e2e/syncfield-customer-qc.spec.ts:85:7 › P10 Customer QC intake, correction relay, and reinspection › browser offline queue persists and automatically replays Asset, Route, and Daily production exactly once (2.2s)
  ✓  655 [chromium] › tests/e2e/syncfield-customer-qc.spec.ts:122:7 › P10 Customer QC intake, correction relay, and reinspection › offline replay revalidates lost production-start authorization and keeps failed work traceable (1.3s)
  ✓  656 [chromium] › tests/e2e/syncfield-customer-qc.spec.ts:146:7 › P10 Customer QC intake, correction relay, and reinspection › Asset, Route, and Daily production create authoritative records with subordinate annotations and idempotency (167ms)
  ✓  657 [chromium] › tests/e2e/syncfield-customer-qc.spec.ts:170:7 › P10 Customer QC intake, correction relay, and reinspection › submission creates immutable revision snapshot and blocks ordinary edits without QC or finance (920ms)
  ✓  658 [chromium] › tests/e2e/syncfield-customer-qc.spec.ts:204:7 › P10 Customer QC intake, correction relay, and reinspection › field evidence is scoped, idempotent, readable by QC and rejects disguised files; incidents persist (777ms)
  ✓  659 [chromium] › tests/e2e/syncfield-customer-qc.spec.ts:218:7 › P10 Customer QC intake, correction relay, and reinspection › Customer QC intake preserves reported quantities and creates Partner-safe correction history without finance (1.4s)
  ✓  660 [chromium] › tests/e2e/syncfield-customer-qc.spec.ts:303:7 › P10 Customer QC intake, correction relay, and reinspection › prime policy derives deadlines from original receipt and preserves scheduled dates across revisions (1.3s)
  ✓  661 [chromium] › tests/e2e/syncfield-customer-qc.spec.ts:343:7 › P10 Customer QC intake, correction relay, and reinspection › Partner correction resubmission creates Revision 2 and Customer reinspection cycle without reopening Revision 1 (1.3s)
  ✓  662 [chromium] › tests/e2e/syncfield-customer-qc.spec.ts:404:7 › P10 Customer QC intake, correction relay, and reinspection › submitted-report offline conflict does not reopen the report or create production (1.1s)
  ✓  663 [chromium] › tests/e2e/syncfield-customer-qc.spec.ts:419:7 › P10 Customer QC intake, correction relay, and reinspection › Partner-local queue isolation hides pending field work after account switch (1.4s)
  ✓  664 [chromium] › tests/e2e/syncfield-customer-qc.spec.ts:432:7 › P10 Customer QC intake, correction relay, and reinspection › Partner Admin receives safe read-only report and duplicate submitted work requires traceability (1.1s)
  ✓  665 [chromium] › tests/e2e/syncfield-customer-qc.spec.ts:452:7 › P10 Customer QC intake, correction relay, and reinspection › extended correction keeps authorized code, map and evidence in immutable revision and rejects unrelated references (593ms)
  ✓  666 [chromium] › tests/e2e/syncfield-customer-qc.spec.ts:494:7 › P10 Customer QC intake, correction relay, and reinspection › the same Partner field work reaches accepted billing, funded payable and one external payment (628ms)
  ✓  667 [chromium] › tests/e2e/syncfield-daily-production.spec.ts:61:7 › P9 SyncField Daily Production, map annotation, offline queue, and submission › production gate, Work Order codes, and field UI hydrate without rates (983ms)
  ✓  668 [chromium] › tests/e2e/syncfield-daily-production.spec.ts:95:7 › P9 SyncField Daily Production, map annotation, offline queue, and submission › changed safety conditions preserve the signed revision and block production until renewed review (157ms)
  ✓  669 [chromium] › tests/e2e/syncfield-daily-production.spec.ts:111:7 › P9 SyncField Daily Production, map annotation, offline queue, and submission › partner crew independently acknowledges, obtains pre-bore approval and completes ordered utility-strike restart (673ms)
  ✓  670 [chromium] › tests/e2e/syncfield-daily-production.spec.ts:115:7 › P9 SyncField Daily Production, map annotation, offline queue, and submission › evidence survives lost responses, reload and offline capture without duplicate uploads (2.1s)
  ✓  671 [chromium] › tests/e2e/syncfield-daily-production.spec.ts:151:7 › P9 SyncField Daily Production, map annotation, offline queue, and submission › large evidence resumes received chunks after reload and stores one original (2.1s)
  ✓  672 [chromium] › tests/e2e/syncfield-daily-production.spec.ts:159:7 › P9 SyncField Daily Production, map annotation, offline queue, and submission › incident device draft survives disconnect and lost response without duplicate records or audit (2.1s)
  ✓  673 [chromium] › tests/e2e/syncfield-daily-production.spec.ts:184:7 › P9 SyncField Daily Production, map annotation, offline queue, and submission › browser offline queue persists and automatically replays Asset, Route, and Daily production exactly once (2.4s)
  ✓  674 [chromium] › tests/e2e/syncfield-daily-production.spec.ts:225:7 › P9 SyncField Daily Production, map annotation, offline queue, and submission › offline replay revalidates lost production-start authorization and keeps failed work traceable (1.3s)
  ✓  675 [chromium] › tests/e2e/syncfield-daily-production.spec.ts:249:7 › P9 SyncField Daily Production, map annotation, offline queue, and submission › Asset, Route, and Daily production create authoritative records with subordinate annotations and idempotency (312ms)
  ✓  676 [chromium] › tests/e2e/syncfield-daily-production.spec.ts:291:7 › P9 SyncField Daily Production, map annotation, offline queue, and submission › a crew work shutdown blocks new records and requires authorized release (219ms)
  ✓  677 [chromium] › tests/e2e/syncfield-daily-production.spec.ts:319:7 › P9 SyncField Daily Production, map annotation, offline queue, and submission › DesignSegment, pole observations, and redline completion preserve design, ticks, authority, and idempotency (1.3s)
  ✓  678 [chromium] › tests/e2e/syncfield-daily-production.spec.ts:597:7 › P9 SyncField Daily Production, map annotation, offline queue, and submission › submission creates immutable revision snapshot and blocks ordinary edits without QC or finance (1.6s)
  ✓  679 [chromium] › tests/e2e/syncfield-daily-production.spec.ts:669:7 › P9 SyncField Daily Production, map annotation, offline queue, and submission › submitted-report offline conflict does not reopen the report or create production (1.2s)
  ✓  680 [chromium] › tests/e2e/syncfield-daily-production.spec.ts:684:7 › P9 SyncField Daily Production, map annotation, offline queue, and submission › Partner-local queue isolation hides pending field work after account switch (1.5s)
  ✓  681 [chromium] › tests/e2e/syncfield-daily-production.spec.ts:697:7 › P9 SyncField Daily Production, map annotation, offline queue, and submission › Partner Admin receives safe read-only report and duplicate submitted work requires traceability (1.1s)
  ✓  682 [chromium] › tests/e2e/syncfield-daily-production.spec.ts:721:7 › P9 SyncField Daily Production, map annotation, offline queue, and submission › required evidence blocks missing and unreadable handoffs, preserves originals and pins approved requirements (2.5s)
  ✓  683 [chromium] › tests/e2e/syncfield-daily-production.spec.ts:784:7 › P9 SyncField Daily Production, map annotation, offline queue, and submission › quantity reconciliation excludes rock subsets and overlapping summaries and protects stable work identities (373ms)
  ✓  684 [chromium] › tests/e2e/syncfield-map-jsa.spec.ts:46:7 › P8 SyncField map foundation and Daily JSA › internal Manager creates immutable private Map Version, Work Zones, and active assignment (119ms)
  ✓  685 [chromium] › tests/e2e/syncfield-map-jsa.spec.ts:127:7 › P8 SyncField map foundation and Daily JSA › assigned forms preserve retries and stop revoked or cross-company access (184ms)
  ✓  686 [chromium] › tests/e2e/syncfield-map-jsa.spec.ts:151:7 › P8 SyncField map foundation and Daily JSA › Partner Foreman opens read-only field map and cannot cross scope or see storage internals (1.2s)
  ✓  687 [chromium] › tests/e2e/syncfield-map-jsa.spec.ts:194:7 › P8 SyncField map foundation and Daily JSA › Crew participation buttons identify the worker and announce the saved state (681ms)
  ✓  688 [chromium] › tests/e2e/syncfield-map-jsa.spec.ts:206:7 › P8 SyncField map foundation and Daily JSA › Foreman completes one Daily JSA for own Crew without changing mobilization or downstream records (971ms)
  ✓  689 [chromium] › tests/e2e/syncfield-map-jsa.spec.ts:244:7 › P8 SyncField map foundation and Daily JSA › Partner Admin sees safe JSA history and P9-era field navigation remains QC-safe (722ms)
  ✓  690 [chromium] › tests/e2e/syncfield-production-exports-dashboard.spec.ts:38:7 › P11 accepted production exports, dashboard, and operational closeout › dashboards aggregate reported vs Customer Accepted without double counting or rates (82ms)
  ✓  691 [chromium] › tests/e2e/syncfield-production-exports-dashboard.spec.ts:59:7 › P11 accepted production exports, dashboard, and operational closeout › CSV export is private, formula-safe, idempotent, and financially inert (90ms)
  ✓  692 [chromium] › tests/e2e/syncfield-production-exports-dashboard.spec.ts:95:7 › P11 accepted production exports, dashboard, and operational closeout › annotated and daily PDFs preserve original map file and include coordinate/report proof (77ms)
  ✓  693 [chromium] › tests/e2e/syncfield-production-exports-dashboard.spec.ts:125:7 › P11 accepted production exports, dashboard, and operational closeout › operational closeout distinguishes open QC/corrections and creates no financial records (110ms)
  ✓  694 [chromium] › tests/e2e/timeline-audit/representative-events.spec.ts:9:7 › Representative timeline and audit certification › system admin can read representative timelines (35ms)
  ✓  695 [chromium] › tests/e2e/timeline-audit/representative-events.spec.ts:16:7 › Representative timeline and audit certification › audit is visible to system admin and denied to read-only auditor where not granted (41ms)
  ✓  696 [chromium] › tests/e2e/workflows/accounting-export.spec.ts:12:7 › Critical skeleton: Accounting Export › opens Cedar Ridge accounting export records (815ms)
  ✓  697 [chromium] › tests/e2e/workflows/bank-reconciliation.spec.ts:12:7 › Critical skeleton: Bank Reconciliation › opens Cedar Ridge bank reconciliation records (1.0s)
  ✓  698 [chromium] › tests/e2e/workflows/cost-labor-payment.spec.ts:12:7 › Critical skeleton: Cost, labor, and payment execution › opens Cedar Ridge payable, payroll, and payment records (1.2s)
  ✓  699 [chromium] › tests/e2e/workflows/growth-to-opportunity.spec.ts:20:9 › Critical skeleton: Growth to Opportunity › opens Cedar Ridge Signal record (758ms)
  ✓  700 [chromium] › tests/e2e/workflows/growth-to-opportunity.spec.ts:20:9 › Critical skeleton: Growth to Opportunity › opens Cedar Ridge Organization record (799ms)
  ✓  701 [chromium] › tests/e2e/workflows/growth-to-opportunity.spec.ts:20:9 › Critical skeleton: Growth to Opportunity › opens Cedar Ridge Contact record (726ms)
  ✓  702 [chromium] › tests/e2e/workflows/growth-to-opportunity.spec.ts:20:9 › Critical skeleton: Growth to Opportunity › opens Cedar Ridge Relationship Map record (806ms)
  ✓  703 [chromium] › tests/e2e/workflows/growth-to-opportunity.spec.ts:20:9 › Critical skeleton: Growth to Opportunity › opens Cedar Ridge Opportunity Candidate record (813ms)
  ✓  704 [chromium] › tests/e2e/workflows/growth-to-opportunity.spec.ts:20:9 › Critical skeleton: Growth to Opportunity › opens Cedar Ridge Opportunity record (684ms)
  ✓  705 [chromium] › tests/e2e/workflows/opportunity-to-project.spec.ts:12:7 › Critical skeleton: Opportunity to Project › opens Cedar Ridge coverage and project records (1.2s)
  ✓  706 [chromium] › tests/e2e/workflows/project-to-qc.spec.ts:13:7 › Critical skeleton: Project to QC › opens Cedar Ridge execution records (1.2s)
  ✓  707 [chromium] › tests/e2e/workflows/revenue-cycle.spec.ts:12:7 › Critical skeleton: Revenue cycle › opens Cedar Ridge revenue records (1.8s)

  707 passed (10.0m)
